date,product_id,product_name,category,quantity_sold,selling_price,stock_available,day_of_week,month,season,holiday,supplier_lead_days
2024-01-01,P001,Rice,Grocery,39,61.05,220,Monday,1,Winter,1,5
2024-01-01,P002,Wheat,Grocery,22,43.44,125,Monday,1,Winter,1,5
2024-01-01,P003,Sugar,Grocery,31,48.62,165,Monday,1,Winter,1,4
2024-01-01,P004,Cooking Oil,Grocery,18,123.62,107,Monday,1,Winter,1,6
2024-01-01,P005,Milk,Dairy,47,41.18,227,Monday,1,Winter,1,2
2024-01-01,P006,Bread,Bakery,44,33.67,158,Monday,1,Winter,1,2
2024-01-01,P007,Eggs,Dairy,69,7.19,314,Monday,1,Winter,1,2
2024-01-01,P008,Biscuits,Snacks,30,29.07,36,Monday,1,Winter,1,4
2024-01-01,P009,Soap,Personal Care,11,34.64,73,Monday,1,Winter,1,7
2024-01-01,P010,Shampoo,Personal Care,8,119.46,43,Monday,1,Winter,1,7
2024-01-02,P001,Rice,Grocery,26,59.62,87,Tuesday,1,Winter,0,5
2024-01-02,P002,Wheat,Grocery,17,45.51,35,Tuesday,1,Winter,0,5
2024-01-02,P003,Sugar,Grocery,25,49.06,93,Tuesday,1,Winter,0,4
2024-01-02,P004,Cooking Oil,Grocery,13,120.36,21,Tuesday,1,Winter,0,6
2024-01-02,P005,Milk,Dairy,38,41.63,74,Tuesday,1,Winter,0,2
2024-01-02,P006,Bread,Bakery,28,36.19,130,Tuesday,1,Winter,0,2
2024-01-02,P007,Eggs,Dairy,41,6.83,61,Tuesday,1,Winter,0,2
2024-01-02,P008,Biscuits,Snacks,26,30.88,29,Tuesday,1,Winter,0,4
2024-01-02,P009,Soap,Personal Care,10,36.07,43,Tuesday,1,Winter,0,7
2024-01-02,P010,Shampoo,Personal Care,6,114.65,20,Tuesday,1,Winter,0,7
2024-01-03,P001,Rice,Grocery,26,59.4,138,Wednesday,1,Winter,0,5
2024-01-03,P002,Wheat,Grocery,17,43.71,65,Wednesday,1,Winter,0,5
2024-01-03,P003,Sugar,Grocery,26,50.31,145,Wednesday,1,Winter,0,4
2024-01-03,P004,Cooking Oil,Grocery,10,120.22,43,Wednesday,1,Winter,0,6
2024-01-03,P005,Milk,Dairy,36,39.6,56,Wednesday,1,Winter,0,2
2024-01-03,P006,Bread,Bakery,21,33.38,31,Wednesday,1,Winter,0,2
2024-01-03,P007,Eggs,Dairy,46,6.71,122,Wednesday,1,Winter,0,2
2024-01-03,P008,Biscuits,Snacks,21,28.83,49,Wednesday,1,Winter,0,4
2024-01-03,P009,Soap,Personal Care,9,35.44,88,Wednesday,1,Winter,0,7
2024-01-03,P010,Shampoo,Personal Care,6,121.84,52,Wednesday,1,Winter,0,7
2024-01-04,P001,Rice,Grocery,22,58.27,51,Thursday,1,Winter,0,5
2024-01-04,P002,Wheat,Grocery,13,43.97,95,Thursday,1,Winter,0,5
2024-01-04,P003,Sugar,Grocery,25,51.5,123,Thursday,1,Winter,0,4
2024-01-04,P004,Cooking Oil,Grocery,14,119.09,27,Thursday,1,Winter,0,6
2024-01-04,P005,Milk,Dairy,38,40.45,85,Thursday,1,Winter,0,2
2024-01-04,P006,Bread,Bakery,32,34.49,65,Thursday,1,Winter,0,2
2024-01-04,P007,Eggs,Dairy,42,6.9,90,Thursday,1,Winter,0,2
2024-01-04,P008,Biscuits,Snacks,24,30.36,29,Thursday,1,Winter,0,4
2024-01-04,P009,Soap,Personal Care,8,33.83,36,Thursday,1,Winter,0,7
2024-01-04,P010,Shampoo,Personal Care,6,120.2,92,Thursday,1,Winter,0,7
2024-01-05,P001,Rice,Grocery,25,57.13,36,Friday,1,Winter,0,5
2024-01-05,P002,Wheat,Grocery,18,46.92,84,Friday,1,Winter,0,5
2024-01-05,P003,Sugar,Grocery,17,51.94,63,Friday,1,Winter,0,4
2024-01-05,P004,Cooking Oil,Grocery,12,118.85,59,Friday,1,Winter,0,6
2024-01-05,P005,Milk,Dairy,33,38.75,188,Friday,1,Winter,0,2
2024-01-05,P006,Bread,Bakery,47,36.12,169,Friday,1,Winter,0,2
2024-01-05,P007,Eggs,Dairy,42,7.15,49,Friday,1,Winter,0,2
2024-01-05,P008,Biscuits,Snacks,20,28.69,82,Friday,1,Winter,0,4
2024-01-05,P009,Soap,Personal Care,12,36.01,74,Friday,1,Winter,0,7
2024-01-05,P010,Shampoo,Personal Care,6,117.82,80,Friday,1,Winter,0,7
2024-01-06,P001,Rice,Grocery,25,57.77,57,Saturday,1,Winter,0,5
2024-01-06,P002,Wheat,Grocery,23,42.78,48,Saturday,1,Winter,0,5
2024-01-06,P003,Sugar,Grocery,22,50.2,89,Saturday,1,Winter,0,4
2024-01-06,P004,Cooking Oil,Grocery,16,114.21,50,Saturday,1,Winter,0,6
2024-01-06,P005,Milk,Dairy,37,40.14,137,Saturday,1,Winter,0,2
2024-01-06,P006,Bread,Bakery,35,35.24,135,Saturday,1,Winter,0,2
2024-01-06,P007,Eggs,Dairy,59,7.1,193,Saturday,1,Winter,0,2
2024-01-06,P008,Biscuits,Snacks,26,30.1,133,Saturday,1,Winter,0,4
2024-01-06,P009,Soap,Personal Care,9,33.37,66,Saturday,1,Winter,0,7
2024-01-06,P010,Shampoo,Personal Care,9,116.84,31,Saturday,1,Winter,0,7
2024-01-07,P001,Rice,Grocery,21,57.66,77,Sunday,1,Winter,0,5
2024-01-07,P002,Wheat,Grocery,24,44.56,72,Sunday,1,Winter,0,5
2024-01-07,P003,Sugar,Grocery,26,51.8,63,Sunday,1,Winter,0,4
2024-01-07,P004,Cooking Oil,Grocery,15,119.87,74,Sunday,1,Winter,0,6
2024-01-07,P005,Milk,Dairy,39,41.03,231,Sunday,1,Winter,0,2
2024-01-07,P006,Bread,Bakery,36,36.1,73,Sunday,1,Winter,0,2
2024-01-07,P007,Eggs,Dairy,59,7.25,244,Sunday,1,Winter,0,2
2024-01-07,P008,Biscuits,Snacks,24,29.82,75,Sunday,1,Winter,0,4
2024-01-07,P009,Soap,Personal Care,10,36.09,27,Sunday,1,Winter,0,7
2024-01-07,P010,Shampoo,Personal Care,9,118.09,90,Sunday,1,Winter,0,7
2024-01-08,P001,Rice,Grocery,23,62.28,38,Monday,1,Winter,0,5
2024-01-08,P002,Wheat,Grocery,13,43.27,53,Monday,1,Winter,0,5
2024-01-08,P003,Sugar,Grocery,17,47.77,56,Monday,1,Winter,0,4
2024-01-08,P004,Cooking Oil,Grocery,12,116.06,30,Monday,1,Winter,0,6
2024-01-08,P005,Milk,Dairy,32,38.4,90,Monday,1,Winter,0,2
2024-01-08,P006,Bread,Bakery,40,35.32,161,Monday,1,Winter,0,2
2024-01-08,P007,Eggs,Dairy,50,7.33,84,Monday,1,Winter,0,2
2024-01-08,P008,Biscuits,Snacks,21,30.63,123,Monday,1,Winter,0,4
2024-01-08,P009,Soap,Personal Care,10,36.21,86,Monday,1,Winter,0,7
2024-01-08,P010,Shampoo,Personal Care,6,114.49,67,Monday,1,Winter,0,7
2024-01-09,P001,Rice,Grocery,23,58.1,53,Tuesday,1,Winter,0,5
2024-01-09,P002,Wheat,Grocery,16,45.01,29,Tuesday,1,Winter,0,5
2024-01-09,P003,Sugar,Grocery,22,47.51,27,Tuesday,1,Winter,0,4
2024-01-09,P004,Cooking Oil,Grocery,15,115.66,55,Tuesday,1,Winter,0,6
2024-01-09,P005,Milk,Dairy,26,41.89,133,Tuesday,1,Winter,0,2
2024-01-09,P006,Bread,Bakery,30,33.74,86,Tuesday,1,Winter,0,2
2024-01-09,P007,Eggs,Dairy,49,7.32,170,Tuesday,1,Winter,0,2
2024-01-09,P008,Biscuits,Snacks,20,30.74,68,Tuesday,1,Winter,0,4
2024-01-09,P009,Soap,Personal Care,11,34.1,51,Tuesday,1,Winter,0,7
2024-01-09,P010,Shampoo,Personal Care,6,125.86,22,Tuesday,1,Winter,0,7
2024-01-10,P001,Rice,Grocery,21,61.61,98,Wednesday,1,Winter,0,5
2024-01-10,P002,Wheat,Grocery,16,44.68,22,Wednesday,1,Winter,0,5
2024-01-10,P003,Sugar,Grocery,20,49.4,21,Wednesday,1,Winter,0,4
2024-01-10,P004,Cooking Oil,Grocery,10,124.88,34,Wednesday,1,Winter,0,6
2024-01-10,P005,Milk,Dairy,36,38.22,169,Wednesday,1,Winter,0,2
2024-01-10,P006,Bread,Bakery,26,35.61,78,Wednesday,1,Winter,0,2
2024-01-10,P007,Eggs,Dairy,51,6.88,219,Wednesday,1,Winter,0,2
2024-01-10,P008,Biscuits,Snacks,19,31.35,63,Wednesday,1,Winter,0,4
2024-01-10,P009,Soap,Personal Care,8,36.29,85,Wednesday,1,Winter,0,7
2024-01-10,P010,Shampoo,Personal Care,7,115.37,59,Wednesday,1,Winter,0,7
2024-01-11,P001,Rice,Grocery,22,58.46,85,Thursday,1,Winter,0,5
2024-01-11,P002,Wheat,Grocery,18,46.7,29,Thursday,1,Winter,0,5
2024-01-11,P003,Sugar,Grocery,23,47.83,30,Thursday,1,Winter,0,4
2024-01-11,P004,Cooking Oil,Grocery,12,117.92,20,Thursday,1,Winter,0,6
2024-01-11,P005,Milk,Dairy,37,38.23,88,Thursday,1,Winter,0,2
2024-01-11,P006,Bread,Bakery,29,33.61,84,Thursday,1,Winter,0,2
2024-01-11,P007,Eggs,Dairy,43,7.18,210,Thursday,1,Winter,0,2
2024-01-11,P008,Biscuits,Snacks,21,29.99,58,Thursday,1,Winter,0,4
2024-01-11,P009,Soap,Personal Care,8,34.01,53,Thursday,1,Winter,0,7
2024-01-11,P010,Shampoo,Personal Care,5,121.48,63,Thursday,1,Winter,0,7
2024-01-12,P001,Rice,Grocery,22,59.47,106,Friday,1,Winter,0,5
2024-01-12,P002,Wheat,Grocery,12,43.78,54,Friday,1,Winter,0,5
2024-01-12,P003,Sugar,Grocery,12,49.44,46,Friday,1,Winter,0,4
2024-01-12,P004,Cooking Oil,Grocery,12,116.36,92,Friday,1,Winter,0,6
2024-01-12,P005,Milk,Dairy,38,40.67,212,Friday,1,Winter,0,2
2024-01-12,P006,Bread,Bakery,35,35.0,163,Friday,1,Winter,0,2
2024-01-12,P007,Eggs,Dairy,38,6.72,164,Friday,1,Winter,0,2
2024-01-12,P008,Biscuits,Snacks,28,29.96,98,Friday,1,Winter,0,4
2024-01-12,P009,Soap,Personal Care,10,34.14,94,Friday,1,Winter,0,7
2024-01-12,P010,Shampoo,Personal Care,7,122.72,67,Friday,1,Winter,0,7
2024-01-13,P001,Rice,Grocery,31,58.09,62,Saturday,1,Winter,0,5
2024-01-13,P002,Wheat,Grocery,18,45.63,44,Saturday,1,Winter,0,5
2024-01-13,P003,Sugar,Grocery,22,51.04,80,Saturday,1,Winter,0,4
2024-01-13,P004,Cooking Oil,Grocery,14,115.3,83,Saturday,1,Winter,0,6
2024-01-13,P005,Milk,Dairy,40,41.24,134,Saturday,1,Winter,0,2
2024-01-13,P006,Bread,Bakery,32,34.52,161,Saturday,1,Winter,0,2
2024-01-13,P007,Eggs,Dairy,55,6.68,112,Saturday,1,Winter,0,2
2024-01-13,P008,Biscuits,Snacks,22,31.4,123,Saturday,1,Winter,0,4
2024-01-13,P009,Soap,Personal Care,9,34.83,69,Saturday,1,Winter,0,7
2024-01-13,P010,Shampoo,Personal Care,8,118.24,73,Saturday,1,Winter,0,7
2024-01-14,P001,Rice,Grocery,45,61.26,155,Sunday,1,Winter,1,5
2024-01-14,P002,Wheat,Grocery,27,46.34,46,Sunday,1,Winter,1,5
2024-01-14,P003,Sugar,Grocery,24,51.2,102,Sunday,1,Winter,1,4
2024-01-14,P004,Cooking Oil,Grocery,15,117.13,90,Sunday,1,Winter,1,6
2024-01-14,P005,Milk,Dairy,55,40.71,171,Sunday,1,Winter,1,2
2024-01-14,P006,Bread,Bakery,40,34.49,151,Sunday,1,Winter,1,2
2024-01-14,P007,Eggs,Dairy,82,7.08,443,Sunday,1,Winter,1,2
2024-01-14,P008,Biscuits,Snacks,33,31.48,73,Sunday,1,Winter,1,4
2024-01-14,P009,Soap,Personal Care,14,33.37,46,Sunday,1,Winter,1,7
2024-01-14,P010,Shampoo,Personal Care,12,118.19,55,Sunday,1,Winter,1,7
2024-01-15,P001,Rice,Grocery,24,59.41,88,Monday,1,Winter,0,5
2024-01-15,P002,Wheat,Grocery,23,43.83,108,Monday,1,Winter,0,5
2024-01-15,P003,Sugar,Grocery,15,50.26,83,Monday,1,Winter,0,4
2024-01-15,P004,Cooking Oil,Grocery,14,119.25,35,Monday,1,Winter,0,6
2024-01-15,P005,Milk,Dairy,34,40.25,48,Monday,1,Winter,0,2
2024-01-15,P006,Bread,Bakery,33,35.7,135,Monday,1,Winter,0,2
2024-01-15,P007,Eggs,Dairy,36,7.02,59,Monday,1,Winter,0,2
2024-01-15,P008,Biscuits,Snacks,20,30.11,73,Monday,1,Winter,0,4
2024-01-15,P009,Soap,Personal Care,12,34.58,51,Monday,1,Winter,0,7
2024-01-15,P010,Shampoo,Personal Care,8,125.78,71,Monday,1,Winter,0,7
2024-01-16,P001,Rice,Grocery,19,58.57,36,Tuesday,1,Winter,0,5
2024-01-16,P002,Wheat,Grocery,13,44.95,46,Tuesday,1,Winter,0,5
2024-01-16,P003,Sugar,Grocery,23,49.52,109,Tuesday,1,Winter,0,4
2024-01-16,P004,Cooking Oil,Grocery,10,118.39,58,Tuesday,1,Winter,0,6
2024-01-16,P005,Milk,Dairy,39,39.55,141,Tuesday,1,Winter,0,2
2024-01-16,P006,Bread,Bakery,27,34.49,80,Tuesday,1,Winter,0,2
2024-01-16,P007,Eggs,Dairy,41,6.97,240,Tuesday,1,Winter,0,2
2024-01-16,P008,Biscuits,Snacks,19,28.6,39,Tuesday,1,Winter,0,4
2024-01-16,P009,Soap,Personal Care,11,36.28,94,Tuesday,1,Winter,0,7
2024-01-16,P010,Shampoo,Personal Care,5,125.04,20,Tuesday,1,Winter,0,7
2024-01-17,P001,Rice,Grocery,19,58.23,73,Wednesday,1,Winter,0,5
2024-01-17,P002,Wheat,Grocery,20,42.81,69,Wednesday,1,Winter,0,5
2024-01-17,P003,Sugar,Grocery,16,51.41,31,Wednesday,1,Winter,0,4
2024-01-17,P004,Cooking Oil,Grocery,11,124.89,70,Wednesday,1,Winter,0,6
2024-01-17,P005,Milk,Dairy,43,38.71,235,Wednesday,1,Winter,0,2
2024-01-17,P006,Bread,Bakery,21,36.2,100,Wednesday,1,Winter,0,2
2024-01-17,P007,Eggs,Dairy,41,7.07,54,Wednesday,1,Winter,0,2
2024-01-17,P008,Biscuits,Snacks,20,30.73,27,Wednesday,1,Winter,0,4
2024-01-17,P009,Soap,Personal Care,11,36.63,75,Wednesday,1,Winter,0,7
2024-01-17,P010,Shampoo,Personal Care,8,114.25,100,Wednesday,1,Winter,0,7
2024-01-18,P001,Rice,Grocery,23,59.18,72,Thursday,1,Winter,0,5
2024-01-18,P002,Wheat,Grocery,18,46.09,51,Thursday,1,Winter,0,5
2024-01-18,P003,Sugar,Grocery,18,48.35,79,Thursday,1,Winter,0,4
2024-01-18,P004,Cooking Oil,Grocery,9,117.4,20,Thursday,1,Winter,0,6
2024-01-18,P005,Milk,Dairy,34,40.59,178,Thursday,1,Winter,0,2
2024-01-18,P006,Bread,Bakery,29,36.72,66,Thursday,1,Winter,0,2
2024-01-18,P007,Eggs,Dairy,34,6.72,48,Thursday,1,Winter,0,2
2024-01-18,P008,Biscuits,Snacks,27,29.89,53,Thursday,1,Winter,0,4
2024-01-18,P009,Soap,Personal Care,8,34.51,44,Thursday,1,Winter,0,7
2024-01-18,P010,Shampoo,Personal Care,6,117.34,42,Thursday,1,Winter,0,7
2024-01-19,P001,Rice,Grocery,22,57.75,74,Friday,1,Winter,0,5
2024-01-19,P002,Wheat,Grocery,11,46.19,20,Friday,1,Winter,0,5
2024-01-19,P003,Sugar,Grocery,19,50.71,43,Friday,1,Winter,0,4
2024-01-19,P004,Cooking Oil,Grocery,12,117.75,92,Friday,1,Winter,0,6
2024-01-19,P005,Milk,Dairy,20,39.6,24,Friday,1,Winter,0,2
2024-01-19,P006,Bread,Bakery,33,34.99,100,Friday,1,Winter,0,2
2024-01-19,P007,Eggs,Dairy,41,6.85,228,Friday,1,Winter,0,2
2024-01-19,P008,Biscuits,Snacks,21,29.21,83,Friday,1,Winter,0,4
2024-01-19,P009,Soap,Personal Care,8,34.34,42,Friday,1,Winter,0,7
2024-01-19,P010,Shampoo,Personal Care,7,123.62,52,Friday,1,Winter,0,7
2024-01-20,P001,Rice,Grocery,18,61.78,63,Saturday,1,Winter,0,5
2024-01-20,P002,Wheat,Grocery,24,43.43,122,Saturday,1,Winter,0,5
2024-01-20,P003,Sugar,Grocery,24,51.69,93,Saturday,1,Winter,0,4
2024-01-20,P004,Cooking Oil,Grocery,12,120.23,88,Saturday,1,Winter,0,6
2024-01-20,P005,Milk,Dairy,28,39.87,131,Saturday,1,Winter,0,2
2024-01-20,P006,Bread,Bakery,38,36.72,63,Saturday,1,Winter,0,2
2024-01-20,P007,Eggs,Dairy,42,6.95,190,Saturday,1,Winter,0,2
2024-01-20,P008,Biscuits,Snacks,17,30.08,61,Saturday,1,Winter,0,4
2024-01-20,P009,Soap,Personal Care,10,33.72,30,Saturday,1,Winter,0,7
2024-01-20,P010,Shampoo,Personal Care,9,114.23,22,Saturday,1,Winter,0,7
2024-01-21,P001,Rice,Grocery,34,58.35,67,Sunday,1,Winter,0,5
2024-01-21,P002,Wheat,Grocery,20,43.62,102,Sunday,1,Winter,0,5
2024-01-21,P003,Sugar,Grocery,25,50.0,128,Sunday,1,Winter,0,4
2024-01-21,P004,Cooking Oil,Grocery,11,114.37,89,Sunday,1,Winter,0,6
2024-01-21,P005,Milk,Dairy,42,38.45,125,Sunday,1,Winter,0,2
2024-01-21,P006,Bread,Bakery,36,36.3,171,Sunday,1,Winter,0,2
2024-01-21,P007,Eggs,Dairy,62,7.3,230,Sunday,1,Winter,0,2
2024-01-21,P008,Biscuits,Snacks,25,31.19,29,Sunday,1,Winter,0,4
2024-01-21,P009,Soap,Personal Care,10,34.79,79,Sunday,1,Winter,0,7
2024-01-21,P010,Shampoo,Personal Care,6,119.31,88,Sunday,1,Winter,0,7
2024-01-22,P001,Rice,Grocery,28,60.23,126,Monday,1,Winter,0,5
2024-01-22,P002,Wheat,Grocery,16,43.41,84,Monday,1,Winter,0,5
2024-01-22,P003,Sugar,Grocery,18,50.93,85,Monday,1,Winter,0,4
2024-01-22,P004,Cooking Oil,Grocery,12,122.98,72,Monday,1,Winter,0,6
2024-01-22,P005,Milk,Dairy,25,41.82,50,Monday,1,Winter,0,2
2024-01-22,P006,Bread,Bakery,29,33.53,36,Monday,1,Winter,0,2
2024-01-22,P007,Eggs,Dairy,48,7.16,137,Monday,1,Winter,0,2
2024-01-22,P008,Biscuits,Snacks,18,31.0,31,Monday,1,Winter,0,4
2024-01-22,P009,Soap,Personal Care,9,36.34,45,Monday,1,Winter,0,7
2024-01-22,P010,Shampoo,Personal Care,7,119.88,52,Monday,1,Winter,0,7
2024-01-23,P001,Rice,Grocery,22,61.26,129,Tuesday,1,Winter,0,5
2024-01-23,P002,Wheat,Grocery,17,46.53,90,Tuesday,1,Winter,0,5
2024-01-23,P003,Sugar,Grocery,15,50.29,100,Tuesday,1,Winter,0,4
2024-01-23,P004,Cooking Oil,Grocery,9,117.95,34,Tuesday,1,Winter,0,6
2024-01-23,P005,Milk,Dairy,38,39.14,52,Tuesday,1,Winter,0,2
2024-01-23,P006,Bread,Bakery,30,35.81,140,Tuesday,1,Winter,0,2
2024-01-23,P007,Eggs,Dairy,45,7.22,89,Tuesday,1,Winter,0,2
2024-01-23,P008,Biscuits,Snacks,23,29.49,115,Tuesday,1,Winter,0,4
2024-01-23,P009,Soap,Personal Care,11,33.46,20,Tuesday,1,Winter,0,7
2024-01-23,P010,Shampoo,Personal Care,7,121.4,29,Tuesday,1,Winter,0,7
2024-01-24,P001,Rice,Grocery,17,59.74,82,Wednesday,1,Winter,0,5
2024-01-24,P002,Wheat,Grocery,16,43.51,52,Wednesday,1,Winter,0,5
2024-01-24,P003,Sugar,Grocery,22,50.46,37,Wednesday,1,Winter,0,4
2024-01-24,P004,Cooking Oil,Grocery,11,123.77,31,Wednesday,1,Winter,0,6
2024-01-24,P005,Milk,Dairy,34,38.74,70,Wednesday,1,Winter,0,2
2024-01-24,P006,Bread,Bakery,29,33.39,104,Wednesday,1,Winter,0,2
2024-01-24,P007,Eggs,Dairy,42,6.81,200,Wednesday,1,Winter,0,2
2024-01-24,P008,Biscuits,Snacks,19,29.32,70,Wednesday,1,Winter,0,4
2024-01-24,P009,Soap,Personal Care,6,34.84,93,Wednesday,1,Winter,0,7
2024-01-24,P010,Shampoo,Personal Care,6,122.54,58,Wednesday,1,Winter,0,7
2024-01-25,P001,Rice,Grocery,26,59.85,115,Thursday,1,Winter,0,5
2024-01-25,P002,Wheat,Grocery,19,44.75,44,Thursday,1,Winter,0,5
2024-01-25,P003,Sugar,Grocery,20,50.32,69,Thursday,1,Winter,0,4
2024-01-25,P004,Cooking Oil,Grocery,14,121.92,68,Thursday,1,Winter,0,6
2024-01-25,P005,Milk,Dairy,34,41.32,130,Thursday,1,Winter,0,2
2024-01-25,P006,Bread,Bakery,31,35.69,98,Thursday,1,Winter,0,2
2024-01-25,P007,Eggs,Dairy,60,6.76,317,Thursday,1,Winter,0,2
2024-01-25,P008,Biscuits,Snacks,24,28.96,128,Thursday,1,Winter,0,4
2024-01-25,P009,Soap,Personal Care,10,34.76,65,Thursday,1,Winter,0,7
2024-01-25,P010,Shampoo,Personal Care,6,117.2,35,Thursday,1,Winter,0,7
2024-01-26,P001,Rice,Grocery,32,61.91,93,Friday,1,Winter,1,5
2024-01-26,P002,Wheat,Grocery,27,46.32,127,Friday,1,Winter,1,5
2024-01-26,P003,Sugar,Grocery,26,48.2,113,Friday,1,Winter,1,4
2024-01-26,P004,Cooking Oil,Grocery,21,120.31,26,Friday,1,Winter,1,6
2024-01-26,P005,Milk,Dairy,34,40.53,163,Friday,1,Winter,1,2
2024-01-26,P006,Bread,Bakery,33,33.34,136,Friday,1,Winter,1,2
2024-01-26,P007,Eggs,Dairy,58,7.29,109,Friday,1,Winter,1,2
2024-01-26,P008,Biscuits,Snacks,25,30.91,99,Friday,1,Winter,1,4
2024-01-26,P009,Soap,Personal Care,17,35.5,45,Friday,1,Winter,1,7
2024-01-26,P010,Shampoo,Personal Care,12,124.49,71,Friday,1,Winter,1,7
2024-01-27,P001,Rice,Grocery,30,57.91,78,Saturday,1,Winter,0,5
2024-01-27,P002,Wheat,Grocery,20,46.53,94,Saturday,1,Winter,0,5
2024-01-27,P003,Sugar,Grocery,26,50.25,71,Saturday,1,Winter,0,4
2024-01-27,P004,Cooking Oil,Grocery,16,120.66,29,Saturday,1,Winter,0,6
2024-01-27,P005,Milk,Dairy,46,38.01,113,Saturday,1,Winter,0,2
2024-01-27,P006,Bread,Bakery,29,34.52,51,Saturday,1,Winter,0,2
2024-01-27,P007,Eggs,Dairy,50,6.69,115,Saturday,1,Winter,0,2
2024-01-27,P008,Biscuits,Snacks,25,29.65,40,Saturday,1,Winter,0,4
2024-01-27,P009,Soap,Personal Care,11,33.7,49,Saturday,1,Winter,0,7
2024-01-27,P010,Shampoo,Personal Care,8,118.35,39,Saturday,1,Winter,0,7
2024-01-28,P001,Rice,Grocery,25,58.41,143,Sunday,1,Winter,0,5
2024-01-28,P002,Wheat,Grocery,18,46.56,48,Sunday,1,Winter,0,5
2024-01-28,P003,Sugar,Grocery,19,47.8,76,Sunday,1,Winter,0,4
2024-01-28,P004,Cooking Oil,Grocery,13,116.39,94,Sunday,1,Winter,0,6
2024-01-28,P005,Milk,Dairy,43,38.33,174,Sunday,1,Winter,0,2
2024-01-28,P006,Bread,Bakery,41,33.75,121,Sunday,1,Winter,0,2
2024-01-28,P007,Eggs,Dairy,57,7.08,323,Sunday,1,Winter,0,2
2024-01-28,P008,Biscuits,Snacks,20,29.91,82,Sunday,1,Winter,0,4
2024-01-28,P009,Soap,Personal Care,11,34.02,45,Sunday,1,Winter,0,7
2024-01-28,P010,Shampoo,Personal Care,7,119.46,38,Sunday,1,Winter,0,7
2024-01-29,P001,Rice,Grocery,30,60.36,40,Monday,1,Winter,0,5
2024-01-29,P002,Wheat,Grocery,16,46.57,69,Monday,1,Winter,0,5
2024-01-29,P003,Sugar,Grocery,17,47.64,20,Monday,1,Winter,0,4
2024-01-29,P004,Cooking Oil,Grocery,9,116.71,61,Monday,1,Winter,0,6
2024-01-29,P005,Milk,Dairy,42,39.1,70,Monday,1,Winter,0,2
2024-01-29,P006,Bread,Bakery,23,35.19,136,Monday,1,Winter,0,2
2024-01-29,P007,Eggs,Dairy,54,6.83,324,Monday,1,Winter,0,2
2024-01-29,P008,Biscuits,Snacks,22,30.99,40,Monday,1,Winter,0,4
2024-01-29,P009,Soap,Personal Care,9,34.55,31,Monday,1,Winter,0,7
2024-01-29,P010,Shampoo,Personal Care,7,122.26,63,Monday,1,Winter,0,7
2024-01-30,P001,Rice,Grocery,24,62.84,131,Tuesday,1,Winter,0,5
2024-01-30,P002,Wheat,Grocery,18,44.19,30,Tuesday,1,Winter,0,5
2024-01-30,P003,Sugar,Grocery,18,51.55,91,Tuesday,1,Winter,0,4
2024-01-30,P004,Cooking Oil,Grocery,10,125.16,61,Tuesday,1,Winter,0,6
2024-01-30,P005,Milk,Dairy,37,41.33,132,Tuesday,1,Winter,0,2
2024-01-30,P006,Bread,Bakery,33,35.27,36,Tuesday,1,Winter,0,2
2024-01-30,P007,Eggs,Dairy,45,7.01,253,Tuesday,1,Winter,0,2
2024-01-30,P008,Biscuits,Snacks,19,30.39,74,Tuesday,1,Winter,0,4
2024-01-30,P009,Soap,Personal Care,11,35.24,100,Tuesday,1,Winter,0,7
2024-01-30,P010,Shampoo,Personal Care,7,115.8,91,Tuesday,1,Winter,0,7
2024-01-31,P001,Rice,Grocery,29,57.68,77,Wednesday,1,Winter,0,5
2024-01-31,P002,Wheat,Grocery,19,45.56,96,Wednesday,1,Winter,0,5
2024-01-31,P003,Sugar,Grocery,24,50.56,96,Wednesday,1,Winter,0,4
2024-01-31,P004,Cooking Oil,Grocery,8,119.18,96,Wednesday,1,Winter,0,6
2024-01-31,P005,Milk,Dairy,33,38.25,197,Wednesday,1,Winter,0,2
2024-01-31,P006,Bread,Bakery,22,33.37,87,Wednesday,1,Winter,0,2
2024-01-31,P007,Eggs,Dairy,41,6.65,193,Wednesday,1,Winter,0,2
2024-01-31,P008,Biscuits,Snacks,23,30.57,27,Wednesday,1,Winter,0,4
2024-01-31,P009,Soap,Personal Care,9,36.1,21,Wednesday,1,Winter,0,7
2024-01-31,P010,Shampoo,Personal Care,7,116.94,55,Wednesday,1,Winter,0,7
2024-02-01,P001,Rice,Grocery,19,61.45,47,Thursday,2,Winter,0,5
2024-02-01,P002,Wheat,Grocery,15,44.58,80,Thursday,2,Winter,0,5
2024-02-01,P003,Sugar,Grocery,19,50.78,67,Thursday,2,Winter,0,4
2024-02-01,P004,Cooking Oil,Grocery,13,120.51,33,Thursday,2,Winter,0,6
2024-02-01,P005,Milk,Dairy,30,41.89,53,Thursday,2,Winter,0,2
2024-02-01,P006,Bread,Bakery,37,34.51,145,Thursday,2,Winter,0,2
2024-02-01,P007,Eggs,Dairy,50,6.93,243,Thursday,2,Winter,0,2
2024-02-01,P008,Biscuits,Snacks,17,31.42,59,Thursday,2,Winter,0,4
2024-02-01,P009,Soap,Personal Care,10,34.6,26,Thursday,2,Winter,0,7
2024-02-01,P010,Shampoo,Personal Care,5,125.82,42,Thursday,2,Winter,0,7
2024-02-02,P001,Rice,Grocery,24,60.99,62,Friday,2,Winter,0,5
2024-02-02,P002,Wheat,Grocery,13,46.68,60,Friday,2,Winter,0,5
2024-02-02,P003,Sugar,Grocery,18,49.66,44,Friday,2,Winter,0,4
2024-02-02,P004,Cooking Oil,Grocery,10,122.14,95,Friday,2,Winter,0,6
2024-02-02,P005,Milk,Dairy,34,39.27,115,Friday,2,Winter,0,2
2024-02-02,P006,Bread,Bakery,33,36.25,63,Friday,2,Winter,0,2
2024-02-02,P007,Eggs,Dairy,52,6.7,226,Friday,2,Winter,0,2
2024-02-02,P008,Biscuits,Snacks,20,31.25,31,Friday,2,Winter,0,4
2024-02-02,P009,Soap,Personal Care,10,36.69,30,Friday,2,Winter,0,7
2024-02-02,P010,Shampoo,Personal Care,8,114.14,36,Friday,2,Winter,0,7
2024-02-03,P001,Rice,Grocery,33,57.14,129,Saturday,2,Winter,0,5
2024-02-03,P002,Wheat,Grocery,20,47.17,112,Saturday,2,Winter,0,5
2024-02-03,P003,Sugar,Grocery,20,49.52,25,Saturday,2,Winter,0,4
2024-02-03,P004,Cooking Oil,Grocery,15,125.81,45,Saturday,2,Winter,0,6
2024-02-03,P005,Milk,Dairy,43,41.17,231,Saturday,2,Winter,0,2
2024-02-03,P006,Bread,Bakery,29,36.55,172,Saturday,2,Winter,0,2
2024-02-03,P007,Eggs,Dairy,43,7.12,133,Saturday,2,Winter,0,2
2024-02-03,P008,Biscuits,Snacks,24,29.91,31,Saturday,2,Winter,0,4
2024-02-03,P009,Soap,Personal Care,15,35.76,24,Saturday,2,Winter,0,7
2024-02-03,P010,Shampoo,Personal Care,8,124.38,21,Saturday,2,Winter,0,7
2024-02-04,P001,Rice,Grocery,31,62.75,181,Sunday,2,Winter,0,5
2024-02-04,P002,Wheat,Grocery,19,43.57,28,Sunday,2,Winter,0,5
2024-02-04,P003,Sugar,Grocery,24,49.9,94,Sunday,2,Winter,0,4
2024-02-04,P004,Cooking Oil,Grocery,13,120.18,81,Sunday,2,Winter,0,6
2024-02-04,P005,Milk,Dairy,36,38.2,143,Sunday,2,Winter,0,2
2024-02-04,P006,Bread,Bakery,28,33.74,124,Sunday,2,Winter,0,2
2024-02-04,P007,Eggs,Dairy,44,6.89,173,Sunday,2,Winter,0,2
2024-02-04,P008,Biscuits,Snacks,26,30.34,54,Sunday,2,Winter,0,4
2024-02-04,P009,Soap,Personal Care,8,36.22,93,Sunday,2,Winter,0,7
2024-02-04,P010,Shampoo,Personal Care,7,117.89,94,Sunday,2,Winter,0,7
2024-02-05,P001,Rice,Grocery,23,60.55,96,Monday,2,Winter,0,5
2024-02-05,P002,Wheat,Grocery,21,44.97,118,Monday,2,Winter,0,5
2024-02-05,P003,Sugar,Grocery,18,52.31,106,Monday,2,Winter,0,4
2024-02-05,P004,Cooking Oil,Grocery,13,118.09,56,Monday,2,Winter,0,6
2024-02-05,P005,Milk,Dairy,35,41.96,67,Monday,2,Winter,0,2
2024-02-05,P006,Bread,Bakery,24,36.38,61,Monday,2,Winter,0,2
2024-02-05,P007,Eggs,Dairy,54,6.7,192,Monday,2,Winter,0,2
2024-02-05,P008,Biscuits,Snacks,25,30.43,64,Monday,2,Winter,0,4
2024-02-05,P009,Soap,Personal Care,11,34.94,34,Monday,2,Winter,0,7
2024-02-05,P010,Shampoo,Personal Care,5,116.84,41,Monday,2,Winter,0,7
2024-02-06,P001,Rice,Grocery,31,60.17,172,Tuesday,2,Winter,0,5
2024-02-06,P002,Wheat,Grocery,15,43.35,99,Tuesday,2,Winter,0,5
2024-02-06,P003,Sugar,Grocery,22,51.97,83,Tuesday,2,Winter,0,4
2024-02-06,P004,Cooking Oil,Grocery,11,119.96,51,Tuesday,2,Winter,0,6
2024-02-06,P005,Milk,Dairy,38,38.97,65,Tuesday,2,Winter,0,2
2024-02-06,P006,Bread,Bakery,31,34.96,92,Tuesday,2,Winter,0,2
2024-02-06,P007,Eggs,Dairy,47,6.83,206,Tuesday,2,Winter,0,2
2024-02-06,P008,Biscuits,Snacks,24,29.91,43,Tuesday,2,Winter,0,4
2024-02-06,P009,Soap,Personal Care,10,33.28,66,Tuesday,2,Winter,0,7
2024-02-06,P010,Shampoo,Personal Care,9,114.03,32,Tuesday,2,Winter,0,7
2024-02-07,P001,Rice,Grocery,28,62.7,129,Wednesday,2,Winter,0,5
2024-02-07,P002,Wheat,Grocery,13,42.89,40,Wednesday,2,Winter,0,5
2024-02-07,P003,Sugar,Grocery,21,47.62,60,Wednesday,2,Winter,0,4
2024-02-07,P004,Cooking Oil,Grocery,13,124.48,78,Wednesday,2,Winter,0,6
2024-02-07,P005,Milk,Dairy,31,39.01,167,Wednesday,2,Winter,0,2
2024-02-07,P006,Bread,Bakery,28,36.38,124,Wednesday,2,Winter,0,2
2024-02-07,P007,Eggs,Dairy,55,7.29,161,Wednesday,2,Winter,0,2
2024-02-07,P008,Biscuits,Snacks,23,30.87,99,Wednesday,2,Winter,0,4
2024-02-07,P009,Soap,Personal Care,11,33.37,61,Wednesday,2,Winter,0,7
2024-02-07,P010,Shampoo,Personal Care,7,124.52,67,Wednesday,2,Winter,0,7
2024-02-08,P001,Rice,Grocery,27,62.77,31,Thursday,2,Winter,0,5
2024-02-08,P002,Wheat,Grocery,17,43.85,65,Thursday,2,Winter,0,5
2024-02-08,P003,Sugar,Grocery,16,48.9,70,Thursday,2,Winter,0,4
2024-02-08,P004,Cooking Oil,Grocery,10,116.8,21,Thursday,2,Winter,0,6
2024-02-08,P005,Milk,Dairy,37,38.46,201,Thursday,2,Winter,0,2
2024-02-08,P006,Bread,Bakery,30,33.74,117,Thursday,2,Winter,0,2
2024-02-08,P007,Eggs,Dairy,35,7.03,159,Thursday,2,Winter,0,2
2024-02-08,P008,Biscuits,Snacks,24,29.69,83,Thursday,2,Winter,0,4
2024-02-08,P009,Soap,Personal Care,8,33.77,86,Thursday,2,Winter,0,7
2024-02-08,P010,Shampoo,Personal Care,7,121.37,71,Thursday,2,Winter,0,7
2024-02-09,P001,Rice,Grocery,23,62.52,28,Friday,2,Winter,0,5
2024-02-09,P002,Wheat,Grocery,19,46.23,60,Friday,2,Winter,0,5
2024-02-09,P003,Sugar,Grocery,15,50.75,27,Friday,2,Winter,0,4
2024-02-09,P004,Cooking Oil,Grocery,11,116.49,34,Friday,2,Winter,0,6
2024-02-09,P005,Milk,Dairy,25,41.67,31,Friday,2,Winter,0,2
2024-02-09,P006,Bread,Bakery,23,36.09,53,Friday,2,Winter,0,2
2024-02-09,P007,Eggs,Dairy,50,7.25,248,Friday,2,Winter,0,2
2024-02-09,P008,Biscuits,Snacks,24,28.88,24,Friday,2,Winter,0,4
2024-02-09,P009,Soap,Personal Care,9,33.56,55,Friday,2,Winter,0,7
2024-02-09,P010,Shampoo,Personal Care,5,114.53,67,Friday,2,Winter,0,7
2024-02-10,P001,Rice,Grocery,25,58.34,135,Saturday,2,Winter,0,5
2024-02-10,P002,Wheat,Grocery,24,44.63,48,Saturday,2,Winter,0,5
2024-02-10,P003,Sugar,Grocery,23,48.94,133,Saturday,2,Winter,0,4
2024-02-10,P004,Cooking Oil,Grocery,12,122.76,58,Saturday,2,Winter,0,6
2024-02-10,P005,Milk,Dairy,39,40.25,62,Saturday,2,Winter,0,2
2024-02-10,P006,Bread,Bakery,40,34.55,173,Saturday,2,Winter,0,2
2024-02-10,P007,Eggs,Dairy,57,6.8,137,Saturday,2,Winter,0,2
2024-02-10,P008,Biscuits,Snacks,26,29.49,65,Saturday,2,Winter,0,4
2024-02-10,P009,Soap,Personal Care,9,34.05,63,Saturday,2,Winter,0,7
2024-02-10,P010,Shampoo,Personal Care,6,114.35,21,Saturday,2,Winter,0,7
2024-02-11,P001,Rice,Grocery,34,60.62,113,Sunday,2,Winter,0,5
2024-02-11,P002,Wheat,Grocery,20,47.11,31,Sunday,2,Winter,0,5
2024-02-11,P003,Sugar,Grocery,21,50.17,81,Sunday,2,Winter,0,4
2024-02-11,P004,Cooking Oil,Grocery,12,114.8,44,Sunday,2,Winter,0,6
2024-02-11,P005,Milk,Dairy,39,39.38,192,Sunday,2,Winter,0,2
2024-02-11,P006,Bread,Bakery,34,35.27,187,Sunday,2,Winter,0,2
2024-02-11,P007,Eggs,Dairy,45,7.32,187,Sunday,2,Winter,0,2
2024-02-11,P008,Biscuits,Snacks,25,31.26,61,Sunday,2,Winter,0,4
2024-02-11,P009,Soap,Personal Care,11,33.8,29,Sunday,2,Winter,0,7
2024-02-11,P010,Shampoo,Personal Care,8,117.12,31,Sunday,2,Winter,0,7
2024-02-12,P001,Rice,Grocery,23,60.47,66,Monday,2,Winter,0,5
2024-02-12,P002,Wheat,Grocery,12,43.76,48,Monday,2,Winter,0,5
2024-02-12,P003,Sugar,Grocery,16,51.29,91,Monday,2,Winter,0,4
2024-02-12,P004,Cooking Oil,Grocery,11,121.09,82,Monday,2,Winter,0,6
2024-02-12,P005,Milk,Dairy,36,41.61,100,Monday,2,Winter,0,2
2024-02-12,P006,Bread,Bakery,34,35.86,124,Monday,2,Winter,0,2
2024-02-12,P007,Eggs,Dairy,31,6.96,108,Monday,2,Winter,0,2
2024-02-12,P008,Biscuits,Snacks,16,29.03,60,Monday,2,Winter,0,4
2024-02-12,P009,Soap,Personal Care,11,33.93,47,Monday,2,Winter,0,7
2024-02-12,P010,Shampoo,Personal Care,5,123.02,81,Monday,2,Winter,0,7
2024-02-13,P001,Rice,Grocery,30,59.06,154,Tuesday,2,Winter,0,5
2024-02-13,P002,Wheat,Grocery,21,44.93,58,Tuesday,2,Winter,0,5
2024-02-13,P003,Sugar,Grocery,14,50.72,89,Tuesday,2,Winter,0,4
2024-02-13,P004,Cooking Oil,Grocery,11,118.99,70,Tuesday,2,Winter,0,6
2024-02-13,P005,Milk,Dairy,36,40.18,183,Tuesday,2,Winter,0,2
2024-02-13,P006,Bread,Bakery,22,33.41,75,Tuesday,2,Winter,0,2
2024-02-13,P007,Eggs,Dairy,47,6.71,61,Tuesday,2,Winter,0,2
2024-02-13,P008,Biscuits,Snacks,24,28.52,136,Tuesday,2,Winter,0,4
2024-02-13,P009,Soap,Personal Care,8,34.34,41,Tuesday,2,Winter,0,7
2024-02-13,P010,Shampoo,Personal Care,6,124.56,89,Tuesday,2,Winter,0,7
2024-02-14,P001,Rice,Grocery,24,62.45,144,Wednesday,2,Winter,0,5
2024-02-14,P002,Wheat,Grocery,17,45.39,70,Wednesday,2,Winter,0,5
2024-02-14,P003,Sugar,Grocery,11,50.05,64,Wednesday,2,Winter,0,4
2024-02-14,P004,Cooking Oil,Grocery,12,120.27,87,Wednesday,2,Winter,0,6
2024-02-14,P005,Milk,Dairy,41,41.22,56,Wednesday,2,Winter,0,2
2024-02-14,P006,Bread,Bakery,39,35.35,74,Wednesday,2,Winter,0,2
2024-02-14,P007,Eggs,Dairy,45,6.74,173,Wednesday,2,Winter,0,2
2024-02-14,P008,Biscuits,Snacks,27,30.87,123,Wednesday,2,Winter,0,4
2024-02-14,P009,Soap,Personal Care,11,34.83,38,Wednesday,2,Winter,0,7
2024-02-14,P010,Shampoo,Personal Care,7,119.71,66,Wednesday,2,Winter,0,7
2024-02-15,P001,Rice,Grocery,26,61.75,132,Thursday,2,Winter,0,5
2024-02-15,P002,Wheat,Grocery,19,43.19,111,Thursday,2,Winter,0,5
2024-02-15,P003,Sugar,Grocery,25,47.73,103,Thursday,2,Winter,0,4
2024-02-15,P004,Cooking Oil,Grocery,10,125.02,86,Thursday,2,Winter,0,6
2024-02-15,P005,Milk,Dairy,31,41.18,146,Thursday,2,Winter,0,2
2024-02-15,P006,Bread,Bakery,32,34.96,124,Thursday,2,Winter,0,2
2024-02-15,P007,Eggs,Dairy,49,7.02,186,Thursday,2,Winter,0,2
2024-02-15,P008,Biscuits,Snacks,18,30.7,49,Thursday,2,Winter,0,4
2024-02-15,P009,Soap,Personal Care,8,34.32,60,Thursday,2,Winter,0,7
2024-02-15,P010,Shampoo,Personal Care,8,116.95,36,Thursday,2,Winter,0,7
2024-02-16,P001,Rice,Grocery,27,60.67,106,Friday,2,Winter,0,5
2024-02-16,P002,Wheat,Grocery,16,44.45,69,Friday,2,Winter,0,5
2024-02-16,P003,Sugar,Grocery,17,50.54,30,Friday,2,Winter,0,4
2024-02-16,P004,Cooking Oil,Grocery,11,118.27,55,Friday,2,Winter,0,6
2024-02-16,P005,Milk,Dairy,37,38.39,141,Friday,2,Winter,0,2
2024-02-16,P006,Bread,Bakery,33,33.46,175,Friday,2,Winter,0,2
2024-02-16,P007,Eggs,Dairy,41,6.87,230,Friday,2,Winter,0,2
2024-02-16,P008,Biscuits,Snacks,25,28.72,33,Friday,2,Winter,0,4
2024-02-16,P009,Soap,Personal Care,10,33.29,65,Friday,2,Winter,0,7
2024-02-16,P010,Shampoo,Personal Care,6,116.97,52,Friday,2,Winter,0,7
2024-02-17,P001,Rice,Grocery,30,61.6,152,Saturday,2,Winter,0,5
2024-02-17,P002,Wheat,Grocery,18,47.02,82,Saturday,2,Winter,0,5
2024-02-17,P003,Sugar,Grocery,25,49.69,80,Saturday,2,Winter,0,4
2024-02-17,P004,Cooking Oil,Grocery,15,124.94,100,Saturday,2,Winter,0,6
2024-02-17,P005,Milk,Dairy,32,40.45,120,Saturday,2,Winter,0,2
2024-02-17,P006,Bread,Bakery,43,33.98,246,Saturday,2,Winter,0,2
2024-02-17,P007,Eggs,Dairy,50,6.96,241,Saturday,2,Winter,0,2
2024-02-17,P008,Biscuits,Snacks,22,31.12,73,Saturday,2,Winter,0,4
2024-02-17,P009,Soap,Personal Care,8,35.79,70,Saturday,2,Winter,0,7
2024-02-17,P010,Shampoo,Personal Care,9,117.22,28,Saturday,2,Winter,0,7
2024-02-18,P001,Rice,Grocery,20,60.62,65,Sunday,2,Winter,0,5
2024-02-18,P002,Wheat,Grocery,15,43.34,92,Sunday,2,Winter,0,5
2024-02-18,P003,Sugar,Grocery,22,47.75,24,Sunday,2,Winter,0,4
2024-02-18,P004,Cooking Oil,Grocery,13,121.75,92,Sunday,2,Winter,0,6
2024-02-18,P005,Milk,Dairy,37,38.5,172,Sunday,2,Winter,0,2
2024-02-18,P006,Bread,Bakery,38,36.2,161,Sunday,2,Winter,0,2
2024-02-18,P007,Eggs,Dairy,55,6.98,151,Sunday,2,Winter,0,2
2024-02-18,P008,Biscuits,Snacks,25,30.87,123,Sunday,2,Winter,0,4
2024-02-18,P009,Soap,Personal Care,10,36.02,66,Sunday,2,Winter,0,7
2024-02-18,P010,Shampoo,Personal Care,7,125.73,75,Sunday,2,Winter,0,7
2024-02-19,P001,Rice,Grocery,25,57.48,30,Monday,2,Winter,0,5
2024-02-19,P002,Wheat,Grocery,18,45.74,98,Monday,2,Winter,0,5
2024-02-19,P003,Sugar,Grocery,18,49.16,36,Monday,2,Winter,0,4
2024-02-19,P004,Cooking Oil,Grocery,13,122.06,62,Monday,2,Winter,0,6
2024-02-19,P005,Milk,Dairy,25,41.92,118,Monday,2,Winter,0,2
2024-02-19,P006,Bread,Bakery,31,33.98,172,Monday,2,Winter,0,2
2024-02-19,P007,Eggs,Dairy,46,6.89,232,Monday,2,Winter,0,2
2024-02-19,P008,Biscuits,Snacks,21,30.68,64,Monday,2,Winter,0,4
2024-02-19,P009,Soap,Personal Care,10,35.27,37,Monday,2,Winter,0,7
2024-02-19,P010,Shampoo,Personal Care,6,125.51,96,Monday,2,Winter,0,7
2024-02-20,P001,Rice,Grocery,24,57.89,123,Tuesday,2,Winter,0,5
2024-02-20,P002,Wheat,Grocery,17,43.35,63,Tuesday,2,Winter,0,5
2024-02-20,P003,Sugar,Grocery,15,48.25,78,Tuesday,2,Winter,0,4
2024-02-20,P004,Cooking Oil,Grocery,10,125.68,33,Tuesday,2,Winter,0,6
2024-02-20,P005,Milk,Dairy,37,38.37,87,Tuesday,2,Winter,0,2
2024-02-20,P006,Bread,Bakery,30,34.82,99,Tuesday,2,Winter,0,2
2024-02-20,P007,Eggs,Dairy,41,7.13,170,Tuesday,2,Winter,0,2
2024-02-20,P008,Biscuits,Snacks,22,30.5,53,Tuesday,2,Winter,0,4
2024-02-20,P009,Soap,Personal Care,7,35.17,43,Tuesday,2,Winter,0,7
2024-02-20,P010,Shampoo,Personal Care,6,124.72,74,Tuesday,2,Winter,0,7
2024-02-21,P001,Rice,Grocery,23,58.91,70,Wednesday,2,Winter,0,5
2024-02-21,P002,Wheat,Grocery,20,45.39,33,Wednesday,2,Winter,0,5
2024-02-21,P003,Sugar,Grocery,21,48.53,124,Wednesday,2,Winter,0,4
2024-02-21,P004,Cooking Oil,Grocery,12,114.59,38,Wednesday,2,Winter,0,6
2024-02-21,P005,Milk,Dairy,44,41.51,71,Wednesday,2,Winter,0,2
2024-02-21,P006,Bread,Bakery,30,35.85,113,Wednesday,2,Winter,0,2
2024-02-21,P007,Eggs,Dairy,49,6.87,252,Wednesday,2,Winter,0,2
2024-02-21,P008,Biscuits,Snacks,22,31.46,30,Wednesday,2,Winter,0,4
2024-02-21,P009,Soap,Personal Care,9,35.93,83,Wednesday,2,Winter,0,7
2024-02-21,P010,Shampoo,Personal Care,7,119.87,73,Wednesday,2,Winter,0,7
2024-02-22,P001,Rice,Grocery,32,57.89,141,Thursday,2,Winter,0,5
2024-02-22,P002,Wheat,Grocery,18,43.73,45,Thursday,2,Winter,0,5
2024-02-22,P003,Sugar,Grocery,21,52.3,92,Thursday,2,Winter,0,4
2024-02-22,P004,Cooking Oil,Grocery,12,125.2,46,Thursday,2,Winter,0,6
2024-02-22,P005,Milk,Dairy,26,41.65,125,Thursday,2,Winter,0,2
2024-02-22,P006,Bread,Bakery,33,34.64,95,Thursday,2,Winter,0,2
2024-02-22,P007,Eggs,Dairy,37,6.77,155,Thursday,2,Winter,0,2
2024-02-22,P008,Biscuits,Snacks,22,30.1,73,Thursday,2,Winter,0,4
2024-02-22,P009,Soap,Personal Care,10,35.32,79,Thursday,2,Winter,0,7
2024-02-22,P010,Shampoo,Personal Care,7,125.71,76,Thursday,2,Winter,0,7
2024-02-23,P001,Rice,Grocery,30,57.55,45,Friday,2,Winter,0,5
2024-02-23,P002,Wheat,Grocery,16,45.86,76,Friday,2,Winter,0,5
2024-02-23,P003,Sugar,Grocery,20,48.3,57,Friday,2,Winter,0,4
2024-02-23,P004,Cooking Oil,Grocery,12,115.56,84,Friday,2,Winter,0,6
2024-02-23,P005,Milk,Dairy,38,38.97,173,Friday,2,Winter,0,2
2024-02-23,P006,Bread,Bakery,27,36.53,84,Friday,2,Winter,0,2
2024-02-23,P007,Eggs,Dairy,50,6.99,201,Friday,2,Winter,0,2
2024-02-23,P008,Biscuits,Snacks,18,29.09,71,Friday,2,Winter,0,4
2024-02-23,P009,Soap,Personal Care,7,33.79,84,Friday,2,Winter,0,7
2024-02-23,P010,Shampoo,Personal Care,7,114.18,30,Friday,2,Winter,0,7
2024-02-24,P001,Rice,Grocery,32,60.28,145,Saturday,2,Winter,0,5
2024-02-24,P002,Wheat,Grocery,21,43.85,55,Saturday,2,Winter,0,5
2024-02-24,P003,Sugar,Grocery,16,51.77,77,Saturday,2,Winter,0,4
2024-02-24,P004,Cooking Oil,Grocery,15,120.97,94,Saturday,2,Winter,0,6
2024-02-24,P005,Milk,Dairy,43,41.09,181,Saturday,2,Winter,0,2
2024-02-24,P006,Bread,Bakery,35,34.12,37,Saturday,2,Winter,0,2
2024-02-24,P007,Eggs,Dairy,48,7.28,191,Saturday,2,Winter,0,2
2024-02-24,P008,Biscuits,Snacks,22,31.49,105,Saturday,2,Winter,0,4
2024-02-24,P009,Soap,Personal Care,14,34.6,88,Saturday,2,Winter,0,7
2024-02-24,P010,Shampoo,Personal Care,8,120.12,91,Saturday,2,Winter,0,7
2024-02-25,P001,Rice,Grocery,28,60.06,48,Sunday,2,Winter,0,5
2024-02-25,P002,Wheat,Grocery,22,44.39,89,Sunday,2,Winter,0,5
2024-02-25,P003,Sugar,Grocery,24,49.12,40,Sunday,2,Winter,0,4
2024-02-25,P004,Cooking Oil,Grocery,14,116.87,86,Sunday,2,Winter,0,6
2024-02-25,P005,Milk,Dairy,49,39.77,174,Sunday,2,Winter,0,2
2024-02-25,P006,Bread,Bakery,22,33.61,70,Sunday,2,Winter,0,2
2024-02-25,P007,Eggs,Dairy,54,6.74,58,Sunday,2,Winter,0,2
2024-02-25,P008,Biscuits,Snacks,23,28.56,58,Sunday,2,Winter,0,4
2024-02-25,P009,Soap,Personal Care,12,33.71,77,Sunday,2,Winter,0,7
2024-02-25,P010,Shampoo,Personal Care,9,116.49,67,Sunday,2,Winter,0,7
2024-02-26,P001,Rice,Grocery,22,60.86,39,Monday,2,Winter,0,5
2024-02-26,P002,Wheat,Grocery,18,46.68,44,Monday,2,Winter,0,5
2024-02-26,P003,Sugar,Grocery,19,48.23,85,Monday,2,Winter,0,4
2024-02-26,P004,Cooking Oil,Grocery,9,118.41,42,Monday,2,Winter,0,6
2024-02-26,P005,Milk,Dairy,26,38.84,118,Monday,2,Winter,0,2
2024-02-26,P006,Bread,Bakery,36,35.09,136,Monday,2,Winter,0,2
2024-02-26,P007,Eggs,Dairy,35,7.32,133,Monday,2,Winter,0,2
2024-02-26,P008,Biscuits,Snacks,32,29.26,187,Monday,2,Winter,0,4
2024-02-26,P009,Soap,Personal Care,11,33.36,43,Monday,2,Winter,0,7
2024-02-26,P010,Shampoo,Personal Care,8,124.0,58,Monday,2,Winter,0,7
2024-02-27,P001,Rice,Grocery,15,61.63,93,Tuesday,2,Winter,0,5
2024-02-27,P002,Wheat,Grocery,17,45.48,52,Tuesday,2,Winter,0,5
2024-02-27,P003,Sugar,Grocery,17,49.61,75,Tuesday,2,Winter,0,4
2024-02-27,P004,Cooking Oil,Grocery,10,118.45,96,Tuesday,2,Winter,0,6
2024-02-27,P005,Milk,Dairy,36,40.12,118,Tuesday,2,Winter,0,2
2024-02-27,P006,Bread,Bakery,28,33.37,92,Tuesday,2,Winter,0,2
2024-02-27,P007,Eggs,Dairy,42,7.2,81,Tuesday,2,Winter,0,2
2024-02-27,P008,Biscuits,Snacks,23,30.1,134,Tuesday,2,Winter,0,4
2024-02-27,P009,Soap,Personal Care,10,35.78,49,Tuesday,2,Winter,0,7
2024-02-27,P010,Shampoo,Personal Care,6,121.05,61,Tuesday,2,Winter,0,7
2024-02-28,P001,Rice,Grocery,23,60.15,100,Wednesday,2,Winter,0,5
2024-02-28,P002,Wheat,Grocery,22,45.94,119,Wednesday,2,Winter,0,5
2024-02-28,P003,Sugar,Grocery,16,52.18,56,Wednesday,2,Winter,0,4
2024-02-28,P004,Cooking Oil,Grocery,9,118.61,49,Wednesday,2,Winter,0,6
2024-02-28,P005,Milk,Dairy,25,38.82,118,Wednesday,2,Winter,0,2
2024-02-28,P006,Bread,Bakery,26,34.47,62,Wednesday,2,Winter,0,2
2024-02-28,P007,Eggs,Dairy,38,6.91,76,Wednesday,2,Winter,0,2
2024-02-28,P008,Biscuits,Snacks,23,31.4,131,Wednesday,2,Winter,0,4
2024-02-28,P009,Soap,Personal Care,11,36.26,29,Wednesday,2,Winter,0,7
2024-02-28,P010,Shampoo,Personal Care,6,125.1,43,Wednesday,2,Winter,0,7
2024-02-29,P001,Rice,Grocery,26,59.49,49,Thursday,2,Winter,0,5
2024-02-29,P002,Wheat,Grocery,17,45.44,58,Thursday,2,Winter,0,5
2024-02-29,P003,Sugar,Grocery,21,48.95,39,Thursday,2,Winter,0,4
2024-02-29,P004,Cooking Oil,Grocery,11,125.48,81,Thursday,2,Winter,0,6
2024-02-29,P005,Milk,Dairy,36,40.28,156,Thursday,2,Winter,0,2
2024-02-29,P006,Bread,Bakery,26,34.89,44,Thursday,2,Winter,0,2
2024-02-29,P007,Eggs,Dairy,46,7.32,111,Thursday,2,Winter,0,2
2024-02-29,P008,Biscuits,Snacks,19,31.32,58,Thursday,2,Winter,0,4
2024-02-29,P009,Soap,Personal Care,11,35.8,90,Thursday,2,Winter,0,7
2024-02-29,P010,Shampoo,Personal Care,7,122.53,33,Thursday,2,Winter,0,7
2024-03-01,P001,Rice,Grocery,28,59.6,144,Friday,3,Summer,0,5
2024-03-01,P002,Wheat,Grocery,17,46.45,46,Friday,3,Summer,0,5
2024-03-01,P003,Sugar,Grocery,18,51.33,34,Friday,3,Summer,0,4
2024-03-01,P004,Cooking Oil,Grocery,13,118.06,69,Friday,3,Summer,0,6
2024-03-01,P005,Milk,Dairy,33,41.06,193,Friday,3,Summer,0,2
2024-03-01,P006,Bread,Bakery,27,35.63,157,Friday,3,Summer,0,2
2024-03-01,P007,Eggs,Dairy,37,6.85,163,Friday,3,Summer,0,2
2024-03-01,P008,Biscuits,Snacks,25,28.92,110,Friday,3,Summer,0,4
2024-03-01,P009,Soap,Personal Care,11,36.13,91,Friday,3,Summer,0,7
2024-03-01,P010,Shampoo,Personal Care,7,125.92,24,Friday,3,Summer,0,7
2024-03-02,P001,Rice,Grocery,29,57.76,82,Saturday,3,Summer,0,5
2024-03-02,P002,Wheat,Grocery,18,43.15,100,Saturday,3,Summer,0,5
2024-03-02,P003,Sugar,Grocery,20,49.06,79,Saturday,3,Summer,0,4
2024-03-02,P004,Cooking Oil,Grocery,13,119.6,61,Saturday,3,Summer,0,6
2024-03-02,P005,Milk,Dairy,48,38.69,200,Saturday,3,Summer,0,2
2024-03-02,P006,Bread,Bakery,32,33.26,76,Saturday,3,Summer,0,2
2024-03-02,P007,Eggs,Dairy,60,7.34,101,Saturday,3,Summer,0,2
2024-03-02,P008,Biscuits,Snacks,33,29.52,195,Saturday,3,Summer,0,4
2024-03-02,P009,Soap,Personal Care,11,36.68,74,Saturday,3,Summer,0,7
2024-03-02,P010,Shampoo,Personal Care,6,114.61,27,Saturday,3,Summer,0,7
2024-03-03,P001,Rice,Grocery,27,60.8,56,Sunday,3,Summer,0,5
2024-03-03,P002,Wheat,Grocery,24,47.01,124,Sunday,3,Summer,0,5
2024-03-03,P003,Sugar,Grocery,19,49.94,82,Sunday,3,Summer,0,4
2024-03-03,P004,Cooking Oil,Grocery,16,121.89,32,Sunday,3,Summer,0,6
2024-03-03,P005,Milk,Dairy,46,40.49,243,Sunday,3,Summer,0,2
2024-03-03,P006,Bread,Bakery,35,36.0,193,Sunday,3,Summer,0,2
2024-03-03,P007,Eggs,Dairy,57,6.97,166,Sunday,3,Summer,0,2
2024-03-03,P008,Biscuits,Snacks,32,29.98,102,Sunday,3,Summer,0,4
2024-03-03,P009,Soap,Personal Care,9,35.78,64,Sunday,3,Summer,0,7
2024-03-03,P010,Shampoo,Personal Care,8,122.17,31,Sunday,3,Summer,0,7
2024-03-04,P001,Rice,Grocery,25,58.73,141,Monday,3,Summer,0,5
2024-03-04,P002,Wheat,Grocery,18,43.84,107,Monday,3,Summer,0,5
2024-03-04,P003,Sugar,Grocery,13,51.63,95,Monday,3,Summer,0,4
2024-03-04,P004,Cooking Oil,Grocery,15,116.24,87,Monday,3,Summer,0,6
2024-03-04,P005,Milk,Dairy,37,39.63,206,Monday,3,Summer,0,2
2024-03-04,P006,Bread,Bakery,41,35.74,212,Monday,3,Summer,0,2
2024-03-04,P007,Eggs,Dairy,39,6.81,155,Monday,3,Summer,0,2
2024-03-04,P008,Biscuits,Snacks,26,29.6,34,Monday,3,Summer,0,4
2024-03-04,P009,Soap,Personal Care,12,35.43,57,Monday,3,Summer,0,7
2024-03-04,P010,Shampoo,Personal Care,5,119.25,95,Monday,3,Summer,0,7
2024-03-05,P001,Rice,Grocery,28,61.73,111,Tuesday,3,Summer,0,5
2024-03-05,P002,Wheat,Grocery,18,42.84,106,Tuesday,3,Summer,0,5
2024-03-05,P003,Sugar,Grocery,24,50.21,95,Tuesday,3,Summer,0,4
2024-03-05,P004,Cooking Oil,Grocery,14,125.64,88,Tuesday,3,Summer,0,6
2024-03-05,P005,Milk,Dairy,34,40.18,174,Tuesday,3,Summer,0,2
2024-03-05,P006,Bread,Bakery,29,36.39,139,Tuesday,3,Summer,0,2
2024-03-05,P007,Eggs,Dairy,52,6.73,266,Tuesday,3,Summer,0,2
2024-03-05,P008,Biscuits,Snacks,22,29.43,88,Tuesday,3,Summer,0,4
2024-03-05,P009,Soap,Personal Care,9,33.9,93,Tuesday,3,Summer,0,7
2024-03-05,P010,Shampoo,Personal Care,6,123.94,26,Tuesday,3,Summer,0,7
2024-03-06,P001,Rice,Grocery,26,61.07,131,Wednesday,3,Summer,0,5
2024-03-06,P002,Wheat,Grocery,14,46.63,46,Wednesday,3,Summer,0,5
2024-03-06,P003,Sugar,Grocery,22,49.97,130,Wednesday,3,Summer,0,4
2024-03-06,P004,Cooking Oil,Grocery,12,121.63,29,Wednesday,3,Summer,0,6
2024-03-06,P005,Milk,Dairy,40,40.79,105,Wednesday,3,Summer,0,2
2024-03-06,P006,Bread,Bakery,33,36.62,188,Wednesday,3,Summer,0,2
2024-03-06,P007,Eggs,Dairy,53,6.78,210,Wednesday,3,Summer,0,2
2024-03-06,P008,Biscuits,Snacks,24,31.25,138,Wednesday,3,Summer,0,4
2024-03-06,P009,Soap,Personal Care,12,34.36,83,Wednesday,3,Summer,0,7
2024-03-06,P010,Shampoo,Personal Care,7,116.01,23,Wednesday,3,Summer,0,7
2024-03-07,P001,Rice,Grocery,28,59.87,73,Thursday,3,Summer,0,5
2024-03-07,P002,Wheat,Grocery,18,44.19,31,Thursday,3,Summer,0,5
2024-03-07,P003,Sugar,Grocery,19,52.45,96,Thursday,3,Summer,0,4
2024-03-07,P004,Cooking Oil,Grocery,11,118.94,40,Thursday,3,Summer,0,6
2024-03-07,P005,Milk,Dairy,32,38.07,40,Thursday,3,Summer,0,2
2024-03-07,P006,Bread,Bakery,34,35.21,135,Thursday,3,Summer,0,2
2024-03-07,P007,Eggs,Dairy,43,6.93,53,Thursday,3,Summer,0,2
2024-03-07,P008,Biscuits,Snacks,22,30.21,100,Thursday,3,Summer,0,4
2024-03-07,P009,Soap,Personal Care,6,33.76,43,Thursday,3,Summer,0,7
2024-03-07,P010,Shampoo,Personal Care,6,119.26,56,Thursday,3,Summer,0,7
2024-03-08,P001,Rice,Grocery,28,58.5,131,Friday,3,Summer,0,5
2024-03-08,P002,Wheat,Grocery,14,44.23,39,Friday,3,Summer,0,5
2024-03-08,P003,Sugar,Grocery,24,49.51,100,Friday,3,Summer,0,4
2024-03-08,P004,Cooking Oil,Grocery,13,124.91,83,Friday,3,Summer,0,6
2024-03-08,P005,Milk,Dairy,32,38.15,76,Friday,3,Summer,0,2
2024-03-08,P006,Bread,Bakery,26,35.04,56,Friday,3,Summer,0,2
2024-03-08,P007,Eggs,Dairy,46,7.06,76,Friday,3,Summer,0,2
2024-03-08,P008,Biscuits,Snacks,24,31.35,65,Friday,3,Summer,0,4
2024-03-08,P009,Soap,Personal Care,11,33.93,73,Friday,3,Summer,0,7
2024-03-08,P010,Shampoo,Personal Care,4,116.37,76,Friday,3,Summer,0,7
2024-03-09,P001,Rice,Grocery,30,60.93,59,Saturday,3,Summer,0,5
2024-03-09,P002,Wheat,Grocery,19,43.14,35,Saturday,3,Summer,0,5
2024-03-09,P003,Sugar,Grocery,20,51.08,47,Saturday,3,Summer,0,4
2024-03-09,P004,Cooking Oil,Grocery,12,124.83,54,Saturday,3,Summer,0,6
2024-03-09,P005,Milk,Dairy,56,41.65,176,Saturday,3,Summer,0,2
2024-03-09,P006,Bread,Bakery,36,34.1,97,Saturday,3,Summer,0,2
2024-03-09,P007,Eggs,Dairy,47,6.77,194,Saturday,3,Summer,0,2
2024-03-09,P008,Biscuits,Snacks,22,31.3,58,Saturday,3,Summer,0,4
2024-03-09,P009,Soap,Personal Care,11,35.87,50,Saturday,3,Summer,0,7
2024-03-09,P010,Shampoo,Personal Care,7,122.94,54,Saturday,3,Summer,0,7
2024-03-10,P001,Rice,Grocery,33,57.65,162,Sunday,3,Summer,0,5
2024-03-10,P002,Wheat,Grocery,20,46.21,77,Sunday,3,Summer,0,5
2024-03-10,P003,Sugar,Grocery,23,50.11,121,Sunday,3,Summer,0,4
2024-03-10,P004,Cooking Oil,Grocery,17,125.63,56,Sunday,3,Summer,0,6
2024-03-10,P005,Milk,Dairy,49,38.76,72,Sunday,3,Summer,0,2
2024-03-10,P006,Bread,Bakery,41,33.84,194,Sunday,3,Summer,0,2
2024-03-10,P007,Eggs,Dairy,63,7.25,199,Sunday,3,Summer,0,2
2024-03-10,P008,Biscuits,Snacks,30,28.5,169,Sunday,3,Summer,0,4
2024-03-10,P009,Soap,Personal Care,12,34.22,100,Sunday,3,Summer,0,7
2024-03-10,P010,Shampoo,Personal Care,8,118.3,21,Sunday,3,Summer,0,7
2024-03-11,P001,Rice,Grocery,22,62.72,60,Monday,3,Summer,0,5
2024-03-11,P002,Wheat,Grocery,20,45.33,55,Monday,3,Summer,0,5
2024-03-11,P003,Sugar,Grocery,23,47.58,23,Monday,3,Summer,0,4
2024-03-11,P004,Cooking Oil,Grocery,12,118.13,30,Monday,3,Summer,0,6
2024-03-11,P005,Milk,Dairy,36,40.98,94,Monday,3,Summer,0,2
2024-03-11,P006,Bread,Bakery,29,34.83,33,Monday,3,Summer,0,2
2024-03-11,P007,Eggs,Dairy,45,6.86,134,Monday,3,Summer,0,2
2024-03-11,P008,Biscuits,Snacks,24,29.79,33,Monday,3,Summer,0,4
2024-03-11,P009,Soap,Personal Care,10,36.37,70,Monday,3,Summer,0,7
2024-03-11,P010,Shampoo,Personal Care,7,120.27,44,Monday,3,Summer,0,7
2024-03-12,P001,Rice,Grocery,27,62.53,103,Tuesday,3,Summer,0,5
2024-03-12,P002,Wheat,Grocery,12,47.1,60,Tuesday,3,Summer,0,5
2024-03-12,P003,Sugar,Grocery,22,51.24,106,Tuesday,3,Summer,0,4
2024-03-12,P004,Cooking Oil,Grocery,13,114.81,78,Tuesday,3,Summer,0,6
2024-03-12,P005,Milk,Dairy,34,40.29,100,Tuesday,3,Summer,0,2
2024-03-12,P006,Bread,Bakery,30,33.92,75,Tuesday,3,Summer,0,2
2024-03-12,P007,Eggs,Dairy,45,7.2,225,Tuesday,3,Summer,0,2
2024-03-12,P008,Biscuits,Snacks,27,29.7,70,Tuesday,3,Summer,0,4
2024-03-12,P009,Soap,Personal Care,13,33.57,43,Tuesday,3,Summer,0,7
2024-03-12,P010,Shampoo,Personal Care,6,125.84,61,Tuesday,3,Summer,0,7
2024-03-13,P001,Rice,Grocery,23,57.9,81,Wednesday,3,Summer,0,5
2024-03-13,P002,Wheat,Grocery,13,46.17,68,Wednesday,3,Summer,0,5
2024-03-13,P003,Sugar,Grocery,19,47.57,95,Wednesday,3,Summer,0,4
2024-03-13,P004,Cooking Oil,Grocery,8,115.7,21,Wednesday,3,Summer,0,6
2024-03-13,P005,Milk,Dairy,45,40.54,75,Wednesday,3,Summer,0,2
2024-03-13,P006,Bread,Bakery,28,34.93,168,Wednesday,3,Summer,0,2
2024-03-13,P007,Eggs,Dairy,56,6.7,109,Wednesday,3,Summer,0,2
2024-03-13,P008,Biscuits,Snacks,28,28.67,103,Wednesday,3,Summer,0,4
2024-03-13,P009,Soap,Personal Care,10,35.31,26,Wednesday,3,Summer,0,7
2024-03-13,P010,Shampoo,Personal Care,7,125.73,30,Wednesday,3,Summer,0,7
2024-03-14,P001,Rice,Grocery,25,57.18,75,Thursday,3,Summer,0,5
2024-03-14,P002,Wheat,Grocery,17,46.98,26,Thursday,3,Summer,0,5
2024-03-14,P003,Sugar,Grocery,18,50.4,22,Thursday,3,Summer,0,4
2024-03-14,P004,Cooking Oil,Grocery,12,114.17,54,Thursday,3,Summer,0,6
2024-03-14,P005,Milk,Dairy,44,40.2,248,Thursday,3,Summer,0,2
2024-03-14,P006,Bread,Bakery,30,34.12,43,Thursday,3,Summer,0,2
2024-03-14,P007,Eggs,Dairy,36,7.25,76,Thursday,3,Summer,0,2
2024-03-14,P008,Biscuits,Snacks,26,31.28,87,Thursday,3,Summer,0,4
2024-03-14,P009,Soap,Personal Care,12,36.61,65,Thursday,3,Summer,0,7
2024-03-14,P010,Shampoo,Personal Care,4,121.93,71,Thursday,3,Summer,0,7
2024-03-15,P001,Rice,Grocery,22,62.44,75,Friday,3,Summer,0,5
2024-03-15,P002,Wheat,Grocery,18,45.96,55,Friday,3,Summer,0,5
2024-03-15,P003,Sugar,Grocery,18,48.62,67,Friday,3,Summer,0,4
2024-03-15,P004,Cooking Oil,Grocery,14,116.89,77,Friday,3,Summer,0,6
2024-03-15,P005,Milk,Dairy,45,41.08,107,Friday,3,Summer,0,2
2024-03-15,P006,Bread,Bakery,31,35.29,119,Friday,3,Summer,0,2
2024-03-15,P007,Eggs,Dairy,61,6.97,70,Friday,3,Summer,0,2
2024-03-15,P008,Biscuits,Snacks,23,29.16,106,Friday,3,Summer,0,4
2024-03-15,P009,Soap,Personal Care,9,36.03,100,Friday,3,Summer,0,7
2024-03-15,P010,Shampoo,Personal Care,6,116.08,70,Friday,3,Summer,0,7
2024-03-16,P001,Rice,Grocery,31,58.46,78,Saturday,3,Summer,0,5
2024-03-16,P002,Wheat,Grocery,16,44.9,94,Saturday,3,Summer,0,5
2024-03-16,P003,Sugar,Grocery,29,47.71,38,Saturday,3,Summer,0,4
2024-03-16,P004,Cooking Oil,Grocery,17,115.07,20,Saturday,3,Summer,0,6
2024-03-16,P005,Milk,Dairy,35,40.58,168,Saturday,3,Summer,0,2
2024-03-16,P006,Bread,Bakery,34,36.37,84,Saturday,3,Summer,0,2
2024-03-16,P007,Eggs,Dairy,46,7.27,237,Saturday,3,Summer,0,2
2024-03-16,P008,Biscuits,Snacks,30,31.13,45,Saturday,3,Summer,0,4
2024-03-16,P009,Soap,Personal Care,12,34.86,85,Saturday,3,Summer,0,7
2024-03-16,P010,Shampoo,Personal Care,9,114.99,50,Saturday,3,Summer,0,7
2024-03-17,P001,Rice,Grocery,35,62.3,76,Sunday,3,Summer,0,5
2024-03-17,P002,Wheat,Grocery,22,44.26,101,Sunday,3,Summer,0,5
2024-03-17,P003,Sugar,Grocery,22,47.88,65,Sunday,3,Summer,0,4
2024-03-17,P004,Cooking Oil,Grocery,8,115.19,43,Sunday,3,Summer,0,6
2024-03-17,P005,Milk,Dairy,39,41.01,113,Sunday,3,Summer,0,2
2024-03-17,P006,Bread,Bakery,27,34.14,103,Sunday,3,Summer,0,2
2024-03-17,P007,Eggs,Dairy,39,7.15,171,Sunday,3,Summer,0,2
2024-03-17,P008,Biscuits,Snacks,20,31.48,97,Sunday,3,Summer,0,4
2024-03-17,P009,Soap,Personal Care,10,35.33,91,Sunday,3,Summer,0,7
2024-03-17,P010,Shampoo,Personal Care,7,118.23,48,Sunday,3,Summer,0,7
2024-03-18,P001,Rice,Grocery,27,61.46,86,Monday,3,Summer,0,5
2024-03-18,P002,Wheat,Grocery,17,45.43,79,Monday,3,Summer,0,5
2024-03-18,P003,Sugar,Grocery,24,51.57,123,Monday,3,Summer,0,4
2024-03-18,P004,Cooking Oil,Grocery,15,119.76,56,Monday,3,Summer,0,6
2024-03-18,P005,Milk,Dairy,49,41.22,108,Monday,3,Summer,0,2
2024-03-18,P006,Bread,Bakery,27,34.48,108,Monday,3,Summer,0,2
2024-03-18,P007,Eggs,Dairy,34,7.26,155,Monday,3,Summer,0,2
2024-03-18,P008,Biscuits,Snacks,24,29.4,59,Monday,3,Summer,0,4
2024-03-18,P009,Soap,Personal Care,8,34.28,43,Monday,3,Summer,0,7
2024-03-18,P010,Shampoo,Personal Care,5,122.13,48,Monday,3,Summer,0,7
2024-03-19,P001,Rice,Grocery,27,61.56,131,Tuesday,3,Summer,0,5
2024-03-19,P002,Wheat,Grocery,16,43.59,89,Tuesday,3,Summer,0,5
2024-03-19,P003,Sugar,Grocery,17,49.14,64,Tuesday,3,Summer,0,4
2024-03-19,P004,Cooking Oil,Grocery,11,120.02,31,Tuesday,3,Summer,0,6
2024-03-19,P005,Milk,Dairy,33,40.72,151,Tuesday,3,Summer,0,2
2024-03-19,P006,Bread,Bakery,35,33.43,118,Tuesday,3,Summer,0,2
2024-03-19,P007,Eggs,Dairy,50,7.11,193,Tuesday,3,Summer,0,2
2024-03-19,P008,Biscuits,Snacks,19,30.07,91,Tuesday,3,Summer,0,4
2024-03-19,P009,Soap,Personal Care,8,36.26,82,Tuesday,3,Summer,0,7
2024-03-19,P010,Shampoo,Personal Care,5,116.79,83,Tuesday,3,Summer,0,7
2024-03-20,P001,Rice,Grocery,26,60.47,133,Wednesday,3,Summer,0,5
2024-03-20,P002,Wheat,Grocery,18,46.33,51,Wednesday,3,Summer,0,5
2024-03-20,P003,Sugar,Grocery,17,47.59,49,Wednesday,3,Summer,0,4
2024-03-20,P004,Cooking Oil,Grocery,14,119.67,87,Wednesday,3,Summer,0,6
2024-03-20,P005,Milk,Dairy,37,39.09,60,Wednesday,3,Summer,0,2
2024-03-20,P006,Bread,Bakery,33,35.91,100,Wednesday,3,Summer,0,2
2024-03-20,P007,Eggs,Dairy,49,7.04,248,Wednesday,3,Summer,0,2
2024-03-20,P008,Biscuits,Snacks,23,29.51,30,Wednesday,3,Summer,0,4
2024-03-20,P009,Soap,Personal Care,9,33.56,62,Wednesday,3,Summer,0,7
2024-03-20,P010,Shampoo,Personal Care,6,125.44,97,Wednesday,3,Summer,0,7
2024-03-21,P001,Rice,Grocery,24,62.46,43,Thursday,3,Summer,0,5
2024-03-21,P002,Wheat,Grocery,17,45.18,68,Thursday,3,Summer,0,5
2024-03-21,P003,Sugar,Grocery,22,52.04,95,Thursday,3,Summer,0,4
2024-03-21,P004,Cooking Oil,Grocery,15,122.91,20,Thursday,3,Summer,0,6
2024-03-21,P005,Milk,Dairy,35,40.71,114,Thursday,3,Summer,0,2
2024-03-21,P006,Bread,Bakery,27,35.9,58,Thursday,3,Summer,0,2
2024-03-21,P007,Eggs,Dairy,38,6.98,194,Thursday,3,Summer,0,2
2024-03-21,P008,Biscuits,Snacks,28,31.27,154,Thursday,3,Summer,0,4
2024-03-21,P009,Soap,Personal Care,10,34.76,60,Thursday,3,Summer,0,7
2024-03-21,P010,Shampoo,Personal Care,8,118.17,69,Thursday,3,Summer,0,7
2024-03-22,P001,Rice,Grocery,27,59.97,66,Friday,3,Summer,0,5
2024-03-22,P002,Wheat,Grocery,14,43.81,50,Friday,3,Summer,0,5
2024-03-22,P003,Sugar,Grocery,22,47.94,49,Friday,3,Summer,0,4
2024-03-22,P004,Cooking Oil,Grocery,14,125.1,77,Friday,3,Summer,0,6
2024-03-22,P005,Milk,Dairy,45,39.74,199,Friday,3,Summer,0,2
2024-03-22,P006,Bread,Bakery,38,34.5,124,Friday,3,Summer,0,2
2024-03-22,P007,Eggs,Dairy,50,6.99,54,Friday,3,Summer,0,2
2024-03-22,P008,Biscuits,Snacks,24,29.27,27,Friday,3,Summer,0,4
2024-03-22,P009,Soap,Personal Care,9,35.48,47,Friday,3,Summer,0,7
2024-03-22,P010,Shampoo,Personal Care,6,125.58,51,Friday,3,Summer,0,7
2024-03-23,P001,Rice,Grocery,27,61.16,147,Saturday,3,Summer,0,5
2024-03-23,P002,Wheat,Grocery,21,46.22,102,Saturday,3,Summer,0,5
2024-03-23,P003,Sugar,Grocery,22,48.27,113,Saturday,3,Summer,0,4
2024-03-23,P004,Cooking Oil,Grocery,16,120.25,34,Saturday,3,Summer,0,6
2024-03-23,P005,Milk,Dairy,36,38.97,46,Saturday,3,Summer,0,2
2024-03-23,P006,Bread,Bakery,39,33.71,57,Saturday,3,Summer,0,2
2024-03-23,P007,Eggs,Dairy,63,6.69,372,Saturday,3,Summer,0,2
2024-03-23,P008,Biscuits,Snacks,27,30.75,75,Saturday,3,Summer,0,4
2024-03-23,P009,Soap,Personal Care,13,36.61,29,Saturday,3,Summer,0,7
2024-03-23,P010,Shampoo,Personal Care,10,121.11,37,Saturday,3,Summer,0,7
2024-03-24,P001,Rice,Grocery,22,60.18,109,Sunday,3,Summer,0,5
2024-03-24,P002,Wheat,Grocery,27,46.61,159,Sunday,3,Summer,0,5
2024-03-24,P003,Sugar,Grocery,27,50.59,133,Sunday,3,Summer,0,4
2024-03-24,P004,Cooking Oil,Grocery,17,123.63,24,Sunday,3,Summer,0,6
2024-03-24,P005,Milk,Dairy,47,41.36,129,Sunday,3,Summer,0,2
2024-03-24,P006,Bread,Bakery,40,36.49,114,Sunday,3,Summer,0,2
2024-03-24,P007,Eggs,Dairy,63,6.7,176,Sunday,3,Summer,0,2
2024-03-24,P008,Biscuits,Snacks,20,29.74,32,Sunday,3,Summer,0,4
2024-03-24,P009,Soap,Personal Care,13,35.31,73,Sunday,3,Summer,0,7
2024-03-24,P010,Shampoo,Personal Care,9,124.37,62,Sunday,3,Summer,0,7
2024-03-25,P001,Rice,Grocery,28,59.14,138,Monday,3,Summer,0,5
2024-03-25,P002,Wheat,Grocery,12,46.09,43,Monday,3,Summer,0,5
2024-03-25,P003,Sugar,Grocery,20,50.69,88,Monday,3,Summer,0,4
2024-03-25,P004,Cooking Oil,Grocery,10,117.56,92,Monday,3,Summer,0,6
2024-03-25,P005,Milk,Dairy,34,39.43,115,Monday,3,Summer,0,2
2024-03-25,P006,Bread,Bakery,33,36.1,158,Monday,3,Summer,0,2
2024-03-25,P007,Eggs,Dairy,36,7.2,81,Monday,3,Summer,0,2
2024-03-25,P008,Biscuits,Snacks,22,30.07,82,Monday,3,Summer,0,4
2024-03-25,P009,Soap,Personal Care,9,34.48,65,Monday,3,Summer,0,7
2024-03-25,P010,Shampoo,Personal Care,5,120.23,33,Monday,3,Summer,0,7
2024-03-26,P001,Rice,Grocery,27,60.32,141,Tuesday,3,Summer,0,5
2024-03-26,P002,Wheat,Grocery,18,47.03,61,Tuesday,3,Summer,0,5
2024-03-26,P003,Sugar,Grocery,17,52.24,86,Tuesday,3,Summer,0,4
2024-03-26,P004,Cooking Oil,Grocery,14,118.21,95,Tuesday,3,Summer,0,6
2024-03-26,P005,Milk,Dairy,40,41.79,133,Tuesday,3,Summer,0,2
2024-03-26,P006,Bread,Bakery,27,35.75,80,Tuesday,3,Summer,0,2
2024-03-26,P007,Eggs,Dairy,38,6.93,133,Tuesday,3,Summer,0,2
2024-03-26,P008,Biscuits,Snacks,31,30.14,184,Tuesday,3,Summer,0,4
2024-03-26,P009,Soap,Personal Care,8,35.22,54,Tuesday,3,Summer,0,7
2024-03-26,P010,Shampoo,Personal Care,7,122.56,40,Tuesday,3,Summer,0,7
2024-03-27,P001,Rice,Grocery,26,60.68,99,Wednesday,3,Summer,0,5
2024-03-27,P002,Wheat,Grocery,19,46.2,62,Wednesday,3,Summer,0,5
2024-03-27,P003,Sugar,Grocery,15,47.8,85,Wednesday,3,Summer,0,4
2024-03-27,P004,Cooking Oil,Grocery,13,123.15,57,Wednesday,3,Summer,0,6
2024-03-27,P005,Milk,Dairy,40,41.0,120,Wednesday,3,Summer,0,2
2024-03-27,P006,Bread,Bakery,30,36.51,52,Wednesday,3,Summer,0,2
2024-03-27,P007,Eggs,Dairy,42,6.9,177,Wednesday,3,Summer,0,2
2024-03-27,P008,Biscuits,Snacks,24,29.41,85,Wednesday,3,Summer,0,4
2024-03-27,P009,Soap,Personal Care,13,34.06,57,Wednesday,3,Summer,0,7
2024-03-27,P010,Shampoo,Personal Care,7,114.83,93,Wednesday,3,Summer,0,7
2024-03-28,P001,Rice,Grocery,23,59.47,107,Thursday,3,Summer,0,5
2024-03-28,P002,Wheat,Grocery,22,44.16,113,Thursday,3,Summer,0,5
2024-03-28,P003,Sugar,Grocery,18,49.73,101,Thursday,3,Summer,0,4
2024-03-28,P004,Cooking Oil,Grocery,13,118.23,32,Thursday,3,Summer,0,6
2024-03-28,P005,Milk,Dairy,37,40.32,116,Thursday,3,Summer,0,2
2024-03-28,P006,Bread,Bakery,27,35.52,115,Thursday,3,Summer,0,2
2024-03-28,P007,Eggs,Dairy,44,6.74,79,Thursday,3,Summer,0,2
2024-03-28,P008,Biscuits,Snacks,22,30.73,40,Thursday,3,Summer,0,4
2024-03-28,P009,Soap,Personal Care,7,34.55,44,Thursday,3,Summer,0,7
2024-03-28,P010,Shampoo,Personal Care,6,117.56,85,Thursday,3,Summer,0,7
2024-03-29,P001,Rice,Grocery,20,59.06,51,Friday,3,Summer,0,5
2024-03-29,P002,Wheat,Grocery,14,45.45,88,Friday,3,Summer,0,5
2024-03-29,P003,Sugar,Grocery,18,48.1,101,Friday,3,Summer,0,4
2024-03-29,P004,Cooking Oil,Grocery,11,114.82,35,Friday,3,Summer,0,6
2024-03-29,P005,Milk,Dairy,32,39.09,176,Friday,3,Summer,0,2
2024-03-29,P006,Bread,Bakery,41,36.51,231,Friday,3,Summer,0,2
2024-03-29,P007,Eggs,Dairy,27,7.18,147,Friday,3,Summer,0,2
2024-03-29,P008,Biscuits,Snacks,28,28.71,43,Friday,3,Summer,0,4
2024-03-29,P009,Soap,Personal Care,12,36.65,24,Friday,3,Summer,0,7
2024-03-29,P010,Shampoo,Personal Care,7,115.44,90,Friday,3,Summer,0,7
2024-03-30,P001,Rice,Grocery,32,57.11,97,Saturday,3,Summer,0,5
2024-03-30,P002,Wheat,Grocery,20,45.41,108,Saturday,3,Summer,0,5
2024-03-30,P003,Sugar,Grocery,25,49.68,31,Saturday,3,Summer,0,4
2024-03-30,P004,Cooking Oil,Grocery,15,119.59,50,Saturday,3,Summer,0,6
2024-03-30,P005,Milk,Dairy,32,39.43,169,Saturday,3,Summer,0,2
2024-03-30,P006,Bread,Bakery,37,34.71,95,Saturday,3,Summer,0,2
2024-03-30,P007,Eggs,Dairy,54,7.32,125,Saturday,3,Summer,0,2
2024-03-30,P008,Biscuits,Snacks,26,30.65,78,Saturday,3,Summer,0,4
2024-03-30,P009,Soap,Personal Care,10,34.6,77,Saturday,3,Summer,0,7
2024-03-30,P010,Shampoo,Personal Care,7,122.39,91,Saturday,3,Summer,0,7
2024-03-31,P001,Rice,Grocery,27,58.67,45,Sunday,3,Summer,0,5
2024-03-31,P002,Wheat,Grocery,25,46.39,94,Sunday,3,Summer,0,5
2024-03-31,P003,Sugar,Grocery,29,49.29,172,Sunday,3,Summer,0,4
2024-03-31,P004,Cooking Oil,Grocery,16,120.61,22,Sunday,3,Summer,0,6
2024-03-31,P005,Milk,Dairy,46,41.61,107,Sunday,3,Summer,0,2
2024-03-31,P006,Bread,Bakery,35,34.07,119,Sunday,3,Summer,0,2
2024-03-31,P007,Eggs,Dairy,51,6.68,66,Sunday,3,Summer,0,2
2024-03-31,P008,Biscuits,Snacks,25,31.38,65,Sunday,3,Summer,0,4
2024-03-31,P009,Soap,Personal Care,11,34.38,97,Sunday,3,Summer,0,7
2024-03-31,P010,Shampoo,Personal Care,7,119.33,63,Sunday,3,Summer,0,7
2024-04-01,P001,Rice,Grocery,27,62.12,36,Monday,4,Summer,0,5
2024-04-01,P002,Wheat,Grocery,20,46.27,42,Monday,4,Summer,0,5
2024-04-01,P003,Sugar,Grocery,18,48.82,71,Monday,4,Summer,0,4
2024-04-01,P004,Cooking Oil,Grocery,13,120.97,52,Monday,4,Summer,0,6
2024-04-01,P005,Milk,Dairy,55,41.02,60,Monday,4,Summer,0,2
2024-04-01,P006,Bread,Bakery,31,36.18,127,Monday,4,Summer,0,2
2024-04-01,P007,Eggs,Dairy,52,7.27,138,Monday,4,Summer,0,2
2024-04-01,P008,Biscuits,Snacks,31,30.38,181,Monday,4,Summer,0,4
2024-04-01,P009,Soap,Personal Care,10,36.14,69,Monday,4,Summer,0,7
2024-04-01,P010,Shampoo,Personal Care,7,125.84,77,Monday,4,Summer,0,7
2024-04-02,P001,Rice,Grocery,26,59.52,142,Tuesday,4,Summer,0,5
2024-04-02,P002,Wheat,Grocery,23,44.64,71,Tuesday,4,Summer,0,5
2024-04-02,P003,Sugar,Grocery,21,52.44,48,Tuesday,4,Summer,0,4
2024-04-02,P004,Cooking Oil,Grocery,8,115.88,35,Tuesday,4,Summer,0,6
2024-04-02,P005,Milk,Dairy,34,38.28,169,Tuesday,4,Summer,0,2
2024-04-02,P006,Bread,Bakery,36,36.49,79,Tuesday,4,Summer,0,2
2024-04-02,P007,Eggs,Dairy,45,6.84,180,Tuesday,4,Summer,0,2
2024-04-02,P008,Biscuits,Snacks,25,31.37,84,Tuesday,4,Summer,0,4
2024-04-02,P009,Soap,Personal Care,7,33.82,35,Tuesday,4,Summer,0,7
2024-04-02,P010,Shampoo,Personal Care,6,115.21,65,Tuesday,4,Summer,0,7
2024-04-03,P001,Rice,Grocery,23,58.4,121,Wednesday,4,Summer,0,5
2024-04-03,P002,Wheat,Grocery,17,44.57,78,Wednesday,4,Summer,0,5
2024-04-03,P003,Sugar,Grocery,15,51.12,53,Wednesday,4,Summer,0,4
2024-04-03,P004,Cooking Oil,Grocery,13,114.32,43,Wednesday,4,Summer,0,6
2024-04-03,P005,Milk,Dairy,31,41.61,41,Wednesday,4,Summer,0,2
2024-04-03,P006,Bread,Bakery,22,35.6,55,Wednesday,4,Summer,0,2
2024-04-03,P007,Eggs,Dairy,35,7.26,87,Wednesday,4,Summer,0,2
2024-04-03,P008,Biscuits,Snacks,29,29.16,131,Wednesday,4,Summer,0,4
2024-04-03,P009,Soap,Personal Care,9,34.02,40,Wednesday,4,Summer,0,7
2024-04-03,P010,Shampoo,Personal Care,5,122.46,40,Wednesday,4,Summer,0,7
2024-04-04,P001,Rice,Grocery,27,62.19,68,Thursday,4,Summer,0,5
2024-04-04,P002,Wheat,Grocery,14,44.7,67,Thursday,4,Summer,0,5
2024-04-04,P003,Sugar,Grocery,23,51.29,121,Thursday,4,Summer,0,4
2024-04-04,P004,Cooking Oil,Grocery,10,120.09,81,Thursday,4,Summer,0,6
2024-04-04,P005,Milk,Dairy,34,40.67,116,Thursday,4,Summer,0,2
2024-04-04,P006,Bread,Bakery,24,33.99,140,Thursday,4,Summer,0,2
2024-04-04,P007,Eggs,Dairy,40,7.14,69,Thursday,4,Summer,0,2
2024-04-04,P008,Biscuits,Snacks,24,30.94,94,Thursday,4,Summer,0,4
2024-04-04,P009,Soap,Personal Care,9,36.51,43,Thursday,4,Summer,0,7
2024-04-04,P010,Shampoo,Personal Care,7,118.2,99,Thursday,4,Summer,0,7
2024-04-05,P001,Rice,Grocery,23,61.42,88,Friday,4,Summer,0,5
2024-04-05,P002,Wheat,Grocery,18,47.22,107,Friday,4,Summer,0,5
2024-04-05,P003,Sugar,Grocery,22,52.0,81,Friday,4,Summer,0,4
2024-04-05,P004,Cooking Oil,Grocery,14,114.33,70,Friday,4,Summer,0,6
2024-04-05,P005,Milk,Dairy,43,39.03,161,Friday,4,Summer,0,2
2024-04-05,P006,Bread,Bakery,25,34.75,92,Friday,4,Summer,0,2
2024-04-05,P007,Eggs,Dairy,48,7.04,263,Friday,4,Summer,0,2
2024-04-05,P008,Biscuits,Snacks,24,28.99,143,Friday,4,Summer,0,4
2024-04-05,P009,Soap,Personal Care,10,34.67,72,Friday,4,Summer,0,7
2024-04-05,P010,Shampoo,Personal Care,8,116.58,92,Friday,4,Summer,0,7
2024-04-06,P001,Rice,Grocery,23,62.6,51,Saturday,4,Summer,0,5
2024-04-06,P002,Wheat,Grocery,23,46.17,27,Saturday,4,Summer,0,5
2024-04-06,P003,Sugar,Grocery,20,50.39,69,Saturday,4,Summer,0,4
2024-04-06,P004,Cooking Oil,Grocery,14,120.04,51,Saturday,4,Summer,0,6
2024-04-06,P005,Milk,Dairy,55,38.14,134,Saturday,4,Summer,0,2
2024-04-06,P006,Bread,Bakery,33,34.85,90,Saturday,4,Summer,0,2
2024-04-06,P007,Eggs,Dairy,62,7.06,79,Saturday,4,Summer,0,2
2024-04-06,P008,Biscuits,Snacks,23,29.72,130,Saturday,4,Summer,0,4
2024-04-06,P009,Soap,Personal Care,11,34.93,26,Saturday,4,Summer,0,7
2024-04-06,P010,Shampoo,Personal Care,8,116.73,24,Saturday,4,Summer,0,7
2024-04-07,P001,Rice,Grocery,22,61.12,116,Sunday,4,Summer,0,5
2024-04-07,P002,Wheat,Grocery,22,42.94,120,Sunday,4,Summer,0,5
2024-04-07,P003,Sugar,Grocery,26,51.24,102,Sunday,4,Summer,0,4
2024-04-07,P004,Cooking Oil,Grocery,15,125.18,87,Sunday,4,Summer,0,6
2024-04-07,P005,Milk,Dairy,35,41.65,81,Sunday,4,Summer,0,2
2024-04-07,P006,Bread,Bakery,34,33.47,91,Sunday,4,Summer,0,2
2024-04-07,P007,Eggs,Dairy,48,7.22,118,Sunday,4,Summer,0,2
2024-04-07,P008,Biscuits,Snacks,26,30.73,113,Sunday,4,Summer,0,4
2024-04-07,P009,Soap,Personal Care,12,33.81,59,Sunday,4,Summer,0,7
2024-04-07,P010,Shampoo,Personal Care,7,120.16,79,Sunday,4,Summer,0,7
2024-04-08,P001,Rice,Grocery,26,57.08,71,Monday,4,Summer,0,5
2024-04-08,P002,Wheat,Grocery,16,46.92,43,Monday,4,Summer,0,5
2024-04-08,P003,Sugar,Grocery,17,50.62,61,Monday,4,Summer,0,4
2024-04-08,P004,Cooking Oil,Grocery,14,124.18,97,Monday,4,Summer,0,6
2024-04-08,P005,Milk,Dairy,31,40.75,133,Monday,4,Summer,0,2
2024-04-08,P006,Bread,Bakery,26,36.26,125,Monday,4,Summer,0,2
2024-04-08,P007,Eggs,Dairy,42,7.25,50,Monday,4,Summer,0,2
2024-04-08,P008,Biscuits,Snacks,17,31.49,29,Monday,4,Summer,0,4
2024-04-08,P009,Soap,Personal Care,8,36.67,73,Monday,4,Summer,0,7
2024-04-08,P010,Shampoo,Personal Care,6,114.49,38,Monday,4,Summer,0,7
2024-04-09,P001,Rice,Grocery,24,59.03,66,Tuesday,4,Summer,0,5
2024-04-09,P002,Wheat,Grocery,15,46.97,92,Tuesday,4,Summer,0,5
2024-04-09,P003,Sugar,Grocery,20,52.05,36,Tuesday,4,Summer,0,4
2024-04-09,P004,Cooking Oil,Grocery,15,125.45,91,Tuesday,4,Summer,0,6
2024-04-09,P005,Milk,Dairy,30,39.61,75,Tuesday,4,Summer,0,2
2024-04-09,P006,Bread,Bakery,22,36.11,52,Tuesday,4,Summer,0,2
2024-04-09,P007,Eggs,Dairy,36,6.96,172,Tuesday,4,Summer,0,2
2024-04-09,P008,Biscuits,Snacks,26,29.27,138,Tuesday,4,Summer,0,4
2024-04-09,P009,Soap,Personal Care,8,36.2,40,Tuesday,4,Summer,0,7
2024-04-09,P010,Shampoo,Personal Care,9,120.39,21,Tuesday,4,Summer,0,7
2024-04-10,P001,Rice,Grocery,21,60.73,123,Wednesday,4,Summer,0,5
2024-04-10,P002,Wheat,Grocery,18,46.25,78,Wednesday,4,Summer,0,5
2024-04-10,P003,Sugar,Grocery,17,48.06,92,Wednesday,4,Summer,0,4
2024-04-10,P004,Cooking Oil,Grocery,13,114.4,86,Wednesday,4,Summer,0,6
2024-04-10,P005,Milk,Dairy,38,41.29,138,Wednesday,4,Summer,0,2
2024-04-10,P006,Bread,Bakery,35,36.52,119,Wednesday,4,Summer,0,2
2024-04-10,P007,Eggs,Dairy,49,7.02,202,Wednesday,4,Summer,0,2
2024-04-10,P008,Biscuits,Snacks,27,30.68,88,Wednesday,4,Summer,0,4
2024-04-10,P009,Soap,Personal Care,8,35.1,82,Wednesday,4,Summer,0,7
2024-04-10,P010,Shampoo,Personal Care,6,118.61,96,Wednesday,4,Summer,0,7
2024-04-11,P001,Rice,Grocery,26,59.69,44,Thursday,4,Summer,0,5
2024-04-11,P002,Wheat,Grocery,20,43.72,55,Thursday,4,Summer,0,5
2024-04-11,P003,Sugar,Grocery,23,49.27,56,Thursday,4,Summer,0,4
2024-04-11,P004,Cooking Oil,Grocery,12,121.26,33,Thursday,4,Summer,0,6
2024-04-11,P005,Milk,Dairy,36,40.83,57,Thursday,4,Summer,0,2
2024-04-11,P006,Bread,Bakery,31,34.82,154,Thursday,4,Summer,0,2
2024-04-11,P007,Eggs,Dairy,40,6.68,171,Thursday,4,Summer,0,2
2024-04-11,P008,Biscuits,Snacks,24,30.2,108,Thursday,4,Summer,0,4
2024-04-11,P009,Soap,Personal Care,9,34.58,38,Thursday,4,Summer,0,7
2024-04-11,P010,Shampoo,Personal Care,7,125.34,54,Thursday,4,Summer,0,7
2024-04-12,P001,Rice,Grocery,27,62.89,93,Friday,4,Summer,0,5
2024-04-12,P002,Wheat,Grocery,16,46.56,52,Friday,4,Summer,0,5
2024-04-12,P003,Sugar,Grocery,18,49.07,33,Friday,4,Summer,0,4
2024-04-12,P004,Cooking Oil,Grocery,8,117.82,84,Friday,4,Summer,0,6
2024-04-12,P005,Milk,Dairy,32,39.99,48,Friday,4,Summer,0,2
2024-04-12,P006,Bread,Bakery,28,33.28,61,Friday,4,Summer,0,2
2024-04-12,P007,Eggs,Dairy,36,6.7,88,Friday,4,Summer,0,2
2024-04-12,P008,Biscuits,Snacks,23,31.27,61,Friday,4,Summer,0,4
2024-04-12,P009,Soap,Personal Care,10,35.74,56,Friday,4,Summer,0,7
2024-04-12,P010,Shampoo,Personal Care,8,124.82,38,Friday,4,Summer,0,7
2024-04-13,P001,Rice,Grocery,30,58.42,49,Saturday,4,Summer,0,5
2024-04-13,P002,Wheat,Grocery,21,45.85,113,Saturday,4,Summer,0,5
2024-04-13,P003,Sugar,Grocery,25,51.52,117,Saturday,4,Summer,0,4
2024-04-13,P004,Cooking Oil,Grocery,12,125.37,95,Saturday,4,Summer,0,6
2024-04-13,P005,Milk,Dairy,57,39.61,197,Saturday,4,Summer,0,2
2024-04-13,P006,Bread,Bakery,42,34.39,155,Saturday,4,Summer,0,2
2024-04-13,P007,Eggs,Dairy,51,7.04,202,Saturday,4,Summer,0,2
2024-04-13,P008,Biscuits,Snacks,32,31.24,101,Saturday,4,Summer,0,4
2024-04-13,P009,Soap,Personal Care,13,34.3,56,Saturday,4,Summer,0,7
2024-04-13,P010,Shampoo,Personal Care,11,125.72,96,Saturday,4,Summer,0,7
2024-04-14,P001,Rice,Grocery,27,60.9,87,Sunday,4,Summer,0,5
2024-04-14,P002,Wheat,Grocery,16,44.51,84,Sunday,4,Summer,0,5
2024-04-14,P003,Sugar,Grocery,24,51.44,34,Sunday,4,Summer,0,4
2024-04-14,P004,Cooking Oil,Grocery,15,124.62,49,Sunday,4,Summer,0,6
2024-04-14,P005,Milk,Dairy,48,39.38,88,Sunday,4,Summer,0,2
2024-04-14,P006,Bread,Bakery,40,33.73,93,Sunday,4,Summer,0,2
2024-04-14,P007,Eggs,Dairy,37,7.09,137,Sunday,4,Summer,0,2
2024-04-14,P008,Biscuits,Snacks,22,29.46,33,Sunday,4,Summer,0,4
2024-04-14,P009,Soap,Personal Care,11,35.93,29,Sunday,4,Summer,0,7
2024-04-14,P010,Shampoo,Personal Care,9,114.28,53,Sunday,4,Summer,0,7
2024-04-15,P001,Rice,Grocery,22,61.28,33,Monday,4,Summer,0,5
2024-04-15,P002,Wheat,Grocery,15,44.95,70,Monday,4,Summer,0,5
2024-04-15,P003,Sugar,Grocery,20,51.01,93,Monday,4,Summer,0,4
2024-04-15,P004,Cooking Oil,Grocery,12,116.04,65,Monday,4,Summer,0,6
2024-04-15,P005,Milk,Dairy,45,39.2,221,Monday,4,Summer,0,2
2024-04-15,P006,Bread,Bakery,42,33.8,113,Monday,4,Summer,0,2
2024-04-15,P007,Eggs,Dairy,48,7.04,155,Monday,4,Summer,0,2
2024-04-15,P008,Biscuits,Snacks,20,30.75,28,Monday,4,Summer,0,4
2024-04-15,P009,Soap,Personal Care,9,35.25,67,Monday,4,Summer,0,7
2024-04-15,P010,Shampoo,Personal Care,5,116.68,56,Monday,4,Summer,0,7
2024-04-16,P001,Rice,Grocery,21,59.25,125,Tuesday,4,Summer,0,5
2024-04-16,P002,Wheat,Grocery,20,45.76,94,Tuesday,4,Summer,0,5
2024-04-16,P003,Sugar,Grocery,18,51.67,101,Tuesday,4,Summer,0,4
2024-04-16,P004,Cooking Oil,Grocery,10,118.57,45,Tuesday,4,Summer,0,6
2024-04-16,P005,Milk,Dairy,41,38.67,170,Tuesday,4,Summer,0,2
2024-04-16,P006,Bread,Bakery,35,34.96,66,Tuesday,4,Summer,0,2
2024-04-16,P007,Eggs,Dairy,49,6.74,208,Tuesday,4,Summer,0,2
2024-04-16,P008,Biscuits,Snacks,26,28.85,65,Tuesday,4,Summer,0,4
2024-04-16,P009,Soap,Personal Care,9,34.29,37,Tuesday,4,Summer,0,7
2024-04-16,P010,Shampoo,Personal Care,7,121.21,55,Tuesday,4,Summer,0,7
2024-04-17,P001,Rice,Grocery,26,59.59,134,Wednesday,4,Summer,0,5
2024-04-17,P002,Wheat,Grocery,20,45.84,47,Wednesday,4,Summer,0,5
2024-04-17,P003,Sugar,Grocery,19,47.52,99,Wednesday,4,Summer,0,4
2024-04-17,P004,Cooking Oil,Grocery,12,117.9,88,Wednesday,4,Summer,0,6
2024-04-17,P005,Milk,Dairy,41,38.69,227,Wednesday,4,Summer,0,2
2024-04-17,P006,Bread,Bakery,28,34.43,146,Wednesday,4,Summer,0,2
2024-04-17,P007,Eggs,Dairy,52,7.34,129,Wednesday,4,Summer,0,2
2024-04-17,P008,Biscuits,Snacks,19,31.25,27,Wednesday,4,Summer,0,4
2024-04-17,P009,Soap,Personal Care,8,35.26,99,Wednesday,4,Summer,0,7
2024-04-17,P010,Shampoo,Personal Care,6,123.39,34,Wednesday,4,Summer,0,7
2024-04-18,P001,Rice,Grocery,22,61.49,84,Thursday,4,Summer,0,5
2024-04-18,P002,Wheat,Grocery,22,43.76,122,Thursday,4,Summer,0,5
2024-04-18,P003,Sugar,Grocery,17,48.1,72,Thursday,4,Summer,0,4
2024-04-18,P004,Cooking Oil,Grocery,14,125.75,28,Thursday,4,Summer,0,6
2024-04-18,P005,Milk,Dairy,27,38.45,102,Thursday,4,Summer,0,2
2024-04-18,P006,Bread,Bakery,30,36.12,47,Thursday,4,Summer,0,2
2024-04-18,P007,Eggs,Dairy,48,7.32,83,Thursday,4,Summer,0,2
2024-04-18,P008,Biscuits,Snacks,20,29.55,39,Thursday,4,Summer,0,4
2024-04-18,P009,Soap,Personal Care,9,33.73,26,Thursday,4,Summer,0,7
2024-04-18,P010,Shampoo,Personal Care,6,122.88,85,Thursday,4,Summer,0,7
2024-04-19,P001,Rice,Grocery,23,60.39,60,Friday,4,Summer,0,5
2024-04-19,P002,Wheat,Grocery,16,44.1,64,Friday,4,Summer,0,5
2024-04-19,P003,Sugar,Grocery,15,51.79,53,Friday,4,Summer,0,4
2024-04-19,P004,Cooking Oil,Grocery,15,124.35,94,Friday,4,Summer,0,6
2024-04-19,P005,Milk,Dairy,44,40.49,155,Friday,4,Summer,0,2
2024-04-19,P006,Bread,Bakery,24,36.15,88,Friday,4,Summer,0,2
2024-04-19,P007,Eggs,Dairy,47,7.03,263,Friday,4,Summer,0,2
2024-04-19,P008,Biscuits,Snacks,28,29.67,36,Friday,4,Summer,0,4
2024-04-19,P009,Soap,Personal Care,7,35.76,22,Friday,4,Summer,0,7
2024-04-19,P010,Shampoo,Personal Care,6,114.11,58,Friday,4,Summer,0,7
2024-04-20,P001,Rice,Grocery,33,60.01,187,Saturday,4,Summer,0,5
2024-04-20,P002,Wheat,Grocery,23,46.46,25,Saturday,4,Summer,0,5
2024-04-20,P003,Sugar,Grocery,21,48.4,29,Saturday,4,Summer,0,4
2024-04-20,P004,Cooking Oil,Grocery,20,122.06,37,Saturday,4,Summer,0,6
2024-04-20,P005,Milk,Dairy,41,38.57,228,Saturday,4,Summer,0,2
2024-04-20,P006,Bread,Bakery,30,35.21,117,Saturday,4,Summer,0,2
2024-04-20,P007,Eggs,Dairy,51,7.11,183,Saturday,4,Summer,0,2
2024-04-20,P008,Biscuits,Snacks,24,30.06,134,Saturday,4,Summer,0,4
2024-04-20,P009,Soap,Personal Care,11,33.99,64,Saturday,4,Summer,0,7
2024-04-20,P010,Shampoo,Personal Care,6,120.43,90,Saturday,4,Summer,0,7
2024-04-21,P001,Rice,Grocery,22,59.8,89,Sunday,4,Summer,0,5
2024-04-21,P002,Wheat,Grocery,12,45.96,25,Sunday,4,Summer,0,5
2024-04-21,P003,Sugar,Grocery,26,47.91,99,Sunday,4,Summer,0,4
2024-04-21,P004,Cooking Oil,Grocery,18,123.84,63,Sunday,4,Summer,0,6
2024-04-21,P005,Milk,Dairy,47,41.92,264,Sunday,4,Summer,0,2
2024-04-21,P006,Bread,Bakery,33,34.28,135,Sunday,4,Summer,0,2
2024-04-21,P007,Eggs,Dairy,46,7.26,161,Sunday,4,Summer,0,2
2024-04-21,P008,Biscuits,Snacks,30,30.5,127,Sunday,4,Summer,0,4
2024-04-21,P009,Soap,Personal Care,13,34.98,65,Sunday,4,Summer,0,7
2024-04-21,P010,Shampoo,Personal Care,10,123.65,45,Sunday,4,Summer,0,7
2024-04-22,P001,Rice,Grocery,25,61.6,77,Monday,4,Summer,0,5
2024-04-22,P002,Wheat,Grocery,18,44.04,80,Monday,4,Summer,0,5
2024-04-22,P003,Sugar,Grocery,23,50.83,41,Monday,4,Summer,0,4
2024-04-22,P004,Cooking Oil,Grocery,14,125.16,68,Monday,4,Summer,0,6
2024-04-22,P005,Milk,Dairy,45,40.71,114,Monday,4,Summer,0,2
2024-04-22,P006,Bread,Bakery,40,34.23,165,Monday,4,Summer,0,2
2024-04-22,P007,Eggs,Dairy,47,7.13,91,Monday,4,Summer,0,2
2024-04-22,P008,Biscuits,Snacks,20,30.05,57,Monday,4,Summer,0,4
2024-04-22,P009,Soap,Personal Care,9,35.3,36,Monday,4,Summer,0,7
2024-04-22,P010,Shampoo,Personal Care,6,124.81,48,Monday,4,Summer,0,7
2024-04-23,P001,Rice,Grocery,26,57.17,34,Tuesday,4,Summer,0,5
2024-04-23,P002,Wheat,Grocery,21,45.73,94,Tuesday,4,Summer,0,5
2024-04-23,P003,Sugar,Grocery,21,51.95,71,Tuesday,4,Summer,0,4
2024-04-23,P004,Cooking Oil,Grocery,16,121.42,44,Tuesday,4,Summer,0,6
2024-04-23,P005,Milk,Dairy,35,39.71,113,Tuesday,4,Summer,0,2
2024-04-23,P006,Bread,Bakery,37,36.23,110,Tuesday,4,Summer,0,2
2024-04-23,P007,Eggs,Dairy,33,7.34,47,Tuesday,4,Summer,0,2
2024-04-23,P008,Biscuits,Snacks,28,29.1,103,Tuesday,4,Summer,0,4
2024-04-23,P009,Soap,Personal Care,9,33.93,80,Tuesday,4,Summer,0,7
2024-04-23,P010,Shampoo,Personal Care,8,125.47,45,Tuesday,4,Summer,0,7
2024-04-24,P001,Rice,Grocery,24,59.6,119,Wednesday,4,Summer,0,5
2024-04-24,P002,Wheat,Grocery,19,43.29,66,Wednesday,4,Summer,0,5
2024-04-24,P003,Sugar,Grocery,25,48.23,121,Wednesday,4,Summer,0,4
2024-04-24,P004,Cooking Oil,Grocery,12,124.51,61,Wednesday,4,Summer,0,6
2024-04-24,P005,Milk,Dairy,39,38.27,168,Wednesday,4,Summer,0,2
2024-04-24,P006,Bread,Bakery,35,34.21,78,Wednesday,4,Summer,0,2
2024-04-24,P007,Eggs,Dairy,46,7.03,209,Wednesday,4,Summer,0,2
2024-04-24,P008,Biscuits,Snacks,30,30.4,84,Wednesday,4,Summer,0,4
2024-04-24,P009,Soap,Personal Care,8,36.08,61,Wednesday,4,Summer,0,7
2024-04-24,P010,Shampoo,Personal Care,6,123.61,55,Wednesday,4,Summer,0,7
2024-04-25,P001,Rice,Grocery,26,61.11,113,Thursday,4,Summer,0,5
2024-04-25,P002,Wheat,Grocery,16,44.06,41,Thursday,4,Summer,0,5
2024-04-25,P003,Sugar,Grocery,19,49.94,24,Thursday,4,Summer,0,4
2024-04-25,P004,Cooking Oil,Grocery,9,118.83,20,Thursday,4,Summer,0,6
2024-04-25,P005,Milk,Dairy,33,40.18,69,Thursday,4,Summer,0,2
2024-04-25,P006,Bread,Bakery,30,35.56,126,Thursday,4,Summer,0,2
2024-04-25,P007,Eggs,Dairy,42,7.01,177,Thursday,4,Summer,0,2
2024-04-25,P008,Biscuits,Snacks,21,29.6,101,Thursday,4,Summer,0,4
2024-04-25,P009,Soap,Personal Care,11,33.37,71,Thursday,4,Summer,0,7
2024-04-25,P010,Shampoo,Personal Care,6,119.33,23,Thursday,4,Summer,0,7
2024-04-26,P001,Rice,Grocery,26,61.88,155,Friday,4,Summer,0,5
2024-04-26,P002,Wheat,Grocery,18,43.85,67,Friday,4,Summer,0,5
2024-04-26,P003,Sugar,Grocery,22,48.61,120,Friday,4,Summer,0,4
2024-04-26,P004,Cooking Oil,Grocery,8,116.77,76,Friday,4,Summer,0,6
2024-04-26,P005,Milk,Dairy,32,38.99,181,Friday,4,Summer,0,2
2024-04-26,P006,Bread,Bakery,35,34.18,90,Friday,4,Summer,0,2
2024-04-26,P007,Eggs,Dairy,49,6.87,267,Friday,4,Summer,0,2
2024-04-26,P008,Biscuits,Snacks,30,30.04,69,Friday,4,Summer,0,4
2024-04-26,P009,Soap,Personal Care,9,34.01,90,Friday,4,Summer,0,7
2024-04-26,P010,Shampoo,Personal Care,7,114.59,27,Friday,4,Summer,0,7
2024-04-27,P001,Rice,Grocery,27,60.46,31,Saturday,4,Summer,0,5
2024-04-27,P002,Wheat,Grocery,15,46.59,39,Saturday,4,Summer,0,5
2024-04-27,P003,Sugar,Grocery,27,51.3,137,Saturday,4,Summer,0,4
2024-04-27,P004,Cooking Oil,Grocery,14,115.16,21,Saturday,4,Summer,0,6
2024-04-27,P005,Milk,Dairy,47,40.87,215,Saturday,4,Summer,0,2
2024-04-27,P006,Bread,Bakery,35,34.73,52,Saturday,4,Summer,0,2
2024-04-27,P007,Eggs,Dairy,58,7.3,164,Saturday,4,Summer,0,2
2024-04-27,P008,Biscuits,Snacks,22,30.51,85,Saturday,4,Summer,0,4
2024-04-27,P009,Soap,Personal Care,10,35.24,46,Saturday,4,Summer,0,7
2024-04-27,P010,Shampoo,Personal Care,7,121.69,32,Saturday,4,Summer,0,7
2024-04-28,P001,Rice,Grocery,24,62.11,106,Sunday,4,Summer,0,5
2024-04-28,P002,Wheat,Grocery,21,44.83,45,Sunday,4,Summer,0,5
2024-04-28,P003,Sugar,Grocery,20,50.1,64,Sunday,4,Summer,0,4
2024-04-28,P004,Cooking Oil,Grocery,14,114.76,20,Sunday,4,Summer,0,6
2024-04-28,P005,Milk,Dairy,33,40.62,160,Sunday,4,Summer,0,2
2024-04-28,P006,Bread,Bakery,31,35.32,157,Sunday,4,Summer,0,2
2024-04-28,P007,Eggs,Dairy,53,6.82,124,Sunday,4,Summer,0,2
2024-04-28,P008,Biscuits,Snacks,26,29.96,125,Sunday,4,Summer,0,4
2024-04-28,P009,Soap,Personal Care,13,34.9,52,Sunday,4,Summer,0,7
2024-04-28,P010,Shampoo,Personal Care,8,118.62,72,Sunday,4,Summer,0,7
2024-04-29,P001,Rice,Grocery,27,61.55,91,Monday,4,Summer,0,5
2024-04-29,P002,Wheat,Grocery,16,45.02,34,Monday,4,Summer,0,5
2024-04-29,P003,Sugar,Grocery,24,47.6,90,Monday,4,Summer,0,4
2024-04-29,P004,Cooking Oil,Grocery,15,116.5,33,Monday,4,Summer,0,6
2024-04-29,P005,Milk,Dairy,44,39.36,127,Monday,4,Summer,0,2
2024-04-29,P006,Bread,Bakery,29,35.75,81,Monday,4,Summer,0,2
2024-04-29,P007,Eggs,Dairy,36,7.08,200,Monday,4,Summer,0,2
2024-04-29,P008,Biscuits,Snacks,19,29.57,100,Monday,4,Summer,0,4
2024-04-29,P009,Soap,Personal Care,9,35.18,26,Monday,4,Summer,0,7
2024-04-29,P010,Shampoo,Personal Care,6,115.21,79,Monday,4,Summer,0,7
2024-04-30,P001,Rice,Grocery,22,58.22,101,Tuesday,4,Summer,0,5
2024-04-30,P002,Wheat,Grocery,18,45.76,46,Tuesday,4,Summer,0,5
2024-04-30,P003,Sugar,Grocery,18,49.16,105,Tuesday,4,Summer,0,4
2024-04-30,P004,Cooking Oil,Grocery,11,117.53,40,Tuesday,4,Summer,0,6
2024-04-30,P005,Milk,Dairy,42,39.48,151,Tuesday,4,Summer,0,2
2024-04-30,P006,Bread,Bakery,33,34.43,133,Tuesday,4,Summer,0,2
2024-04-30,P007,Eggs,Dairy,36,6.95,169,Tuesday,4,Summer,0,2
2024-04-30,P008,Biscuits,Snacks,22,31.2,76,Tuesday,4,Summer,0,4
2024-04-30,P009,Soap,Personal Care,10,36.66,83,Tuesday,4,Summer,0,7
2024-04-30,P010,Shampoo,Personal Care,6,117.83,34,Tuesday,4,Summer,0,7
2024-05-01,P001,Rice,Grocery,23,61.13,116,Wednesday,5,Summer,0,5
2024-05-01,P002,Wheat,Grocery,17,43.58,27,Wednesday,5,Summer,0,5
2024-05-01,P003,Sugar,Grocery,18,52.2,105,Wednesday,5,Summer,0,4
2024-05-01,P004,Cooking Oil,Grocery,9,116.12,66,Wednesday,5,Summer,0,6
2024-05-01,P005,Milk,Dairy,30,41.07,32,Wednesday,5,Summer,0,2
2024-05-01,P006,Bread,Bakery,36,36.47,110,Wednesday,5,Summer,0,2
2024-05-01,P007,Eggs,Dairy,39,6.88,91,Wednesday,5,Summer,0,2
2024-05-01,P008,Biscuits,Snacks,24,29.46,84,Wednesday,5,Summer,0,4
2024-05-01,P009,Soap,Personal Care,8,33.88,40,Wednesday,5,Summer,0,7
2024-05-01,P010,Shampoo,Personal Care,4,120.16,92,Wednesday,5,Summer,0,7
2024-05-02,P001,Rice,Grocery,24,62.3,67,Thursday,5,Summer,0,5
2024-05-02,P002,Wheat,Grocery,15,44.26,64,Thursday,5,Summer,0,5
2024-05-02,P003,Sugar,Grocery,26,50.29,80,Thursday,5,Summer,0,4
2024-05-02,P004,Cooking Oil,Grocery,13,114.24,22,Thursday,5,Summer,0,6
2024-05-02,P005,Milk,Dairy,41,38.83,181,Thursday,5,Summer,0,2
2024-05-02,P006,Bread,Bakery,28,36.47,164,Thursday,5,Summer,0,2
2024-05-02,P007,Eggs,Dairy,42,6.98,75,Thursday,5,Summer,0,2
2024-05-02,P008,Biscuits,Snacks,26,31.39,142,Thursday,5,Summer,0,4
2024-05-02,P009,Soap,Personal Care,9,36.04,38,Thursday,5,Summer,0,7
2024-05-02,P010,Shampoo,Personal Care,8,118.78,65,Thursday,5,Summer,0,7
2024-05-03,P001,Rice,Grocery,28,60.79,82,Friday,5,Summer,0,5
2024-05-03,P002,Wheat,Grocery,20,45.55,56,Friday,5,Summer,0,5
2024-05-03,P003,Sugar,Grocery,13,48.63,86,Friday,5,Summer,0,4
2024-05-03,P004,Cooking Oil,Grocery,12,119.75,87,Friday,5,Summer,0,6
2024-05-03,P005,Milk,Dairy,38,39.3,104,Friday,5,Summer,0,2
2024-05-03,P006,Bread,Bakery,31,33.28,163,Friday,5,Summer,0,2
2024-05-03,P007,Eggs,Dairy,46,7.32,270,Friday,5,Summer,0,2
2024-05-03,P008,Biscuits,Snacks,27,31.04,43,Friday,5,Summer,0,4
2024-05-03,P009,Soap,Personal Care,13,34.63,70,Friday,5,Summer,0,7
2024-05-03,P010,Shampoo,Personal Care,6,118.97,58,Friday,5,Summer,0,7
2024-05-04,P001,Rice,Grocery,31,60.87,66,Saturday,5,Summer,0,5
2024-05-04,P002,Wheat,Grocery,20,42.85,104,Saturday,5,Summer,0,5
2024-05-04,P003,Sugar,Grocery,23,49.68,114,Saturday,5,Summer,0,4
2024-05-04,P004,Cooking Oil,Grocery,13,114.96,30,Saturday,5,Summer,0,6
2024-05-04,P005,Milk,Dairy,51,40.96,94,Saturday,5,Summer,0,2
2024-05-04,P006,Bread,Bakery,30,36.18,130,Saturday,5,Summer,0,2
2024-05-04,P007,Eggs,Dairy,50,6.69,274,Saturday,5,Summer,0,2
2024-05-04,P008,Biscuits,Snacks,29,31.15,174,Saturday,5,Summer,0,4
2024-05-04,P009,Soap,Personal Care,13,36.41,39,Saturday,5,Summer,0,7
2024-05-04,P010,Shampoo,Personal Care,8,120.08,72,Saturday,5,Summer,0,7
2024-05-05,P001,Rice,Grocery,27,61.89,78,Sunday,5,Summer,0,5
2024-05-05,P002,Wheat,Grocery,22,43.84,109,Sunday,5,Summer,0,5
2024-05-05,P003,Sugar,Grocery,21,49.44,91,Sunday,5,Summer,0,4
2024-05-05,P004,Cooking Oil,Grocery,14,119.66,72,Sunday,5,Summer,0,6
2024-05-05,P005,Milk,Dairy,39,40.65,162,Sunday,5,Summer,0,2
2024-05-05,P006,Bread,Bakery,33,35.26,146,Sunday,5,Summer,0,2
2024-05-05,P007,Eggs,Dairy,43,6.86,60,Sunday,5,Summer,0,2
2024-05-05,P008,Biscuits,Snacks,26,28.64,156,Sunday,5,Summer,0,4
2024-05-05,P009,Soap,Personal Care,10,35.34,30,Sunday,5,Summer,0,7
2024-05-05,P010,Shampoo,Personal Care,7,121.61,73,Sunday,5,Summer,0,7
2024-05-06,P001,Rice,Grocery,22,61.5,53,Monday,5,Summer,0,5
2024-05-06,P002,Wheat,Grocery,20,44.22,37,Monday,5,Summer,0,5
2024-05-06,P003,Sugar,Grocery,13,52.07,78,Monday,5,Summer,0,4
2024-05-06,P004,Cooking Oil,Grocery,13,117.95,49,Monday,5,Summer,0,6
2024-05-06,P005,Milk,Dairy,47,40.99,109,Monday,5,Summer,0,2
2024-05-06,P006,Bread,Bakery,28,33.37,50,Monday,5,Summer,0,2
2024-05-06,P007,Eggs,Dairy,38,7.09,161,Monday,5,Summer,0,2
2024-05-06,P008,Biscuits,Snacks,26,31.06,45,Monday,5,Summer,0,4
2024-05-06,P009,Soap,Personal Care,10,33.49,75,Monday,5,Summer,0,7
2024-05-06,P010,Shampoo,Personal Care,6,118.0,47,Monday,5,Summer,0,7
2024-05-07,P001,Rice,Grocery,17,61.55,70,Tuesday,5,Summer,0,5
2024-05-07,P002,Wheat,Grocery,14,42.85,57,Tuesday,5,Summer,0,5
2024-05-07,P003,Sugar,Grocery,23,50.72,36,Tuesday,5,Summer,0,4
2024-05-07,P004,Cooking Oil,Grocery,11,120.08,33,Tuesday,5,Summer,0,6
2024-05-07,P005,Milk,Dairy,47,40.26,81,Tuesday,5,Summer,0,2
2024-05-07,P006,Bread,Bakery,23,36.0,92,Tuesday,5,Summer,0,2
2024-05-07,P007,Eggs,Dairy,52,7.11,268,Tuesday,5,Summer,0,2
2024-05-07,P008,Biscuits,Snacks,21,28.65,27,Tuesday,5,Summer,0,4
2024-05-07,P009,Soap,Personal Care,10,35.97,45,Tuesday,5,Summer,0,7
2024-05-07,P010,Shampoo,Personal Care,6,115.52,89,Tuesday,5,Summer,0,7
2024-05-08,P001,Rice,Grocery,33,62.17,176,Wednesday,5,Summer,0,5
2024-05-08,P002,Wheat,Grocery,14,43.47,28,Wednesday,5,Summer,0,5
2024-05-08,P003,Sugar,Grocery,26,51.85,131,Wednesday,5,Summer,0,4
2024-05-08,P004,Cooking Oil,Grocery,16,122.2,72,Wednesday,5,Summer,0,6
2024-05-08,P005,Milk,Dairy,31,40.3,156,Wednesday,5,Summer,0,2
2024-05-08,P006,Bread,Bakery,26,34.85,72,Wednesday,5,Summer,0,2
2024-05-08,P007,Eggs,Dairy,43,7.16,161,Wednesday,5,Summer,0,2
2024-05-08,P008,Biscuits,Snacks,22,29.26,54,Wednesday,5,Summer,0,4
2024-05-08,P009,Soap,Personal Care,11,35.54,79,Wednesday,5,Summer,0,7
2024-05-08,P010,Shampoo,Personal Care,5,115.73,71,Wednesday,5,Summer,0,7
2024-05-09,P001,Rice,Grocery,27,60.58,74,Thursday,5,Summer,0,5
2024-05-09,P002,Wheat,Grocery,15,45.95,86,Thursday,5,Summer,0,5
2024-05-09,P003,Sugar,Grocery,15,48.88,88,Thursday,5,Summer,0,4
2024-05-09,P004,Cooking Oil,Grocery,14,120.53,21,Thursday,5,Summer,0,6
2024-05-09,P005,Milk,Dairy,39,41.9,185,Thursday,5,Summer,0,2
2024-05-09,P006,Bread,Bakery,38,36.49,145,Thursday,5,Summer,0,2
2024-05-09,P007,Eggs,Dairy,45,7.1,98,Thursday,5,Summer,0,2
2024-05-09,P008,Biscuits,Snacks,24,29.31,140,Thursday,5,Summer,0,4
2024-05-09,P009,Soap,Personal Care,8,36.45,71,Thursday,5,Summer,0,7
2024-05-09,P010,Shampoo,Personal Care,6,120.77,62,Thursday,5,Summer,0,7
2024-05-10,P001,Rice,Grocery,24,58.19,41,Friday,5,Summer,0,5
2024-05-10,P002,Wheat,Grocery,18,45.69,86,Friday,5,Summer,0,5
2024-05-10,P003,Sugar,Grocery,18,48.55,79,Friday,5,Summer,0,4
2024-05-10,P004,Cooking Oil,Grocery,13,117.74,57,Friday,5,Summer,0,6
2024-05-10,P005,Milk,Dairy,33,40.04,137,Friday,5,Summer,0,2
2024-05-10,P006,Bread,Bakery,30,33.38,87,Friday,5,Summer,0,2
2024-05-10,P007,Eggs,Dairy,56,6.78,243,Friday,5,Summer,0,2
2024-05-10,P008,Biscuits,Snacks,23,30.0,86,Friday,5,Summer,0,4
2024-05-10,P009,Soap,Personal Care,9,34.27,68,Friday,5,Summer,0,7
2024-05-10,P010,Shampoo,Personal Care,6,118.56,26,Friday,5,Summer,0,7
2024-05-11,P001,Rice,Grocery,34,61.86,119,Saturday,5,Summer,0,5
2024-05-11,P002,Wheat,Grocery,22,44.98,25,Saturday,5,Summer,0,5
2024-05-11,P003,Sugar,Grocery,23,50.56,25,Saturday,5,Summer,0,4
2024-05-11,P004,Cooking Oil,Grocery,12,125.2,43,Saturday,5,Summer,0,6
2024-05-11,P005,Milk,Dairy,34,40.78,107,Saturday,5,Summer,0,2
2024-05-11,P006,Bread,Bakery,30,34.99,62,Saturday,5,Summer,0,2
2024-05-11,P007,Eggs,Dairy,62,7.27,316,Saturday,5,Summer,0,2
2024-05-11,P008,Biscuits,Snacks,24,29.91,75,Saturday,5,Summer,0,4
2024-05-11,P009,Soap,Personal Care,10,33.87,54,Saturday,5,Summer,0,7
2024-05-11,P010,Shampoo,Personal Care,7,120.74,88,Saturday,5,Summer,0,7
2024-05-12,P001,Rice,Grocery,29,57.33,161,Sunday,5,Summer,0,5
2024-05-12,P002,Wheat,Grocery,18,47.23,104,Sunday,5,Summer,0,5
2024-05-12,P003,Sugar,Grocery,28,48.48,162,Sunday,5,Summer,0,4
2024-05-12,P004,Cooking Oil,Grocery,18,119.25,97,Sunday,5,Summer,0,6
2024-05-12,P005,Milk,Dairy,51,39.29,185,Sunday,5,Summer,0,2
2024-05-12,P006,Bread,Bakery,33,35.97,71,Sunday,5,Summer,0,2
2024-05-12,P007,Eggs,Dairy,50,6.85,271,Sunday,5,Summer,0,2
2024-05-12,P008,Biscuits,Snacks,25,29.1,110,Sunday,5,Summer,0,4
2024-05-12,P009,Soap,Personal Care,11,33.66,51,Sunday,5,Summer,0,7
2024-05-12,P010,Shampoo,Personal Care,7,118.83,87,Sunday,5,Summer,0,7
2024-05-13,P001,Rice,Grocery,21,61.45,43,Monday,5,Summer,0,5
2024-05-13,P002,Wheat,Grocery,16,42.82,73,Monday,5,Summer,0,5
2024-05-13,P003,Sugar,Grocery,17,47.91,70,Monday,5,Summer,0,4
2024-05-13,P004,Cooking Oil,Grocery,13,124.04,24,Monday,5,Summer,0,6
2024-05-13,P005,Milk,Dairy,31,41.86,61,Monday,5,Summer,0,2
2024-05-13,P006,Bread,Bakery,27,36.38,85,Monday,5,Summer,0,2
2024-05-13,P007,Eggs,Dairy,40,6.82,213,Monday,5,Summer,0,2
2024-05-13,P008,Biscuits,Snacks,24,29.92,128,Monday,5,Summer,0,4
2024-05-13,P009,Soap,Personal Care,7,35.38,93,Monday,5,Summer,0,7
2024-05-13,P010,Shampoo,Personal Care,5,120.9,74,Monday,5,Summer,0,7
2024-05-14,P001,Rice,Grocery,23,62.75,71,Tuesday,5,Summer,0,5
2024-05-14,P002,Wheat,Grocery,15,43.89,54,Tuesday,5,Summer,0,5
2024-05-14,P003,Sugar,Grocery,28,49.97,77,Tuesday,5,Summer,0,4
2024-05-14,P004,Cooking Oil,Grocery,13,120.09,47,Tuesday,5,Summer,0,6
2024-05-14,P005,Milk,Dairy,43,40.6,258,Tuesday,5,Summer,0,2
2024-05-14,P006,Bread,Bakery,41,34.95,101,Tuesday,5,Summer,0,2
2024-05-14,P007,Eggs,Dairy,50,7.27,149,Tuesday,5,Summer,0,2
2024-05-14,P008,Biscuits,Snacks,25,31.5,88,Tuesday,5,Summer,0,4
2024-05-14,P009,Soap,Personal Care,11,33.47,91,Tuesday,5,Summer,0,7
2024-05-14,P010,Shampoo,Personal Care,4,120.11,39,Tuesday,5,Summer,0,7
2024-05-15,P001,Rice,Grocery,25,58.73,149,Wednesday,5,Summer,0,5
2024-05-15,P002,Wheat,Grocery,19,45.54,31,Wednesday,5,Summer,0,5
2024-05-15,P003,Sugar,Grocery,28,47.63,124,Wednesday,5,Summer,0,4
2024-05-15,P004,Cooking Oil,Grocery,14,118.4,89,Wednesday,5,Summer,0,6
2024-05-15,P005,Milk,Dairy,36,39.15,128,Wednesday,5,Summer,0,2
2024-05-15,P006,Bread,Bakery,29,34.21,46,Wednesday,5,Summer,0,2
2024-05-15,P007,Eggs,Dairy,38,7.03,146,Wednesday,5,Summer,0,2
2024-05-15,P008,Biscuits,Snacks,23,29.32,108,Wednesday,5,Summer,0,4
2024-05-15,P009,Soap,Personal Care,8,35.21,20,Wednesday,5,Summer,0,7
2024-05-15,P010,Shampoo,Personal Care,5,116.83,59,Wednesday,5,Summer,0,7
2024-05-16,P001,Rice,Grocery,19,62.89,75,Thursday,5,Summer,0,5
2024-05-16,P002,Wheat,Grocery,12,45.4,83,Thursday,5,Summer,0,5
2024-05-16,P003,Sugar,Grocery,17,48.84,95,Thursday,5,Summer,0,4
2024-05-16,P004,Cooking Oil,Grocery,15,115.73,88,Thursday,5,Summer,0,6
2024-05-16,P005,Milk,Dairy,32,39.99,191,Thursday,5,Summer,0,2
2024-05-16,P006,Bread,Bakery,28,35.9,58,Thursday,5,Summer,0,2
2024-05-16,P007,Eggs,Dairy,44,6.93,149,Thursday,5,Summer,0,2
2024-05-16,P008,Biscuits,Snacks,26,29.77,91,Thursday,5,Summer,0,4
2024-05-16,P009,Soap,Personal Care,11,36.21,38,Thursday,5,Summer,0,7
2024-05-16,P010,Shampoo,Personal Care,8,122.92,70,Thursday,5,Summer,0,7
2024-05-17,P001,Rice,Grocery,31,60.25,50,Friday,5,Summer,0,5
2024-05-17,P002,Wheat,Grocery,18,43.45,47,Friday,5,Summer,0,5
2024-05-17,P003,Sugar,Grocery,17,49.21,43,Friday,5,Summer,0,4
2024-05-17,P004,Cooking Oil,Grocery,13,123.49,66,Friday,5,Summer,0,6
2024-05-17,P005,Milk,Dairy,28,40.85,121,Friday,5,Summer,0,2
2024-05-17,P006,Bread,Bakery,37,34.75,149,Friday,5,Summer,0,2
2024-05-17,P007,Eggs,Dairy,50,7.11,54,Friday,5,Summer,0,2
2024-05-17,P008,Biscuits,Snacks,26,29.89,136,Friday,5,Summer,0,4
2024-05-17,P009,Soap,Personal Care,13,33.31,95,Friday,5,Summer,0,7
2024-05-17,P010,Shampoo,Personal Care,7,117.57,41,Friday,5,Summer,0,7
2024-05-18,P001,Rice,Grocery,28,61.47,112,Saturday,5,Summer,0,5
2024-05-18,P002,Wheat,Grocery,21,44.94,122,Saturday,5,Summer,0,5
2024-05-18,P003,Sugar,Grocery,20,48.28,68,Saturday,5,Summer,0,4
2024-05-18,P004,Cooking Oil,Grocery,17,117.3,49,Saturday,5,Summer,0,6
2024-05-18,P005,Milk,Dairy,38,41.01,168,Saturday,5,Summer,0,2
2024-05-18,P006,Bread,Bakery,44,34.95,164,Saturday,5,Summer,0,2
2024-05-18,P007,Eggs,Dairy,33,6.98,133,Saturday,5,Summer,0,2
2024-05-18,P008,Biscuits,Snacks,27,31.22,91,Saturday,5,Summer,0,4
2024-05-18,P009,Soap,Personal Care,10,33.72,43,Saturday,5,Summer,0,7
2024-05-18,P010,Shampoo,Personal Care,7,122.43,100,Saturday,5,Summer,0,7
2024-05-19,P001,Rice,Grocery,25,57.5,48,Sunday,5,Summer,0,5
2024-05-19,P002,Wheat,Grocery,21,44.04,104,Sunday,5,Summer,0,5
2024-05-19,P003,Sugar,Grocery,21,48.27,108,Sunday,5,Summer,0,4
2024-05-19,P004,Cooking Oil,Grocery,15,122.44,54,Sunday,5,Summer,0,6
2024-05-19,P005,Milk,Dairy,51,41.96,152,Sunday,5,Summer,0,2
2024-05-19,P006,Bread,Bakery,34,33.96,94,Sunday,5,Summer,0,2
2024-05-19,P007,Eggs,Dairy,56,6.75,226,Sunday,5,Summer,0,2
2024-05-19,P008,Biscuits,Snacks,31,29.97,174,Sunday,5,Summer,0,4
2024-05-19,P009,Soap,Personal Care,10,33.83,98,Sunday,5,Summer,0,7
2024-05-19,P010,Shampoo,Personal Care,8,119.35,20,Sunday,5,Summer,0,7
2024-05-20,P001,Rice,Grocery,29,61.57,90,Monday,5,Summer,0,5
2024-05-20,P002,Wheat,Grocery,18,44.92,91,Monday,5,Summer,0,5
2024-05-20,P003,Sugar,Grocery,20,48.99,114,Monday,5,Summer,0,4
2024-05-20,P004,Cooking Oil,Grocery,15,122.03,39,Monday,5,Summer,0,6
2024-05-20,P005,Milk,Dairy,33,40.26,49,Monday,5,Summer,0,2
2024-05-20,P006,Bread,Bakery,28,34.17,126,Monday,5,Summer,0,2
2024-05-20,P007,Eggs,Dairy,51,6.98,236,Monday,5,Summer,0,2
2024-05-20,P008,Biscuits,Snacks,21,31.24,105,Monday,5,Summer,0,4
2024-05-20,P009,Soap,Personal Care,11,34.07,37,Monday,5,Summer,0,7
2024-05-20,P010,Shampoo,Personal Care,7,123.7,36,Monday,5,Summer,0,7
2024-05-21,P001,Rice,Grocery,19,58.65,111,Tuesday,5,Summer,0,5
2024-05-21,P002,Wheat,Grocery,17,45.81,50,Tuesday,5,Summer,0,5
2024-05-21,P003,Sugar,Grocery,19,50.8,64,Tuesday,5,Summer,0,4
2024-05-21,P004,Cooking Oil,Grocery,10,120.87,76,Tuesday,5,Summer,0,6
2024-05-21,P005,Milk,Dairy,34,38.79,40,Tuesday,5,Summer,0,2
2024-05-21,P006,Bread,Bakery,39,34.27,112,Tuesday,5,Summer,0,2
2024-05-21,P007,Eggs,Dairy,38,6.8,204,Tuesday,5,Summer,0,2
2024-05-21,P008,Biscuits,Snacks,22,29.85,117,Tuesday,5,Summer,0,4
2024-05-21,P009,Soap,Personal Care,10,33.45,65,Tuesday,5,Summer,0,7
2024-05-21,P010,Shampoo,Personal Care,6,117.68,44,Tuesday,5,Summer,0,7
2024-05-22,P001,Rice,Grocery,23,59.57,78,Wednesday,5,Summer,0,5
2024-05-22,P002,Wheat,Grocery,16,43.33,36,Wednesday,5,Summer,0,5
2024-05-22,P003,Sugar,Grocery,21,50.59,119,Wednesday,5,Summer,0,4
2024-05-22,P004,Cooking Oil,Grocery,14,118.14,24,Wednesday,5,Summer,0,6
2024-05-22,P005,Milk,Dairy,38,38.07,68,Wednesday,5,Summer,0,2
2024-05-22,P006,Bread,Bakery,24,33.8,45,Wednesday,5,Summer,0,2
2024-05-22,P007,Eggs,Dairy,51,7.07,103,Wednesday,5,Summer,0,2
2024-05-22,P008,Biscuits,Snacks,17,29.7,80,Wednesday,5,Summer,0,4
2024-05-22,P009,Soap,Personal Care,11,36.04,97,Wednesday,5,Summer,0,7
2024-05-22,P010,Shampoo,Personal Care,6,118.18,66,Wednesday,5,Summer,0,7
2024-05-23,P001,Rice,Grocery,28,59.01,91,Thursday,5,Summer,0,5
2024-05-23,P002,Wheat,Grocery,15,46.57,31,Thursday,5,Summer,0,5
2024-05-23,P003,Sugar,Grocery,22,50.97,116,Thursday,5,Summer,0,4
2024-05-23,P004,Cooking Oil,Grocery,11,119.77,29,Thursday,5,Summer,0,6
2024-05-23,P005,Milk,Dairy,41,38.94,105,Thursday,5,Summer,0,2
2024-05-23,P006,Bread,Bakery,35,33.96,121,Thursday,5,Summer,0,2
2024-05-23,P007,Eggs,Dairy,46,7.22,121,Thursday,5,Summer,0,2
2024-05-23,P008,Biscuits,Snacks,21,30.83,31,Thursday,5,Summer,0,4
2024-05-23,P009,Soap,Personal Care,10,36.36,64,Thursday,5,Summer,0,7
2024-05-23,P010,Shampoo,Personal Care,6,122.09,40,Thursday,5,Summer,0,7
2024-05-24,P001,Rice,Grocery,25,58.26,46,Friday,5,Summer,0,5
2024-05-24,P002,Wheat,Grocery,15,45.11,82,Friday,5,Summer,0,5
2024-05-24,P003,Sugar,Grocery,18,49.19,97,Friday,5,Summer,0,4
2024-05-24,P004,Cooking Oil,Grocery,13,119.71,83,Friday,5,Summer,0,6
2024-05-24,P005,Milk,Dairy,47,38.98,71,Friday,5,Summer,0,2
2024-05-24,P006,Bread,Bakery,33,35.71,134,Friday,5,Summer,0,2
2024-05-24,P007,Eggs,Dairy,39,7.13,99,Friday,5,Summer,0,2
2024-05-24,P008,Biscuits,Snacks,20,30.88,83,Friday,5,Summer,0,4
2024-05-24,P009,Soap,Personal Care,10,35.18,38,Friday,5,Summer,0,7
2024-05-24,P010,Shampoo,Personal Care,8,120.07,77,Friday,5,Summer,0,7
2024-05-25,P001,Rice,Grocery,24,59.03,63,Saturday,5,Summer,0,5
2024-05-25,P002,Wheat,Grocery,20,43.62,110,Saturday,5,Summer,0,5
2024-05-25,P003,Sugar,Grocery,23,49.88,36,Saturday,5,Summer,0,4
2024-05-25,P004,Cooking Oil,Grocery,13,117.21,49,Saturday,5,Summer,0,6
2024-05-25,P005,Milk,Dairy,44,38.29,117,Saturday,5,Summer,0,2
2024-05-25,P006,Bread,Bakery,43,34.35,143,Saturday,5,Summer,0,2
2024-05-25,P007,Eggs,Dairy,45,7.27,68,Saturday,5,Summer,0,2
2024-05-25,P008,Biscuits,Snacks,22,31.2,99,Saturday,5,Summer,0,4
2024-05-25,P009,Soap,Personal Care,12,35.53,27,Saturday,5,Summer,0,7
2024-05-25,P010,Shampoo,Personal Care,8,114.39,27,Saturday,5,Summer,0,7
2024-05-26,P001,Rice,Grocery,19,58.1,24,Sunday,5,Summer,0,5
2024-05-26,P002,Wheat,Grocery,20,46.21,71,Sunday,5,Summer,0,5
2024-05-26,P003,Sugar,Grocery,21,51.42,22,Sunday,5,Summer,0,4
2024-05-26,P004,Cooking Oil,Grocery,14,123.94,88,Sunday,5,Summer,0,6
2024-05-26,P005,Milk,Dairy,40,41.86,98,Sunday,5,Summer,0,2
2024-05-26,P006,Bread,Bakery,34,34.14,111,Sunday,5,Summer,0,2
2024-05-26,P007,Eggs,Dairy,55,6.85,167,Sunday,5,Summer,0,2
2024-05-26,P008,Biscuits,Snacks,29,30.91,120,Sunday,5,Summer,0,4
2024-05-26,P009,Soap,Personal Care,13,34.56,41,Sunday,5,Summer,0,7
2024-05-26,P010,Shampoo,Personal Care,8,124.92,77,Sunday,5,Summer,0,7
2024-05-27,P001,Rice,Grocery,22,60.09,83,Monday,5,Summer,0,5
2024-05-27,P002,Wheat,Grocery,20,43.19,53,Monday,5,Summer,0,5
2024-05-27,P003,Sugar,Grocery,22,50.47,53,Monday,5,Summer,0,4
2024-05-27,P004,Cooking Oil,Grocery,13,125.38,86,Monday,5,Summer,0,6
2024-05-27,P005,Milk,Dairy,46,39.79,144,Monday,5,Summer,0,2
2024-05-27,P006,Bread,Bakery,36,33.87,85,Monday,5,Summer,0,2
2024-05-27,P007,Eggs,Dairy,45,7.16,156,Monday,5,Summer,0,2
2024-05-27,P008,Biscuits,Snacks,23,28.93,60,Monday,5,Summer,0,4
2024-05-27,P009,Soap,Personal Care,10,35.49,66,Monday,5,Summer,0,7
2024-05-27,P010,Shampoo,Personal Care,5,114.43,43,Monday,5,Summer,0,7
2024-05-28,P001,Rice,Grocery,24,57.99,122,Tuesday,5,Summer,0,5
2024-05-28,P002,Wheat,Grocery,17,46.11,60,Tuesday,5,Summer,0,5
2024-05-28,P003,Sugar,Grocery,23,49.01,102,Tuesday,5,Summer,0,4
2024-05-28,P004,Cooking Oil,Grocery,11,123.61,67,Tuesday,5,Summer,0,6
2024-05-28,P005,Milk,Dairy,36,41.54,146,Tuesday,5,Summer,0,2
2024-05-28,P006,Bread,Bakery,35,33.87,41,Tuesday,5,Summer,0,2
2024-05-28,P007,Eggs,Dairy,36,7.0,202,Tuesday,5,Summer,0,2
2024-05-28,P008,Biscuits,Snacks,20,29.83,53,Tuesday,5,Summer,0,4
2024-05-28,P009,Soap,Personal Care,9,34.35,67,Tuesday,5,Summer,0,7
2024-05-28,P010,Shampoo,Personal Care,6,119.26,36,Tuesday,5,Summer,0,7
2024-05-29,P001,Rice,Grocery,26,61.21,95,Wednesday,5,Summer,0,5
2024-05-29,P002,Wheat,Grocery,17,46.14,93,Wednesday,5,Summer,0,5
2024-05-29,P003,Sugar,Grocery,19,49.55,73,Wednesday,5,Summer,0,4
2024-05-29,P004,Cooking Oil,Grocery,13,122.46,87,Wednesday,5,Summer,0,6
2024-05-29,P005,Milk,Dairy,40,39.24,107,Wednesday,5,Summer,0,2
2024-05-29,P006,Bread,Bakery,34,35.39,174,Wednesday,5,Summer,0,2
2024-05-29,P007,Eggs,Dairy,49,6.87,285,Wednesday,5,Summer,0,2
2024-05-29,P008,Biscuits,Snacks,20,31.16,101,Wednesday,5,Summer,0,4
2024-05-29,P009,Soap,Personal Care,9,35.43,83,Wednesday,5,Summer,0,7
2024-05-29,P010,Shampoo,Personal Care,4,125.66,96,Wednesday,5,Summer,0,7
2024-05-30,P001,Rice,Grocery,18,59.13,26,Thursday,5,Summer,0,5
2024-05-30,P002,Wheat,Grocery,16,45.28,26,Thursday,5,Summer,0,5
2024-05-30,P003,Sugar,Grocery,18,50.58,82,Thursday,5,Summer,0,4
2024-05-30,P004,Cooking Oil,Grocery,14,120.05,71,Thursday,5,Summer,0,6
2024-05-30,P005,Milk,Dairy,31,39.15,164,Thursday,5,Summer,0,2
2024-05-30,P006,Bread,Bakery,28,36.3,80,Thursday,5,Summer,0,2
2024-05-30,P007,Eggs,Dairy,39,6.75,193,Thursday,5,Summer,0,2
2024-05-30,P008,Biscuits,Snacks,24,28.97,34,Thursday,5,Summer,0,4
2024-05-30,P009,Soap,Personal Care,11,36.08,67,Thursday,5,Summer,0,7
2024-05-30,P010,Shampoo,Personal Care,6,125.69,61,Thursday,5,Summer,0,7
2024-05-31,P001,Rice,Grocery,21,58.94,103,Friday,5,Summer,0,5
2024-05-31,P002,Wheat,Grocery,15,43.23,94,Friday,5,Summer,0,5
2024-05-31,P003,Sugar,Grocery,19,51.47,36,Friday,5,Summer,0,4
2024-05-31,P004,Cooking Oil,Grocery,15,124.12,67,Friday,5,Summer,0,6
2024-05-31,P005,Milk,Dairy,41,39.74,47,Friday,5,Summer,0,2
2024-05-31,P006,Bread,Bakery,32,34.92,72,Friday,5,Summer,0,2
2024-05-31,P007,Eggs,Dairy,53,7.1,68,Friday,5,Summer,0,2
2024-05-31,P008,Biscuits,Snacks,25,29.9,60,Friday,5,Summer,0,4
2024-05-31,P009,Soap,Personal Care,10,36.72,54,Friday,5,Summer,0,7
2024-05-31,P010,Shampoo,Personal Care,6,122.71,68,Friday,5,Summer,0,7
2024-06-01,P001,Rice,Grocery,26,57.36,83,Saturday,6,Monsoon,0,5
2024-06-01,P002,Wheat,Grocery,19,45.49,79,Saturday,6,Monsoon,0,5
2024-06-01,P003,Sugar,Grocery,21,48.27,73,Saturday,6,Monsoon,0,4
2024-06-01,P004,Cooking Oil,Grocery,11,125.18,68,Saturday,6,Monsoon,0,6
2024-06-01,P005,Milk,Dairy,36,40.69,216,Saturday,6,Monsoon,0,2
2024-06-01,P006,Bread,Bakery,35,34.22,137,Saturday,6,Monsoon,0,2
2024-06-01,P007,Eggs,Dairy,58,7.03,244,Saturday,6,Monsoon,0,2
2024-06-01,P008,Biscuits,Snacks,26,29.03,112,Saturday,6,Monsoon,0,4
2024-06-01,P009,Soap,Personal Care,13,33.33,48,Saturday,6,Monsoon,0,7
2024-06-01,P010,Shampoo,Personal Care,11,116.97,98,Saturday,6,Monsoon,0,7
2024-06-02,P001,Rice,Grocery,27,59.88,36,Sunday,6,Monsoon,0,5
2024-06-02,P002,Wheat,Grocery,21,46.73,38,Sunday,6,Monsoon,0,5
2024-06-02,P003,Sugar,Grocery,21,50.51,66,Sunday,6,Monsoon,0,4
2024-06-02,P004,Cooking Oil,Grocery,15,124.93,67,Sunday,6,Monsoon,0,6
2024-06-02,P005,Milk,Dairy,36,38.09,144,Sunday,6,Monsoon,0,2
2024-06-02,P006,Bread,Bakery,31,33.34,169,Sunday,6,Monsoon,0,2
2024-06-02,P007,Eggs,Dairy,61,6.87,145,Sunday,6,Monsoon,0,2
2024-06-02,P008,Biscuits,Snacks,31,30.6,128,Sunday,6,Monsoon,0,4
2024-06-02,P009,Soap,Personal Care,13,35.82,31,Sunday,6,Monsoon,0,7
2024-06-02,P010,Shampoo,Personal Care,8,125.88,59,Sunday,6,Monsoon,0,7
2024-06-03,P001,Rice,Grocery,26,58.59,111,Monday,6,Monsoon,0,5
2024-06-03,P002,Wheat,Grocery,18,46.6,50,Monday,6,Monsoon,0,5
2024-06-03,P003,Sugar,Grocery,20,49.04,85,Monday,6,Monsoon,0,4
2024-06-03,P004,Cooking Oil,Grocery,11,116.87,65,Monday,6,Monsoon,0,6
2024-06-03,P005,Milk,Dairy,28,40.29,107,Monday,6,Monsoon,0,2
2024-06-03,P006,Bread,Bakery,22,35.09,50,Monday,6,Monsoon,0,2
2024-06-03,P007,Eggs,Dairy,51,7.19,194,Monday,6,Monsoon,0,2
2024-06-03,P008,Biscuits,Snacks,28,29.16,62,Monday,6,Monsoon,0,4
2024-06-03,P009,Soap,Personal Care,12,33.82,73,Monday,6,Monsoon,0,7
2024-06-03,P010,Shampoo,Personal Care,6,122.84,92,Monday,6,Monsoon,0,7
2024-06-04,P001,Rice,Grocery,22,60.75,58,Tuesday,6,Monsoon,0,5
2024-06-04,P002,Wheat,Grocery,19,45.89,78,Tuesday,6,Monsoon,0,5
2024-06-04,P003,Sugar,Grocery,13,50.33,69,Tuesday,6,Monsoon,0,4
2024-06-04,P004,Cooking Oil,Grocery,12,123.19,24,Tuesday,6,Monsoon,0,6
2024-06-04,P005,Milk,Dairy,30,38.91,177,Tuesday,6,Monsoon,0,2
2024-06-04,P006,Bread,Bakery,33,33.98,43,Tuesday,6,Monsoon,0,2
2024-06-04,P007,Eggs,Dairy,52,7.28,147,Tuesday,6,Monsoon,0,2
2024-06-04,P008,Biscuits,Snacks,25,28.58,112,Tuesday,6,Monsoon,0,4
2024-06-04,P009,Soap,Personal Care,8,33.45,82,Tuesday,6,Monsoon,0,7
2024-06-04,P010,Shampoo,Personal Care,9,118.6,41,Tuesday,6,Monsoon,0,7
2024-06-05,P001,Rice,Grocery,25,58.32,146,Wednesday,6,Monsoon,0,5
2024-06-05,P002,Wheat,Grocery,20,46.4,42,Wednesday,6,Monsoon,0,5
2024-06-05,P003,Sugar,Grocery,23,50.34,70,Wednesday,6,Monsoon,0,4
2024-06-05,P004,Cooking Oil,Grocery,10,115.18,50,Wednesday,6,Monsoon,0,6
2024-06-05,P005,Milk,Dairy,30,38.37,89,Wednesday,6,Monsoon,0,2
2024-06-05,P006,Bread,Bakery,25,36.17,106,Wednesday,6,Monsoon,0,2
2024-06-05,P007,Eggs,Dairy,34,7.05,58,Wednesday,6,Monsoon,0,2
2024-06-05,P008,Biscuits,Snacks,28,29.71,145,Wednesday,6,Monsoon,0,4
2024-06-05,P009,Soap,Personal Care,8,36.65,85,Wednesday,6,Monsoon,0,7
2024-06-05,P010,Shampoo,Personal Care,7,125.61,95,Wednesday,6,Monsoon,0,7
2024-06-06,P001,Rice,Grocery,29,61.45,133,Thursday,6,Monsoon,0,5
2024-06-06,P002,Wheat,Grocery,19,42.98,93,Thursday,6,Monsoon,0,5
2024-06-06,P003,Sugar,Grocery,21,48.27,95,Thursday,6,Monsoon,0,4
2024-06-06,P004,Cooking Oil,Grocery,12,114.09,27,Thursday,6,Monsoon,0,6
2024-06-06,P005,Milk,Dairy,32,40.48,76,Thursday,6,Monsoon,0,2
2024-06-06,P006,Bread,Bakery,25,33.43,58,Thursday,6,Monsoon,0,2
2024-06-06,P007,Eggs,Dairy,52,6.83,52,Thursday,6,Monsoon,0,2
2024-06-06,P008,Biscuits,Snacks,18,29.52,62,Thursday,6,Monsoon,0,4
2024-06-06,P009,Soap,Personal Care,10,35.05,95,Thursday,6,Monsoon,0,7
2024-06-06,P010,Shampoo,Personal Care,7,124.35,62,Thursday,6,Monsoon,0,7
2024-06-07,P001,Rice,Grocery,23,58.73,63,Friday,6,Monsoon,0,5
2024-06-07,P002,Wheat,Grocery,21,44.37,23,Friday,6,Monsoon,0,5
2024-06-07,P003,Sugar,Grocery,22,50.04,71,Friday,6,Monsoon,0,4
2024-06-07,P004,Cooking Oil,Grocery,10,123.8,39,Friday,6,Monsoon,0,6
2024-06-07,P005,Milk,Dairy,41,41.57,224,Friday,6,Monsoon,0,2
2024-06-07,P006,Bread,Bakery,30,34.93,153,Friday,6,Monsoon,0,2
2024-06-07,P007,Eggs,Dairy,46,6.83,248,Friday,6,Monsoon,0,2
2024-06-07,P008,Biscuits,Snacks,24,29.47,90,Friday,6,Monsoon,0,4
2024-06-07,P009,Soap,Personal Care,13,33.84,32,Friday,6,Monsoon,0,7
2024-06-07,P010,Shampoo,Personal Care,7,120.77,96,Friday,6,Monsoon,0,7
2024-06-08,P001,Rice,Grocery,23,58.91,51,Saturday,6,Monsoon,0,5
2024-06-08,P002,Wheat,Grocery,18,46.41,98,Saturday,6,Monsoon,0,5
2024-06-08,P003,Sugar,Grocery,21,50.25,71,Saturday,6,Monsoon,0,4
2024-06-08,P004,Cooking Oil,Grocery,14,116.5,70,Saturday,6,Monsoon,0,6
2024-06-08,P005,Milk,Dairy,31,38.11,88,Saturday,6,Monsoon,0,2
2024-06-08,P006,Bread,Bakery,44,36.53,261,Saturday,6,Monsoon,0,2
2024-06-08,P007,Eggs,Dairy,31,7.3,75,Saturday,6,Monsoon,0,2
2024-06-08,P008,Biscuits,Snacks,25,29.3,75,Saturday,6,Monsoon,0,4
2024-06-08,P009,Soap,Personal Care,16,36.34,64,Saturday,6,Monsoon,0,7
2024-06-08,P010,Shampoo,Personal Care,9,124.08,34,Saturday,6,Monsoon,0,7
2024-06-09,P001,Rice,Grocery,24,59.17,66,Sunday,6,Monsoon,0,5
2024-06-09,P002,Wheat,Grocery,19,43.07,80,Sunday,6,Monsoon,0,5
2024-06-09,P003,Sugar,Grocery,21,51.0,110,Sunday,6,Monsoon,0,4
2024-06-09,P004,Cooking Oil,Grocery,9,123.02,58,Sunday,6,Monsoon,0,6
2024-06-09,P005,Milk,Dairy,42,41.16,132,Sunday,6,Monsoon,0,2
2024-06-09,P006,Bread,Bakery,31,34.91,62,Sunday,6,Monsoon,0,2
2024-06-09,P007,Eggs,Dairy,39,6.94,206,Sunday,6,Monsoon,0,2
2024-06-09,P008,Biscuits,Snacks,34,30.64,40,Sunday,6,Monsoon,0,4
2024-06-09,P009,Soap,Personal Care,13,34.54,86,Sunday,6,Monsoon,0,7
2024-06-09,P010,Shampoo,Personal Care,8,122.01,82,Sunday,6,Monsoon,0,7
2024-06-10,P001,Rice,Grocery,22,60.93,76,Monday,6,Monsoon,0,5
2024-06-10,P002,Wheat,Grocery,22,43.82,101,Monday,6,Monsoon,0,5
2024-06-10,P003,Sugar,Grocery,20,51.63,31,Monday,6,Monsoon,0,4
2024-06-10,P004,Cooking Oil,Grocery,17,124.95,85,Monday,6,Monsoon,0,6
2024-06-10,P005,Milk,Dairy,27,38.39,50,Monday,6,Monsoon,0,2
2024-06-10,P006,Bread,Bakery,34,34.26,120,Monday,6,Monsoon,0,2
2024-06-10,P007,Eggs,Dairy,58,6.85,179,Monday,6,Monsoon,0,2
2024-06-10,P008,Biscuits,Snacks,33,29.96,54,Monday,6,Monsoon,0,4
2024-06-10,P009,Soap,Personal Care,9,35.59,67,Monday,6,Monsoon,0,7
2024-06-10,P010,Shampoo,Personal Care,5,119.54,32,Monday,6,Monsoon,0,7
2024-06-11,P001,Rice,Grocery,28,59.0,53,Tuesday,6,Monsoon,0,5
2024-06-11,P002,Wheat,Grocery,20,45.25,51,Tuesday,6,Monsoon,0,5
2024-06-11,P003,Sugar,Grocery,19,48.2,48,Tuesday,6,Monsoon,0,4
2024-06-11,P004,Cooking Oil,Grocery,14,114.38,88,Tuesday,6,Monsoon,0,6
2024-06-11,P005,Milk,Dairy,31,41.47,180,Tuesday,6,Monsoon,0,2
2024-06-11,P006,Bread,Bakery,32,35.67,183,Tuesday,6,Monsoon,0,2
2024-06-11,P007,Eggs,Dairy,43,7.3,108,Tuesday,6,Monsoon,0,2
2024-06-11,P008,Biscuits,Snacks,27,29.67,47,Tuesday,6,Monsoon,0,4
2024-06-11,P009,Soap,Personal Care,13,34.68,36,Tuesday,6,Monsoon,0,7
2024-06-11,P010,Shampoo,Personal Care,9,114.85,44,Tuesday,6,Monsoon,0,7
2024-06-12,P001,Rice,Grocery,16,61.6,60,Wednesday,6,Monsoon,0,5
2024-06-12,P002,Wheat,Grocery,15,42.89,85,Wednesday,6,Monsoon,0,5
2024-06-12,P003,Sugar,Grocery,15,49.21,44,Wednesday,6,Monsoon,0,4
2024-06-12,P004,Cooking Oil,Grocery,13,118.22,58,Wednesday,6,Monsoon,0,6
2024-06-12,P005,Milk,Dairy,34,40.12,64,Wednesday,6,Monsoon,0,2
2024-06-12,P006,Bread,Bakery,29,33.36,148,Wednesday,6,Monsoon,0,2
2024-06-12,P007,Eggs,Dairy,30,6.82,72,Wednesday,6,Monsoon,0,2
2024-06-12,P008,Biscuits,Snacks,18,29.22,69,Wednesday,6,Monsoon,0,4
2024-06-12,P009,Soap,Personal Care,10,34.45,48,Wednesday,6,Monsoon,0,7
2024-06-12,P010,Shampoo,Personal Care,7,121.16,38,Wednesday,6,Monsoon,0,7
2024-06-13,P001,Rice,Grocery,24,60.04,99,Thursday,6,Monsoon,0,5
2024-06-13,P002,Wheat,Grocery,17,46.2,42,Thursday,6,Monsoon,0,5
2024-06-13,P003,Sugar,Grocery,15,48.69,51,Thursday,6,Monsoon,0,4
2024-06-13,P004,Cooking Oil,Grocery,10,125.36,44,Thursday,6,Monsoon,0,6
2024-06-13,P005,Milk,Dairy,36,41.24,60,Thursday,6,Monsoon,0,2
2024-06-13,P006,Bread,Bakery,38,34.71,82,Thursday,6,Monsoon,0,2
2024-06-13,P007,Eggs,Dairy,39,6.7,106,Thursday,6,Monsoon,0,2
2024-06-13,P008,Biscuits,Snacks,21,29.66,45,Thursday,6,Monsoon,0,4
2024-06-13,P009,Soap,Personal Care,13,36.01,28,Thursday,6,Monsoon,0,7
2024-06-13,P010,Shampoo,Personal Care,7,121.15,50,Thursday,6,Monsoon,0,7
2024-06-14,P001,Rice,Grocery,28,58.82,80,Friday,6,Monsoon,0,5
2024-06-14,P002,Wheat,Grocery,22,45.02,78,Friday,6,Monsoon,0,5
2024-06-14,P003,Sugar,Grocery,20,51.13,71,Friday,6,Monsoon,0,4
2024-06-14,P004,Cooking Oil,Grocery,14,124.25,34,Friday,6,Monsoon,0,6
2024-06-14,P005,Milk,Dairy,39,41.39,157,Friday,6,Monsoon,0,2
2024-06-14,P006,Bread,Bakery,18,33.93,74,Friday,6,Monsoon,0,2
2024-06-14,P007,Eggs,Dairy,59,6.75,133,Friday,6,Monsoon,0,2
2024-06-14,P008,Biscuits,Snacks,28,28.69,31,Friday,6,Monsoon,0,4
2024-06-14,P009,Soap,Personal Care,10,36.61,70,Friday,6,Monsoon,0,7
2024-06-14,P010,Shampoo,Personal Care,7,123.64,78,Friday,6,Monsoon,0,7
2024-06-15,P001,Rice,Grocery,28,59.57,42,Saturday,6,Monsoon,0,5
2024-06-15,P002,Wheat,Grocery,19,46.63,81,Saturday,6,Monsoon,0,5
2024-06-15,P003,Sugar,Grocery,24,50.94,87,Saturday,6,Monsoon,0,4
2024-06-15,P004,Cooking Oil,Grocery,15,122.98,41,Saturday,6,Monsoon,0,6
2024-06-15,P005,Milk,Dairy,52,40.54,162,Saturday,6,Monsoon,0,2
2024-06-15,P006,Bread,Bakery,26,35.81,145,Saturday,6,Monsoon,0,2
2024-06-15,P007,Eggs,Dairy,44,6.86,239,Saturday,6,Monsoon,0,2
2024-06-15,P008,Biscuits,Snacks,27,28.73,80,Saturday,6,Monsoon,0,4
2024-06-15,P009,Soap,Personal Care,9,34.18,47,Saturday,6,Monsoon,0,7
2024-06-15,P010,Shampoo,Personal Care,9,125.35,25,Saturday,6,Monsoon,0,7
2024-06-16,P001,Rice,Grocery,22,58.52,27,Sunday,6,Monsoon,0,5
2024-06-16,P002,Wheat,Grocery,22,46.36,73,Sunday,6,Monsoon,0,5
2024-06-16,P003,Sugar,Grocery,24,52.38,125,Sunday,6,Monsoon,0,4
2024-06-16,P004,Cooking Oil,Grocery,11,120.76,71,Sunday,6,Monsoon,0,6
2024-06-16,P005,Milk,Dairy,40,41.44,62,Sunday,6,Monsoon,0,2
2024-06-16,P006,Bread,Bakery,28,33.66,163,Sunday,6,Monsoon,0,2
2024-06-16,P007,Eggs,Dairy,42,6.74,248,Sunday,6,Monsoon,0,2
2024-06-16,P008,Biscuits,Snacks,27,28.88,56,Sunday,6,Monsoon,0,4
2024-06-16,P009,Soap,Personal Care,12,35.24,33,Sunday,6,Monsoon,0,7
2024-06-16,P010,Shampoo,Personal Care,9,122.69,53,Sunday,6,Monsoon,0,7
2024-06-17,P001,Rice,Grocery,23,58.37,127,Monday,6,Monsoon,0,5
2024-06-17,P002,Wheat,Grocery,18,46.96,103,Monday,6,Monsoon,0,5
2024-06-17,P003,Sugar,Grocery,21,48.9,73,Monday,6,Monsoon,0,4
2024-06-17,P004,Cooking Oil,Grocery,9,122.05,76,Monday,6,Monsoon,0,6
2024-06-17,P005,Milk,Dairy,28,41.15,115,Monday,6,Monsoon,0,2
2024-06-17,P006,Bread,Bakery,26,33.66,110,Monday,6,Monsoon,0,2
2024-06-17,P007,Eggs,Dairy,43,6.74,110,Monday,6,Monsoon,0,2
2024-06-17,P008,Biscuits,Snacks,25,30.7,30,Monday,6,Monsoon,0,4
2024-06-17,P009,Soap,Personal Care,10,35.2,68,Monday,6,Monsoon,0,7
2024-06-17,P010,Shampoo,Personal Care,8,114.45,32,Monday,6,Monsoon,0,7
2024-06-18,P001,Rice,Grocery,22,61.08,132,Tuesday,6,Monsoon,0,5
2024-06-18,P002,Wheat,Grocery,16,47.12,48,Tuesday,6,Monsoon,0,5
2024-06-18,P003,Sugar,Grocery,23,51.06,52,Tuesday,6,Monsoon,0,4
2024-06-18,P004,Cooking Oil,Grocery,12,125.99,56,Tuesday,6,Monsoon,0,6
2024-06-18,P005,Milk,Dairy,37,41.03,122,Tuesday,6,Monsoon,0,2
2024-06-18,P006,Bread,Bakery,29,33.8,52,Tuesday,6,Monsoon,0,2
2024-06-18,P007,Eggs,Dairy,47,7.16,246,Tuesday,6,Monsoon,0,2
2024-06-18,P008,Biscuits,Snacks,18,30.67,84,Tuesday,6,Monsoon,0,4
2024-06-18,P009,Soap,Personal Care,11,34.82,33,Tuesday,6,Monsoon,0,7
2024-06-18,P010,Shampoo,Personal Care,8,115.64,36,Tuesday,6,Monsoon,0,7
2024-06-19,P001,Rice,Grocery,26,59.71,125,Wednesday,6,Monsoon,0,5
2024-06-19,P002,Wheat,Grocery,19,43.1,84,Wednesday,6,Monsoon,0,5
2024-06-19,P003,Sugar,Grocery,27,50.52,63,Wednesday,6,Monsoon,0,4
2024-06-19,P004,Cooking Oil,Grocery,13,123.39,89,Wednesday,6,Monsoon,0,6
2024-06-19,P005,Milk,Dairy,30,41.9,73,Wednesday,6,Monsoon,0,2
2024-06-19,P006,Bread,Bakery,23,35.13,138,Wednesday,6,Monsoon,0,2
2024-06-19,P007,Eggs,Dairy,48,6.94,117,Wednesday,6,Monsoon,0,2
2024-06-19,P008,Biscuits,Snacks,26,31.12,71,Wednesday,6,Monsoon,0,4
2024-06-19,P009,Soap,Personal Care,11,35.72,46,Wednesday,6,Monsoon,0,7
2024-06-19,P010,Shampoo,Personal Care,7,120.57,36,Wednesday,6,Monsoon,0,7
2024-06-20,P001,Rice,Grocery,26,62.31,108,Thursday,6,Monsoon,0,5
2024-06-20,P002,Wheat,Grocery,15,42.83,81,Thursday,6,Monsoon,0,5
2024-06-20,P003,Sugar,Grocery,19,48.15,85,Thursday,6,Monsoon,0,4
2024-06-20,P004,Cooking Oil,Grocery,6,124.33,83,Thursday,6,Monsoon,0,6
2024-06-20,P005,Milk,Dairy,38,38.83,97,Thursday,6,Monsoon,0,2
2024-06-20,P006,Bread,Bakery,28,35.77,49,Thursday,6,Monsoon,0,2
2024-06-20,P007,Eggs,Dairy,37,7.14,62,Thursday,6,Monsoon,0,2
2024-06-20,P008,Biscuits,Snacks,29,31.46,49,Thursday,6,Monsoon,0,4
2024-06-20,P009,Soap,Personal Care,8,36.38,53,Thursday,6,Monsoon,0,7
2024-06-20,P010,Shampoo,Personal Care,8,115.3,24,Thursday,6,Monsoon,0,7
2024-06-21,P001,Rice,Grocery,23,60.69,114,Friday,6,Monsoon,0,5
2024-06-21,P002,Wheat,Grocery,20,45.21,58,Friday,6,Monsoon,0,5
2024-06-21,P003,Sugar,Grocery,17,49.17,43,Friday,6,Monsoon,0,4
2024-06-21,P004,Cooking Oil,Grocery,12,117.44,84,Friday,6,Monsoon,0,6
2024-06-21,P005,Milk,Dairy,38,38.29,123,Friday,6,Monsoon,0,2
2024-06-21,P006,Bread,Bakery,35,34.71,146,Friday,6,Monsoon,0,2
2024-06-21,P007,Eggs,Dairy,40,7.26,156,Friday,6,Monsoon,0,2
2024-06-21,P008,Biscuits,Snacks,32,31.47,37,Friday,6,Monsoon,0,4
2024-06-21,P009,Soap,Personal Care,11,36.68,92,Friday,6,Monsoon,0,7
2024-06-21,P010,Shampoo,Personal Care,8,120.3,92,Friday,6,Monsoon,0,7
2024-06-22,P001,Rice,Grocery,27,57.02,121,Saturday,6,Monsoon,0,5
2024-06-22,P002,Wheat,Grocery,18,46.63,57,Saturday,6,Monsoon,0,5
2024-06-22,P003,Sugar,Grocery,26,48.72,29,Saturday,6,Monsoon,0,4
2024-06-22,P004,Cooking Oil,Grocery,12,125.97,83,Saturday,6,Monsoon,0,6
2024-06-22,P005,Milk,Dairy,39,39.93,154,Saturday,6,Monsoon,0,2
2024-06-22,P006,Bread,Bakery,41,34.83,216,Saturday,6,Monsoon,0,2
2024-06-22,P007,Eggs,Dairy,64,6.99,108,Saturday,6,Monsoon,0,2
2024-06-22,P008,Biscuits,Snacks,22,30.91,83,Saturday,6,Monsoon,0,4
2024-06-22,P009,Soap,Personal Care,13,33.86,76,Saturday,6,Monsoon,0,7
2024-06-22,P010,Shampoo,Personal Care,7,120.03,27,Saturday,6,Monsoon,0,7
2024-06-23,P001,Rice,Grocery,29,62.06,45,Sunday,6,Monsoon,0,5
2024-06-23,P002,Wheat,Grocery,22,47.07,84,Sunday,6,Monsoon,0,5
2024-06-23,P003,Sugar,Grocery,26,48.64,56,Sunday,6,Monsoon,0,4
2024-06-23,P004,Cooking Oil,Grocery,11,123.75,54,Sunday,6,Monsoon,0,6
2024-06-23,P005,Milk,Dairy,40,40.82,139,Sunday,6,Monsoon,0,2
2024-06-23,P006,Bread,Bakery,40,34.9,45,Sunday,6,Monsoon,0,2
2024-06-23,P007,Eggs,Dairy,49,6.94,228,Sunday,6,Monsoon,0,2
2024-06-23,P008,Biscuits,Snacks,23,31.41,82,Sunday,6,Monsoon,0,4
2024-06-23,P009,Soap,Personal Care,13,34.36,40,Sunday,6,Monsoon,0,7
2024-06-23,P010,Shampoo,Personal Care,10,125.85,23,Sunday,6,Monsoon,0,7
2024-06-24,P001,Rice,Grocery,30,61.87,80,Monday,6,Monsoon,0,5
2024-06-24,P002,Wheat,Grocery,19,43.66,89,Monday,6,Monsoon,0,5
2024-06-24,P003,Sugar,Grocery,19,49.53,34,Monday,6,Monsoon,0,4
2024-06-24,P004,Cooking Oil,Grocery,11,118.52,55,Monday,6,Monsoon,0,6
2024-06-24,P005,Milk,Dairy,25,40.22,74,Monday,6,Monsoon,0,2
2024-06-24,P006,Bread,Bakery,36,35.03,58,Monday,6,Monsoon,0,2
2024-06-24,P007,Eggs,Dairy,48,7.04,129,Monday,6,Monsoon,0,2
2024-06-24,P008,Biscuits,Snacks,22,29.73,101,Monday,6,Monsoon,0,4
2024-06-24,P009,Soap,Personal Care,13,33.77,45,Monday,6,Monsoon,0,7
2024-06-24,P010,Shampoo,Personal Care,7,123.23,77,Monday,6,Monsoon,0,7
2024-06-25,P001,Rice,Grocery,22,57.06,100,Tuesday,6,Monsoon,0,5
2024-06-25,P002,Wheat,Grocery,15,43.02,88,Tuesday,6,Monsoon,0,5
2024-06-25,P003,Sugar,Grocery,17,48.39,87,Tuesday,6,Monsoon,0,4
2024-06-25,P004,Cooking Oil,Grocery,14,117.46,91,Tuesday,6,Monsoon,0,6
2024-06-25,P005,Milk,Dairy,45,38.35,243,Tuesday,6,Monsoon,0,2
2024-06-25,P006,Bread,Bakery,25,34.98,120,Tuesday,6,Monsoon,0,2
2024-06-25,P007,Eggs,Dairy,45,6.79,143,Tuesday,6,Monsoon,0,2
2024-06-25,P008,Biscuits,Snacks,29,30.08,29,Tuesday,6,Monsoon,0,4
2024-06-25,P009,Soap,Personal Care,10,33.53,27,Tuesday,6,Monsoon,0,7
2024-06-25,P010,Shampoo,Personal Care,8,118.03,56,Tuesday,6,Monsoon,0,7
2024-06-26,P001,Rice,Grocery,29,61.91,96,Wednesday,6,Monsoon,0,5
2024-06-26,P002,Wheat,Grocery,20,46.83,114,Wednesday,6,Monsoon,0,5
2024-06-26,P003,Sugar,Grocery,17,50.37,21,Wednesday,6,Monsoon,0,4
2024-06-26,P004,Cooking Oil,Grocery,11,115.23,81,Wednesday,6,Monsoon,0,6
2024-06-26,P005,Milk,Dairy,35,38.76,90,Wednesday,6,Monsoon,0,2
2024-06-26,P006,Bread,Bakery,19,34.75,44,Wednesday,6,Monsoon,0,2
2024-06-26,P007,Eggs,Dairy,47,7.06,264,Wednesday,6,Monsoon,0,2
2024-06-26,P008,Biscuits,Snacks,31,29.05,141,Wednesday,6,Monsoon,0,4
2024-06-26,P009,Soap,Personal Care,12,33.48,26,Wednesday,6,Monsoon,0,7
2024-06-26,P010,Shampoo,Personal Care,8,119.9,27,Wednesday,6,Monsoon,0,7
2024-06-27,P001,Rice,Grocery,24,60.45,92,Thursday,6,Monsoon,0,5
2024-06-27,P002,Wheat,Grocery,14,45.97,30,Thursday,6,Monsoon,0,5
2024-06-27,P003,Sugar,Grocery,19,47.89,88,Thursday,6,Monsoon,0,4
2024-06-27,P004,Cooking Oil,Grocery,9,114.35,23,Thursday,6,Monsoon,0,6
2024-06-27,P005,Milk,Dairy,33,39.68,129,Thursday,6,Monsoon,0,2
2024-06-27,P006,Bread,Bakery,27,33.46,97,Thursday,6,Monsoon,0,2
2024-06-27,P007,Eggs,Dairy,45,6.83,253,Thursday,6,Monsoon,0,2
2024-06-27,P008,Biscuits,Snacks,25,30.44,97,Thursday,6,Monsoon,0,4
2024-06-27,P009,Soap,Personal Care,10,36.31,41,Thursday,6,Monsoon,0,7
2024-06-27,P010,Shampoo,Personal Care,9,124.33,29,Thursday,6,Monsoon,0,7
2024-06-28,P001,Rice,Grocery,23,62.24,93,Friday,6,Monsoon,0,5
2024-06-28,P002,Wheat,Grocery,18,46.06,35,Friday,6,Monsoon,0,5
2024-06-28,P003,Sugar,Grocery,18,51.42,68,Friday,6,Monsoon,0,4
2024-06-28,P004,Cooking Oil,Grocery,10,116.0,84,Friday,6,Monsoon,0,6
2024-06-28,P005,Milk,Dairy,31,39.0,125,Friday,6,Monsoon,0,2
2024-06-28,P006,Bread,Bakery,26,36.28,74,Friday,6,Monsoon,0,2
2024-06-28,P007,Eggs,Dairy,49,7.01,52,Friday,6,Monsoon,0,2
2024-06-28,P008,Biscuits,Snacks,23,31.05,106,Friday,6,Monsoon,0,4
2024-06-28,P009,Soap,Personal Care,11,35.05,31,Friday,6,Monsoon,0,7
2024-06-28,P010,Shampoo,Personal Care,7,117.03,79,Friday,6,Monsoon,0,7
2024-06-29,P001,Rice,Grocery,25,58.57,110,Saturday,6,Monsoon,0,5
2024-06-29,P002,Wheat,Grocery,19,44.79,20,Saturday,6,Monsoon,0,5
2024-06-29,P003,Sugar,Grocery,23,47.65,71,Saturday,6,Monsoon,0,4
2024-06-29,P004,Cooking Oil,Grocery,17,119.31,52,Saturday,6,Monsoon,0,6
2024-06-29,P005,Milk,Dairy,37,40.54,177,Saturday,6,Monsoon,0,2
2024-06-29,P006,Bread,Bakery,32,33.68,168,Saturday,6,Monsoon,0,2
2024-06-29,P007,Eggs,Dairy,63,7.18,207,Saturday,6,Monsoon,0,2
2024-06-29,P008,Biscuits,Snacks,35,31.42,158,Saturday,6,Monsoon,0,4
2024-06-29,P009,Soap,Personal Care,9,35.72,69,Saturday,6,Monsoon,0,7
2024-06-29,P010,Shampoo,Personal Care,8,120.17,85,Saturday,6,Monsoon,0,7
2024-06-30,P001,Rice,Grocery,27,62.13,107,Sunday,6,Monsoon,0,5
2024-06-30,P002,Wheat,Grocery,21,44.27,99,Sunday,6,Monsoon,0,5
2024-06-30,P003,Sugar,Grocery,21,50.85,47,Sunday,6,Monsoon,0,4
2024-06-30,P004,Cooking Oil,Grocery,9,115.19,58,Sunday,6,Monsoon,0,6
2024-06-30,P005,Milk,Dairy,30,40.55,137,Sunday,6,Monsoon,0,2
2024-06-30,P006,Bread,Bakery,38,34.06,66,Sunday,6,Monsoon,0,2
2024-06-30,P007,Eggs,Dairy,60,7.29,105,Sunday,6,Monsoon,0,2
2024-06-30,P008,Biscuits,Snacks,27,30.82,61,Sunday,6,Monsoon,0,4
2024-06-30,P009,Soap,Personal Care,10,33.47,37,Sunday,6,Monsoon,0,7
2024-06-30,P010,Shampoo,Personal Care,10,114.62,60,Sunday,6,Monsoon,0,7
2024-07-01,P001,Rice,Grocery,22,60.35,108,Monday,7,Monsoon,0,5
2024-07-01,P002,Wheat,Grocery,24,46.78,75,Monday,7,Monsoon,0,5
2024-07-01,P003,Sugar,Grocery,19,51.37,100,Monday,7,Monsoon,0,4
2024-07-01,P004,Cooking Oil,Grocery,15,117.54,78,Monday,7,Monsoon,0,6
2024-07-01,P005,Milk,Dairy,29,38.61,93,Monday,7,Monsoon,0,2
2024-07-01,P006,Bread,Bakery,28,34.69,139,Monday,7,Monsoon,0,2
2024-07-01,P007,Eggs,Dairy,46,6.8,127,Monday,7,Monsoon,0,2
2024-07-01,P008,Biscuits,Snacks,23,31.29,115,Monday,7,Monsoon,0,4
2024-07-01,P009,Soap,Personal Care,8,33.6,79,Monday,7,Monsoon,0,7
2024-07-01,P010,Shampoo,Personal Care,5,125.27,62,Monday,7,Monsoon,0,7
2024-07-02,P001,Rice,Grocery,19,61.71,22,Tuesday,7,Monsoon,0,5
2024-07-02,P002,Wheat,Grocery,17,45.16,73,Tuesday,7,Monsoon,0,5
2024-07-02,P003,Sugar,Grocery,23,50.9,82,Tuesday,7,Monsoon,0,4
2024-07-02,P004,Cooking Oil,Grocery,13,116.57,75,Tuesday,7,Monsoon,0,6
2024-07-02,P005,Milk,Dairy,26,38.3,136,Tuesday,7,Monsoon,0,2
2024-07-02,P006,Bread,Bakery,27,36.4,64,Tuesday,7,Monsoon,0,2
2024-07-02,P007,Eggs,Dairy,42,6.65,90,Tuesday,7,Monsoon,0,2
2024-07-02,P008,Biscuits,Snacks,22,30.37,84,Tuesday,7,Monsoon,0,4
2024-07-02,P009,Soap,Personal Care,11,35.96,96,Tuesday,7,Monsoon,0,7
2024-07-02,P010,Shampoo,Personal Care,7,114.25,90,Tuesday,7,Monsoon,0,7
2024-07-03,P001,Rice,Grocery,24,57.95,30,Wednesday,7,Monsoon,0,5
2024-07-03,P002,Wheat,Grocery,17,43.61,97,Wednesday,7,Monsoon,0,5
2024-07-03,P003,Sugar,Grocery,18,50.21,27,Wednesday,7,Monsoon,0,4
2024-07-03,P004,Cooking Oil,Grocery,13,125.52,26,Wednesday,7,Monsoon,0,6
2024-07-03,P005,Milk,Dairy,33,39.17,151,Wednesday,7,Monsoon,0,2
2024-07-03,P006,Bread,Bakery,25,35.59,109,Wednesday,7,Monsoon,0,2
2024-07-03,P007,Eggs,Dairy,46,6.87,72,Wednesday,7,Monsoon,0,2
2024-07-03,P008,Biscuits,Snacks,22,30.71,90,Wednesday,7,Monsoon,0,4
2024-07-03,P009,Soap,Personal Care,11,35.13,54,Wednesday,7,Monsoon,0,7
2024-07-03,P010,Shampoo,Personal Care,7,119.38,93,Wednesday,7,Monsoon,0,7
2024-07-04,P001,Rice,Grocery,25,61.99,36,Thursday,7,Monsoon,0,5
2024-07-04,P002,Wheat,Grocery,18,46.6,61,Thursday,7,Monsoon,0,5
2024-07-04,P003,Sugar,Grocery,25,51.59,149,Thursday,7,Monsoon,0,4
2024-07-04,P004,Cooking Oil,Grocery,10,116.56,66,Thursday,7,Monsoon,0,6
2024-07-04,P005,Milk,Dairy,30,40.77,120,Thursday,7,Monsoon,0,2
2024-07-04,P006,Bread,Bakery,30,33.85,165,Thursday,7,Monsoon,0,2
2024-07-04,P007,Eggs,Dairy,34,6.71,109,Thursday,7,Monsoon,0,2
2024-07-04,P008,Biscuits,Snacks,26,28.66,117,Thursday,7,Monsoon,0,4
2024-07-04,P009,Soap,Personal Care,14,35.72,85,Thursday,7,Monsoon,0,7
2024-07-04,P010,Shampoo,Personal Care,6,119.19,99,Thursday,7,Monsoon,0,7
2024-07-05,P001,Rice,Grocery,26,59.11,138,Friday,7,Monsoon,0,5
2024-07-05,P002,Wheat,Grocery,18,43.05,36,Friday,7,Monsoon,0,5
2024-07-05,P003,Sugar,Grocery,25,51.2,77,Friday,7,Monsoon,0,4
2024-07-05,P004,Cooking Oil,Grocery,10,123.57,40,Friday,7,Monsoon,0,6
2024-07-05,P005,Milk,Dairy,34,40.67,82,Friday,7,Monsoon,0,2
2024-07-05,P006,Bread,Bakery,27,34.76,75,Friday,7,Monsoon,0,2
2024-07-05,P007,Eggs,Dairy,48,6.78,273,Friday,7,Monsoon,0,2
2024-07-05,P008,Biscuits,Snacks,16,28.93,34,Friday,7,Monsoon,0,4
2024-07-05,P009,Soap,Personal Care,11,34.75,42,Friday,7,Monsoon,0,7
2024-07-05,P010,Shampoo,Personal Care,8,121.21,41,Friday,7,Monsoon,0,7
2024-07-06,P001,Rice,Grocery,26,57.67,30,Saturday,7,Monsoon,0,5
2024-07-06,P002,Wheat,Grocery,14,44.2,76,Saturday,7,Monsoon,0,5
2024-07-06,P003,Sugar,Grocery,16,50.23,69,Saturday,7,Monsoon,0,4
2024-07-06,P004,Cooking Oil,Grocery,17,116.5,57,Saturday,7,Monsoon,0,6
2024-07-06,P005,Milk,Dairy,48,38.5,168,Saturday,7,Monsoon,0,2
2024-07-06,P006,Bread,Bakery,42,35.5,229,Saturday,7,Monsoon,0,2
2024-07-06,P007,Eggs,Dairy,50,7.19,236,Saturday,7,Monsoon,0,2
2024-07-06,P008,Biscuits,Snacks,31,30.94,130,Saturday,7,Monsoon,0,4
2024-07-06,P009,Soap,Personal Care,12,33.57,96,Saturday,7,Monsoon,0,7
2024-07-06,P010,Shampoo,Personal Care,7,125.68,37,Saturday,7,Monsoon,0,7
2024-07-07,P001,Rice,Grocery,29,60.95,33,Sunday,7,Monsoon,0,5
2024-07-07,P002,Wheat,Grocery,23,44.97,65,Sunday,7,Monsoon,0,5
2024-07-07,P003,Sugar,Grocery,30,50.39,179,Sunday,7,Monsoon,0,4
2024-07-07,P004,Cooking Oil,Grocery,17,121.98,77,Sunday,7,Monsoon,0,6
2024-07-07,P005,Milk,Dairy,36,39.08,152,Sunday,7,Monsoon,0,2
2024-07-07,P006,Bread,Bakery,40,36.49,195,Sunday,7,Monsoon,0,2
2024-07-07,P007,Eggs,Dairy,50,7.15,188,Sunday,7,Monsoon,0,2
2024-07-07,P008,Biscuits,Snacks,27,30.42,58,Sunday,7,Monsoon,0,4
2024-07-07,P009,Soap,Personal Care,12,34.08,20,Sunday,7,Monsoon,0,7
2024-07-07,P010,Shampoo,Personal Care,10,122.76,66,Sunday,7,Monsoon,0,7
2024-07-08,P001,Rice,Grocery,27,61.65,116,Monday,7,Monsoon,0,5
2024-07-08,P002,Wheat,Grocery,17,46.17,92,Monday,7,Monsoon,0,5
2024-07-08,P003,Sugar,Grocery,21,52.37,109,Monday,7,Monsoon,0,4
2024-07-08,P004,Cooking Oil,Grocery,10,116.82,64,Monday,7,Monsoon,0,6
2024-07-08,P005,Milk,Dairy,36,38.44,54,Monday,7,Monsoon,0,2
2024-07-08,P006,Bread,Bakery,25,35.98,141,Monday,7,Monsoon,0,2
2024-07-08,P007,Eggs,Dairy,45,7.32,267,Monday,7,Monsoon,0,2
2024-07-08,P008,Biscuits,Snacks,32,28.89,171,Monday,7,Monsoon,0,4
2024-07-08,P009,Soap,Personal Care,11,35.65,33,Monday,7,Monsoon,0,7
2024-07-08,P010,Shampoo,Personal Care,10,121.89,36,Monday,7,Monsoon,0,7
2024-07-09,P001,Rice,Grocery,21,57.36,59,Tuesday,7,Monsoon,0,5
2024-07-09,P002,Wheat,Grocery,16,46.3,30,Tuesday,7,Monsoon,0,5
2024-07-09,P003,Sugar,Grocery,19,48.36,103,Tuesday,7,Monsoon,0,4
2024-07-09,P004,Cooking Oil,Grocery,10,121.11,41,Tuesday,7,Monsoon,0,6
2024-07-09,P005,Milk,Dairy,42,39.3,156,Tuesday,7,Monsoon,0,2
2024-07-09,P006,Bread,Bakery,24,36.01,45,Tuesday,7,Monsoon,0,2
2024-07-09,P007,Eggs,Dairy,53,6.72,115,Tuesday,7,Monsoon,0,2
2024-07-09,P008,Biscuits,Snacks,22,28.69,116,Tuesday,7,Monsoon,0,4
2024-07-09,P009,Soap,Personal Care,12,36.27,99,Tuesday,7,Monsoon,0,7
2024-07-09,P010,Shampoo,Personal Care,7,125.9,53,Tuesday,7,Monsoon,0,7
2024-07-10,P001,Rice,Grocery,19,61.78,51,Wednesday,7,Monsoon,0,5
2024-07-10,P002,Wheat,Grocery,17,47.11,25,Wednesday,7,Monsoon,0,5
2024-07-10,P003,Sugar,Grocery,18,51.61,69,Wednesday,7,Monsoon,0,4
2024-07-10,P004,Cooking Oil,Grocery,15,118.17,63,Wednesday,7,Monsoon,0,6
2024-07-10,P005,Milk,Dairy,36,39.99,125,Wednesday,7,Monsoon,0,2
2024-07-10,P006,Bread,Bakery,27,33.76,69,Wednesday,7,Monsoon,0,2
2024-07-10,P007,Eggs,Dairy,54,6.82,175,Wednesday,7,Monsoon,0,2
2024-07-10,P008,Biscuits,Snacks,22,29.17,85,Wednesday,7,Monsoon,0,4
2024-07-10,P009,Soap,Personal Care,10,35.22,35,Wednesday,7,Monsoon,0,7
2024-07-10,P010,Shampoo,Personal Care,6,119.01,62,Wednesday,7,Monsoon,0,7
2024-07-11,P001,Rice,Grocery,24,57.17,115,Thursday,7,Monsoon,0,5
2024-07-11,P002,Wheat,Grocery,18,44.53,60,Thursday,7,Monsoon,0,5
2024-07-11,P003,Sugar,Grocery,19,51.49,75,Thursday,7,Monsoon,0,4
2024-07-11,P004,Cooking Oil,Grocery,14,117.41,68,Thursday,7,Monsoon,0,6
2024-07-11,P005,Milk,Dairy,33,39.28,54,Thursday,7,Monsoon,0,2
2024-07-11,P006,Bread,Bakery,25,35.43,56,Thursday,7,Monsoon,0,2
2024-07-11,P007,Eggs,Dairy,46,6.81,68,Thursday,7,Monsoon,0,2
2024-07-11,P008,Biscuits,Snacks,25,29.7,148,Thursday,7,Monsoon,0,4
2024-07-11,P009,Soap,Personal Care,10,34.1,56,Thursday,7,Monsoon,0,7
2024-07-11,P010,Shampoo,Personal Care,7,124.46,27,Thursday,7,Monsoon,0,7
2024-07-12,P001,Rice,Grocery,25,61.2,78,Friday,7,Monsoon,0,5
2024-07-12,P002,Wheat,Grocery,15,43.45,48,Friday,7,Monsoon,0,5
2024-07-12,P003,Sugar,Grocery,27,48.3,101,Friday,7,Monsoon,0,4
2024-07-12,P004,Cooking Oil,Grocery,9,117.86,90,Friday,7,Monsoon,0,6
2024-07-12,P005,Milk,Dairy,34,40.94,100,Friday,7,Monsoon,0,2
2024-07-12,P006,Bread,Bakery,28,36.05,35,Friday,7,Monsoon,0,2
2024-07-12,P007,Eggs,Dairy,51,7.05,212,Friday,7,Monsoon,0,2
2024-07-12,P008,Biscuits,Snacks,21,30.12,59,Friday,7,Monsoon,0,4
2024-07-12,P009,Soap,Personal Care,10,36.25,98,Friday,7,Monsoon,0,7
2024-07-12,P010,Shampoo,Personal Care,7,121.62,51,Friday,7,Monsoon,0,7
2024-07-13,P001,Rice,Grocery,29,59.44,126,Saturday,7,Monsoon,0,5
2024-07-13,P002,Wheat,Grocery,17,45.94,98,Saturday,7,Monsoon,0,5
2024-07-13,P003,Sugar,Grocery,22,52.48,30,Saturday,7,Monsoon,0,4
2024-07-13,P004,Cooking Oil,Grocery,10,118.79,93,Saturday,7,Monsoon,0,6
2024-07-13,P005,Milk,Dairy,37,38.29,182,Saturday,7,Monsoon,0,2
2024-07-13,P006,Bread,Bakery,32,36.02,177,Saturday,7,Monsoon,0,2
2024-07-13,P007,Eggs,Dairy,57,6.67,134,Saturday,7,Monsoon,0,2
2024-07-13,P008,Biscuits,Snacks,26,28.91,151,Saturday,7,Monsoon,0,4
2024-07-13,P009,Soap,Personal Care,10,33.82,83,Saturday,7,Monsoon,0,7
2024-07-13,P010,Shampoo,Personal Care,8,116.15,39,Saturday,7,Monsoon,0,7
2024-07-14,P001,Rice,Grocery,30,61.15,139,Sunday,7,Monsoon,0,5
2024-07-14,P002,Wheat,Grocery,22,44.46,97,Sunday,7,Monsoon,0,5
2024-07-14,P003,Sugar,Grocery,20,52.39,92,Sunday,7,Monsoon,0,4
2024-07-14,P004,Cooking Oil,Grocery,14,120.13,75,Sunday,7,Monsoon,0,6
2024-07-14,P005,Milk,Dairy,40,40.52,132,Sunday,7,Monsoon,0,2
2024-07-14,P006,Bread,Bakery,28,35.19,34,Sunday,7,Monsoon,0,2
2024-07-14,P007,Eggs,Dairy,61,7.05,193,Sunday,7,Monsoon,0,2
2024-07-14,P008,Biscuits,Snacks,29,30.76,67,Sunday,7,Monsoon,0,4
2024-07-14,P009,Soap,Personal Care,12,34.77,66,Sunday,7,Monsoon,0,7
2024-07-14,P010,Shampoo,Personal Care,9,124.74,21,Sunday,7,Monsoon,0,7
2024-07-15,P001,Rice,Grocery,24,61.32,52,Monday,7,Monsoon,0,5
2024-07-15,P002,Wheat,Grocery,19,43.09,113,Monday,7,Monsoon,0,5
2024-07-15,P003,Sugar,Grocery,22,47.9,102,Monday,7,Monsoon,0,4
2024-07-15,P004,Cooking Oil,Grocery,12,125.85,58,Monday,7,Monsoon,0,6
2024-07-15,P005,Milk,Dairy,38,39.68,132,Monday,7,Monsoon,0,2
2024-07-15,P006,Bread,Bakery,28,34.85,53,Monday,7,Monsoon,0,2
2024-07-15,P007,Eggs,Dairy,54,6.67,71,Monday,7,Monsoon,0,2
2024-07-15,P008,Biscuits,Snacks,27,30.27,31,Monday,7,Monsoon,0,4
2024-07-15,P009,Soap,Personal Care,11,34.33,26,Monday,7,Monsoon,0,7
2024-07-15,P010,Shampoo,Personal Care,7,116.14,69,Monday,7,Monsoon,0,7
2024-07-16,P001,Rice,Grocery,24,57.83,41,Tuesday,7,Monsoon,0,5
2024-07-16,P002,Wheat,Grocery,17,43.46,25,Tuesday,7,Monsoon,0,5
2024-07-16,P003,Sugar,Grocery,24,50.79,133,Tuesday,7,Monsoon,0,4
2024-07-16,P004,Cooking Oil,Grocery,11,114.45,54,Tuesday,7,Monsoon,0,6
2024-07-16,P005,Milk,Dairy,28,39.23,33,Tuesday,7,Monsoon,0,2
2024-07-16,P006,Bread,Bakery,32,34.43,171,Tuesday,7,Monsoon,0,2
2024-07-16,P007,Eggs,Dairy,44,7.12,142,Tuesday,7,Monsoon,0,2
2024-07-16,P008,Biscuits,Snacks,23,29.56,26,Tuesday,7,Monsoon,0,4
2024-07-16,P009,Soap,Personal Care,13,36.42,44,Tuesday,7,Monsoon,0,7
2024-07-16,P010,Shampoo,Personal Care,8,118.95,20,Tuesday,7,Monsoon,0,7
2024-07-17,P001,Rice,Grocery,25,60.93,92,Wednesday,7,Monsoon,0,5
2024-07-17,P002,Wheat,Grocery,15,43.2,90,Wednesday,7,Monsoon,0,5
2024-07-17,P003,Sugar,Grocery,22,51.73,43,Wednesday,7,Monsoon,0,4
2024-07-17,P004,Cooking Oil,Grocery,10,115.91,34,Wednesday,7,Monsoon,0,6
2024-07-17,P005,Milk,Dairy,33,39.42,78,Wednesday,7,Monsoon,0,2
2024-07-17,P006,Bread,Bakery,34,34.35,109,Wednesday,7,Monsoon,0,2
2024-07-17,P007,Eggs,Dairy,39,7.26,56,Wednesday,7,Monsoon,0,2
2024-07-17,P008,Biscuits,Snacks,30,28.63,102,Wednesday,7,Monsoon,0,4
2024-07-17,P009,Soap,Personal Care,11,35.6,82,Wednesday,7,Monsoon,0,7
2024-07-17,P010,Shampoo,Personal Care,7,123.88,73,Wednesday,7,Monsoon,0,7
2024-07-18,P001,Rice,Grocery,23,61.51,90,Thursday,7,Monsoon,0,5
2024-07-18,P002,Wheat,Grocery,14,43.36,33,Thursday,7,Monsoon,0,5
2024-07-18,P003,Sugar,Grocery,18,48.29,45,Thursday,7,Monsoon,0,4
2024-07-18,P004,Cooking Oil,Grocery,12,114.52,50,Thursday,7,Monsoon,0,6
2024-07-18,P005,Milk,Dairy,36,40.31,91,Thursday,7,Monsoon,0,2
2024-07-18,P006,Bread,Bakery,33,34.29,36,Thursday,7,Monsoon,0,2
2024-07-18,P007,Eggs,Dairy,32,6.96,98,Thursday,7,Monsoon,0,2
2024-07-18,P008,Biscuits,Snacks,19,29.54,100,Thursday,7,Monsoon,0,4
2024-07-18,P009,Soap,Personal Care,11,34.95,27,Thursday,7,Monsoon,0,7
2024-07-18,P010,Shampoo,Personal Care,6,125.01,93,Thursday,7,Monsoon,0,7
2024-07-19,P001,Rice,Grocery,21,59.01,56,Friday,7,Monsoon,0,5
2024-07-19,P002,Wheat,Grocery,18,46.5,65,Friday,7,Monsoon,0,5
2024-07-19,P003,Sugar,Grocery,21,47.98,87,Friday,7,Monsoon,0,4
2024-07-19,P004,Cooking Oil,Grocery,12,116.19,97,Friday,7,Monsoon,0,6
2024-07-19,P005,Milk,Dairy,40,39.11,118,Friday,7,Monsoon,0,2
2024-07-19,P006,Bread,Bakery,27,34.7,93,Friday,7,Monsoon,0,2
2024-07-19,P007,Eggs,Dairy,44,6.88,243,Friday,7,Monsoon,0,2
2024-07-19,P008,Biscuits,Snacks,24,29.64,44,Friday,7,Monsoon,0,4
2024-07-19,P009,Soap,Personal Care,12,33.36,96,Friday,7,Monsoon,0,7
2024-07-19,P010,Shampoo,Personal Care,8,123.93,29,Friday,7,Monsoon,0,7
2024-07-20,P001,Rice,Grocery,30,61.96,148,Saturday,7,Monsoon,0,5
2024-07-20,P002,Wheat,Grocery,17,45.35,51,Saturday,7,Monsoon,0,5
2024-07-20,P003,Sugar,Grocery,22,47.6,90,Saturday,7,Monsoon,0,4
2024-07-20,P004,Cooking Oil,Grocery,12,118.33,26,Saturday,7,Monsoon,0,6
2024-07-20,P005,Milk,Dairy,42,39.51,213,Saturday,7,Monsoon,0,2
2024-07-20,P006,Bread,Bakery,32,35.89,66,Saturday,7,Monsoon,0,2
2024-07-20,P007,Eggs,Dairy,64,7.33,162,Saturday,7,Monsoon,0,2
2024-07-20,P008,Biscuits,Snacks,29,29.1,143,Saturday,7,Monsoon,0,4
2024-07-20,P009,Soap,Personal Care,13,33.9,60,Saturday,7,Monsoon,0,7
2024-07-20,P010,Shampoo,Personal Care,10,120.97,96,Saturday,7,Monsoon,0,7
2024-07-21,P001,Rice,Grocery,28,58.98,131,Sunday,7,Monsoon,0,5
2024-07-21,P002,Wheat,Grocery,17,46.03,34,Sunday,7,Monsoon,0,5
2024-07-21,P003,Sugar,Grocery,20,50.82,29,Sunday,7,Monsoon,0,4
2024-07-21,P004,Cooking Oil,Grocery,16,122.57,91,Sunday,7,Monsoon,0,6
2024-07-21,P005,Milk,Dairy,46,38.87,82,Sunday,7,Monsoon,0,2
2024-07-21,P006,Bread,Bakery,44,35.3,264,Sunday,7,Monsoon,0,2
2024-07-21,P007,Eggs,Dairy,55,7.0,141,Sunday,7,Monsoon,0,2
2024-07-21,P008,Biscuits,Snacks,27,29.78,119,Sunday,7,Monsoon,0,4
2024-07-21,P009,Soap,Personal Care,11,35.04,75,Sunday,7,Monsoon,0,7
2024-07-21,P010,Shampoo,Personal Care,9,122.16,27,Sunday,7,Monsoon,0,7
2024-07-22,P001,Rice,Grocery,20,62.73,92,Monday,7,Monsoon,0,5
2024-07-22,P002,Wheat,Grocery,16,44.13,37,Monday,7,Monsoon,0,5
2024-07-22,P003,Sugar,Grocery,22,51.28,28,Monday,7,Monsoon,0,4
2024-07-22,P004,Cooking Oil,Grocery,12,125.96,88,Monday,7,Monsoon,0,6
2024-07-22,P005,Milk,Dairy,29,40.55,137,Monday,7,Monsoon,0,2
2024-07-22,P006,Bread,Bakery,30,35.76,31,Monday,7,Monsoon,0,2
2024-07-22,P007,Eggs,Dairy,41,6.96,143,Monday,7,Monsoon,0,2
2024-07-22,P008,Biscuits,Snacks,26,28.93,117,Monday,7,Monsoon,0,4
2024-07-22,P009,Soap,Personal Care,10,33.74,64,Monday,7,Monsoon,0,7
2024-07-22,P010,Shampoo,Personal Care,6,117.75,40,Monday,7,Monsoon,0,7
2024-07-23,P001,Rice,Grocery,28,57.56,159,Tuesday,7,Monsoon,0,5
2024-07-23,P002,Wheat,Grocery,16,44.01,65,Tuesday,7,Monsoon,0,5
2024-07-23,P003,Sugar,Grocery,19,50.3,52,Tuesday,7,Monsoon,0,4
2024-07-23,P004,Cooking Oil,Grocery,11,114.83,87,Tuesday,7,Monsoon,0,6
2024-07-23,P005,Milk,Dairy,37,39.47,122,Tuesday,7,Monsoon,0,2
2024-07-23,P006,Bread,Bakery,33,33.47,180,Tuesday,7,Monsoon,0,2
2024-07-23,P007,Eggs,Dairy,38,7.31,106,Tuesday,7,Monsoon,0,2
2024-07-23,P008,Biscuits,Snacks,30,30.74,40,Tuesday,7,Monsoon,0,4
2024-07-23,P009,Soap,Personal Care,7,34.7,88,Tuesday,7,Monsoon,0,7
2024-07-23,P010,Shampoo,Personal Care,10,119.08,90,Tuesday,7,Monsoon,0,7
2024-07-24,P001,Rice,Grocery,28,62.15,108,Wednesday,7,Monsoon,0,5
2024-07-24,P002,Wheat,Grocery,20,42.89,26,Wednesday,7,Monsoon,0,5
2024-07-24,P003,Sugar,Grocery,20,51.33,96,Wednesday,7,Monsoon,0,4
2024-07-24,P004,Cooking Oil,Grocery,16,119.34,50,Wednesday,7,Monsoon,0,6
2024-07-24,P005,Milk,Dairy,37,39.24,66,Wednesday,7,Monsoon,0,2
2024-07-24,P006,Bread,Bakery,31,35.96,152,Wednesday,7,Monsoon,0,2
2024-07-24,P007,Eggs,Dairy,44,6.99,254,Wednesday,7,Monsoon,0,2
2024-07-24,P008,Biscuits,Snacks,21,29.86,24,Wednesday,7,Monsoon,0,4
2024-07-24,P009,Soap,Personal Care,9,33.67,23,Wednesday,7,Monsoon,0,7
2024-07-24,P010,Shampoo,Personal Care,6,124.29,73,Wednesday,7,Monsoon,0,7
2024-07-25,P001,Rice,Grocery,26,62.79,127,Thursday,7,Monsoon,0,5
2024-07-25,P002,Wheat,Grocery,23,47.02,48,Thursday,7,Monsoon,0,5
2024-07-25,P003,Sugar,Grocery,21,50.21,38,Thursday,7,Monsoon,0,4
2024-07-25,P004,Cooking Oil,Grocery,10,114.78,66,Thursday,7,Monsoon,0,6
2024-07-25,P005,Milk,Dairy,39,38.44,77,Thursday,7,Monsoon,0,2
2024-07-25,P006,Bread,Bakery,27,34.07,97,Thursday,7,Monsoon,0,2
2024-07-25,P007,Eggs,Dairy,40,6.66,117,Thursday,7,Monsoon,0,2
2024-07-25,P008,Biscuits,Snacks,23,29.01,111,Thursday,7,Monsoon,0,4
2024-07-25,P009,Soap,Personal Care,10,35.62,81,Thursday,7,Monsoon,0,7
2024-07-25,P010,Shampoo,Personal Care,8,123.13,52,Thursday,7,Monsoon,0,7
2024-07-26,P001,Rice,Grocery,21,62.45,115,Friday,7,Monsoon,0,5
2024-07-26,P002,Wheat,Grocery,20,45.79,62,Friday,7,Monsoon,0,5
2024-07-26,P003,Sugar,Grocery,13,48.72,94,Friday,7,Monsoon,0,4
2024-07-26,P004,Cooking Oil,Grocery,14,123.98,94,Friday,7,Monsoon,0,6
2024-07-26,P005,Milk,Dairy,35,38.06,161,Friday,7,Monsoon,0,2
2024-07-26,P006,Bread,Bakery,21,35.37,66,Friday,7,Monsoon,0,2
2024-07-26,P007,Eggs,Dairy,49,6.78,98,Friday,7,Monsoon,0,2
2024-07-26,P008,Biscuits,Snacks,23,28.66,137,Friday,7,Monsoon,0,4
2024-07-26,P009,Soap,Personal Care,11,34.9,72,Friday,7,Monsoon,0,7
2024-07-26,P010,Shampoo,Personal Care,7,122.88,65,Friday,7,Monsoon,0,7
2024-07-27,P001,Rice,Grocery,25,59.26,118,Saturday,7,Monsoon,0,5
2024-07-27,P002,Wheat,Grocery,12,44.68,73,Saturday,7,Monsoon,0,5
2024-07-27,P003,Sugar,Grocery,24,48.88,72,Saturday,7,Monsoon,0,4
2024-07-27,P004,Cooking Oil,Grocery,12,118.57,93,Saturday,7,Monsoon,0,6
2024-07-27,P005,Milk,Dairy,36,39.22,148,Saturday,7,Monsoon,0,2
2024-07-27,P006,Bread,Bakery,41,34.34,212,Saturday,7,Monsoon,0,2
2024-07-27,P007,Eggs,Dairy,57,6.91,134,Saturday,7,Monsoon,0,2
2024-07-27,P008,Biscuits,Snacks,17,30.91,39,Saturday,7,Monsoon,0,4
2024-07-27,P009,Soap,Personal Care,18,35.26,62,Saturday,7,Monsoon,0,7
2024-07-27,P010,Shampoo,Personal Care,10,120.57,32,Saturday,7,Monsoon,0,7
2024-07-28,P001,Rice,Grocery,30,58.71,134,Sunday,7,Monsoon,0,5
2024-07-28,P002,Wheat,Grocery,19,46.61,43,Sunday,7,Monsoon,0,5
2024-07-28,P003,Sugar,Grocery,18,47.83,40,Sunday,7,Monsoon,0,4
2024-07-28,P004,Cooking Oil,Grocery,11,124.62,82,Sunday,7,Monsoon,0,6
2024-07-28,P005,Milk,Dairy,46,39.63,86,Sunday,7,Monsoon,0,2
2024-07-28,P006,Bread,Bakery,29,35.76,32,Sunday,7,Monsoon,0,2
2024-07-28,P007,Eggs,Dairy,51,7.13,51,Sunday,7,Monsoon,0,2
2024-07-28,P008,Biscuits,Snacks,22,30.41,109,Sunday,7,Monsoon,0,4
2024-07-28,P009,Soap,Personal Care,13,34.45,59,Sunday,7,Monsoon,0,7
2024-07-28,P010,Shampoo,Personal Care,9,122.11,41,Sunday,7,Monsoon,0,7
2024-07-29,P001,Rice,Grocery,27,58.62,79,Monday,7,Monsoon,0,5
2024-07-29,P002,Wheat,Grocery,18,44.59,104,Monday,7,Monsoon,0,5
2024-07-29,P003,Sugar,Grocery,23,51.25,112,Monday,7,Monsoon,0,4
2024-07-29,P004,Cooking Oil,Grocery,11,123.65,70,Monday,7,Monsoon,0,6
2024-07-29,P005,Milk,Dairy,35,41.6,119,Monday,7,Monsoon,0,2
2024-07-29,P006,Bread,Bakery,25,36.63,46,Monday,7,Monsoon,0,2
2024-07-29,P007,Eggs,Dairy,34,7.3,82,Monday,7,Monsoon,0,2
2024-07-29,P008,Biscuits,Snacks,21,29.49,24,Monday,7,Monsoon,0,4
2024-07-29,P009,Soap,Personal Care,13,35.63,100,Monday,7,Monsoon,0,7
2024-07-29,P010,Shampoo,Personal Care,6,123.25,85,Monday,7,Monsoon,0,7
2024-07-30,P001,Rice,Grocery,31,57.26,72,Tuesday,7,Monsoon,0,5
2024-07-30,P002,Wheat,Grocery,17,43.81,23,Tuesday,7,Monsoon,0,5
2024-07-30,P003,Sugar,Grocery,24,51.59,31,Tuesday,7,Monsoon,0,4
2024-07-30,P004,Cooking Oil,Grocery,13,125.97,83,Tuesday,7,Monsoon,0,6
2024-07-30,P005,Milk,Dairy,37,38.12,49,Tuesday,7,Monsoon,0,2
2024-07-30,P006,Bread,Bakery,30,34.93,43,Tuesday,7,Monsoon,0,2
2024-07-30,P007,Eggs,Dairy,46,6.96,197,Tuesday,7,Monsoon,0,2
2024-07-30,P008,Biscuits,Snacks,25,30.2,32,Tuesday,7,Monsoon,0,4
2024-07-30,P009,Soap,Personal Care,9,35.56,89,Tuesday,7,Monsoon,0,7
2024-07-30,P010,Shampoo,Personal Care,6,122.77,59,Tuesday,7,Monsoon,0,7
2024-07-31,P001,Rice,Grocery,29,62.5,163,Wednesday,7,Monsoon,0,5
2024-07-31,P002,Wheat,Grocery,15,44.8,79,Wednesday,7,Monsoon,0,5
2024-07-31,P003,Sugar,Grocery,24,49.29,56,Wednesday,7,Monsoon,0,4
2024-07-31,P004,Cooking Oil,Grocery,9,123.16,98,Wednesday,7,Monsoon,0,6
2024-07-31,P005,Milk,Dairy,40,38.0,220,Wednesday,7,Monsoon,0,2
2024-07-31,P006,Bread,Bakery,22,34.33,113,Wednesday,7,Monsoon,0,2
2024-07-31,P007,Eggs,Dairy,43,7.21,83,Wednesday,7,Monsoon,0,2
2024-07-31,P008,Biscuits,Snacks,28,31.23,163,Wednesday,7,Monsoon,0,4
2024-07-31,P009,Soap,Personal Care,11,35.08,62,Wednesday,7,Monsoon,0,7
2024-07-31,P010,Shampoo,Personal Care,5,121.99,51,Wednesday,7,Monsoon,0,7
2024-08-01,P001,Rice,Grocery,18,62.66,68,Thursday,8,Monsoon,0,5
2024-08-01,P002,Wheat,Grocery,20,45.75,116,Thursday,8,Monsoon,0,5
2024-08-01,P003,Sugar,Grocery,22,51.54,74,Thursday,8,Monsoon,0,4
2024-08-01,P004,Cooking Oil,Grocery,14,124.59,34,Thursday,8,Monsoon,0,6
2024-08-01,P005,Milk,Dairy,39,38.65,149,Thursday,8,Monsoon,0,2
2024-08-01,P006,Bread,Bakery,22,34.76,101,Thursday,8,Monsoon,0,2
2024-08-01,P007,Eggs,Dairy,36,6.79,50,Thursday,8,Monsoon,0,2
2024-08-01,P008,Biscuits,Snacks,27,29.27,153,Thursday,8,Monsoon,0,4
2024-08-01,P009,Soap,Personal Care,12,33.48,41,Thursday,8,Monsoon,0,7
2024-08-01,P010,Shampoo,Personal Care,6,119.78,26,Thursday,8,Monsoon,0,7
2024-08-02,P001,Rice,Grocery,25,57.16,115,Friday,8,Monsoon,0,5
2024-08-02,P002,Wheat,Grocery,15,47.16,95,Friday,8,Monsoon,0,5
2024-08-02,P003,Sugar,Grocery,18,48.73,87,Friday,8,Monsoon,0,4
2024-08-02,P004,Cooking Oil,Grocery,12,116.84,22,Friday,8,Monsoon,0,6
2024-08-02,P005,Milk,Dairy,31,40.39,167,Friday,8,Monsoon,0,2
2024-08-02,P006,Bread,Bakery,31,33.87,82,Friday,8,Monsoon,0,2
2024-08-02,P007,Eggs,Dairy,48,6.67,161,Friday,8,Monsoon,0,2
2024-08-02,P008,Biscuits,Snacks,23,29.03,118,Friday,8,Monsoon,0,4
2024-08-02,P009,Soap,Personal Care,9,34.06,67,Friday,8,Monsoon,0,7
2024-08-02,P010,Shampoo,Personal Care,6,123.59,38,Friday,8,Monsoon,0,7
2024-08-03,P001,Rice,Grocery,27,59.38,80,Saturday,8,Monsoon,0,5
2024-08-03,P002,Wheat,Grocery,25,46.59,77,Saturday,8,Monsoon,0,5
2024-08-03,P003,Sugar,Grocery,23,50.89,47,Saturday,8,Monsoon,0,4
2024-08-03,P004,Cooking Oil,Grocery,11,120.94,47,Saturday,8,Monsoon,0,6
2024-08-03,P005,Milk,Dairy,42,38.2,238,Saturday,8,Monsoon,0,2
2024-08-03,P006,Bread,Bakery,33,34.61,190,Saturday,8,Monsoon,0,2
2024-08-03,P007,Eggs,Dairy,52,7.05,208,Saturday,8,Monsoon,0,2
2024-08-03,P008,Biscuits,Snacks,25,31.48,112,Saturday,8,Monsoon,0,4
2024-08-03,P009,Soap,Personal Care,11,34.02,42,Saturday,8,Monsoon,0,7
2024-08-03,P010,Shampoo,Personal Care,9,122.28,63,Saturday,8,Monsoon,0,7
2024-08-04,P001,Rice,Grocery,28,61.99,94,Sunday,8,Monsoon,0,5
2024-08-04,P002,Wheat,Grocery,23,45.12,43,Sunday,8,Monsoon,0,5
2024-08-04,P003,Sugar,Grocery,20,49.49,22,Sunday,8,Monsoon,0,4
2024-08-04,P004,Cooking Oil,Grocery,16,116.43,83,Sunday,8,Monsoon,0,6
2024-08-04,P005,Milk,Dairy,46,38.78,225,Sunday,8,Monsoon,0,2
2024-08-04,P006,Bread,Bakery,25,34.37,108,Sunday,8,Monsoon,0,2
2024-08-04,P007,Eggs,Dairy,29,7.24,163,Sunday,8,Monsoon,0,2
2024-08-04,P008,Biscuits,Snacks,21,30.59,65,Sunday,8,Monsoon,0,4
2024-08-04,P009,Soap,Personal Care,15,35.94,59,Sunday,8,Monsoon,0,7
2024-08-04,P010,Shampoo,Personal Care,7,119.79,51,Sunday,8,Monsoon,0,7
2024-08-05,P001,Rice,Grocery,21,60.96,83,Monday,8,Monsoon,0,5
2024-08-05,P002,Wheat,Grocery,20,45.71,111,Monday,8,Monsoon,0,5
2024-08-05,P003,Sugar,Grocery,19,51.32,67,Monday,8,Monsoon,0,4
2024-08-05,P004,Cooking Oil,Grocery,12,125.46,74,Monday,8,Monsoon,0,6
2024-08-05,P005,Milk,Dairy,26,40.45,145,Monday,8,Monsoon,0,2
2024-08-05,P006,Bread,Bakery,30,35.72,84,Monday,8,Monsoon,0,2
2024-08-05,P007,Eggs,Dairy,43,7.23,104,Monday,8,Monsoon,0,2
2024-08-05,P008,Biscuits,Snacks,24,30.95,137,Monday,8,Monsoon,0,4
2024-08-05,P009,Soap,Personal Care,10,36.29,50,Monday,8,Monsoon,0,7
2024-08-05,P010,Shampoo,Personal Care,5,125.93,82,Monday,8,Monsoon,0,7
2024-08-06,P001,Rice,Grocery,28,61.67,47,Tuesday,8,Monsoon,0,5
2024-08-06,P002,Wheat,Grocery,18,45.22,50,Tuesday,8,Monsoon,0,5
2024-08-06,P003,Sugar,Grocery,22,51.28,83,Tuesday,8,Monsoon,0,4
2024-08-06,P004,Cooking Oil,Grocery,11,119.61,71,Tuesday,8,Monsoon,0,6
2024-08-06,P005,Milk,Dairy,36,39.96,143,Tuesday,8,Monsoon,0,2
2024-08-06,P006,Bread,Bakery,35,35.41,197,Tuesday,8,Monsoon,0,2
2024-08-06,P007,Eggs,Dairy,48,6.95,171,Tuesday,8,Monsoon,0,2
2024-08-06,P008,Biscuits,Snacks,29,29.43,133,Tuesday,8,Monsoon,0,4
2024-08-06,P009,Soap,Personal Care,12,35.38,26,Tuesday,8,Monsoon,0,7
2024-08-06,P010,Shampoo,Personal Care,8,121.31,26,Tuesday,8,Monsoon,0,7
2024-08-07,P001,Rice,Grocery,26,60.67,122,Wednesday,8,Monsoon,0,5
2024-08-07,P002,Wheat,Grocery,20,46.96,71,Wednesday,8,Monsoon,0,5
2024-08-07,P003,Sugar,Grocery,17,52.33,49,Wednesday,8,Monsoon,0,4
2024-08-07,P004,Cooking Oil,Grocery,8,120.05,74,Wednesday,8,Monsoon,0,6
2024-08-07,P005,Milk,Dairy,43,38.78,240,Wednesday,8,Monsoon,0,2
2024-08-07,P006,Bread,Bakery,31,34.66,184,Wednesday,8,Monsoon,0,2
2024-08-07,P007,Eggs,Dairy,55,7.35,111,Wednesday,8,Monsoon,0,2
2024-08-07,P008,Biscuits,Snacks,24,29.03,102,Wednesday,8,Monsoon,0,4
2024-08-07,P009,Soap,Personal Care,13,34.91,91,Wednesday,8,Monsoon,0,7
2024-08-07,P010,Shampoo,Personal Care,7,118.14,83,Wednesday,8,Monsoon,0,7
2024-08-08,P001,Rice,Grocery,19,61.66,79,Thursday,8,Monsoon,0,5
2024-08-08,P002,Wheat,Grocery,18,44.46,28,Thursday,8,Monsoon,0,5
2024-08-08,P003,Sugar,Grocery,21,51.67,98,Thursday,8,Monsoon,0,4
2024-08-08,P004,Cooking Oil,Grocery,12,125.54,67,Thursday,8,Monsoon,0,6
2024-08-08,P005,Milk,Dairy,45,40.7,153,Thursday,8,Monsoon,0,2
2024-08-08,P006,Bread,Bakery,31,35.0,166,Thursday,8,Monsoon,0,2
2024-08-08,P007,Eggs,Dairy,50,6.96,178,Thursday,8,Monsoon,0,2
2024-08-08,P008,Biscuits,Snacks,23,31.25,66,Thursday,8,Monsoon,0,4
2024-08-08,P009,Soap,Personal Care,9,33.77,37,Thursday,8,Monsoon,0,7
2024-08-08,P010,Shampoo,Personal Care,7,120.66,50,Thursday,8,Monsoon,0,7
2024-08-09,P001,Rice,Grocery,26,61.65,149,Friday,8,Monsoon,0,5
2024-08-09,P002,Wheat,Grocery,18,46.16,102,Friday,8,Monsoon,0,5
2024-08-09,P003,Sugar,Grocery,17,49.57,76,Friday,8,Monsoon,0,4
2024-08-09,P004,Cooking Oil,Grocery,13,119.99,29,Friday,8,Monsoon,0,6
2024-08-09,P005,Milk,Dairy,33,39.53,157,Friday,8,Monsoon,0,2
2024-08-09,P006,Bread,Bakery,26,33.8,106,Friday,8,Monsoon,0,2
2024-08-09,P007,Eggs,Dairy,54,7.0,260,Friday,8,Monsoon,0,2
2024-08-09,P008,Biscuits,Snacks,27,28.65,103,Friday,8,Monsoon,0,4
2024-08-09,P009,Soap,Personal Care,10,35.41,21,Friday,8,Monsoon,0,7
2024-08-09,P010,Shampoo,Personal Care,7,116.52,45,Friday,8,Monsoon,0,7
2024-08-10,P001,Rice,Grocery,30,60.14,157,Saturday,8,Monsoon,0,5
2024-08-10,P002,Wheat,Grocery,20,45.64,38,Saturday,8,Monsoon,0,5
2024-08-10,P003,Sugar,Grocery,25,50.8,84,Saturday,8,Monsoon,0,4
2024-08-10,P004,Cooking Oil,Grocery,13,124.72,35,Saturday,8,Monsoon,0,6
2024-08-10,P005,Milk,Dairy,46,38.33,245,Saturday,8,Monsoon,0,2
2024-08-10,P006,Bread,Bakery,34,35.93,103,Saturday,8,Monsoon,0,2
2024-08-10,P007,Eggs,Dairy,51,6.73,130,Saturday,8,Monsoon,0,2
2024-08-10,P008,Biscuits,Snacks,32,29.55,62,Saturday,8,Monsoon,0,4
2024-08-10,P009,Soap,Personal Care,13,35.44,92,Saturday,8,Monsoon,0,7
2024-08-10,P010,Shampoo,Personal Care,7,119.44,42,Saturday,8,Monsoon,0,7
2024-08-11,P001,Rice,Grocery,30,60.24,145,Sunday,8,Monsoon,0,5
2024-08-11,P002,Wheat,Grocery,15,46.5,21,Sunday,8,Monsoon,0,5
2024-08-11,P003,Sugar,Grocery,10,47.99,47,Sunday,8,Monsoon,0,4
2024-08-11,P004,Cooking Oil,Grocery,13,114.11,36,Sunday,8,Monsoon,0,6
2024-08-11,P005,Milk,Dairy,42,41.21,73,Sunday,8,Monsoon,0,2
2024-08-11,P006,Bread,Bakery,28,34.93,125,Sunday,8,Monsoon,0,2
2024-08-11,P007,Eggs,Dairy,48,7.27,248,Sunday,8,Monsoon,0,2
2024-08-11,P008,Biscuits,Snacks,37,29.53,86,Sunday,8,Monsoon,0,4
2024-08-11,P009,Soap,Personal Care,12,34.86,100,Sunday,8,Monsoon,0,7
2024-08-11,P010,Shampoo,Personal Care,9,125.79,50,Sunday,8,Monsoon,0,7
2024-08-12,P001,Rice,Grocery,25,61.98,86,Monday,8,Monsoon,0,5
2024-08-12,P002,Wheat,Grocery,18,44.77,67,Monday,8,Monsoon,0,5
2024-08-12,P003,Sugar,Grocery,23,52.21,91,Monday,8,Monsoon,0,4
2024-08-12,P004,Cooking Oil,Grocery,10,116.62,99,Monday,8,Monsoon,0,6
2024-08-12,P005,Milk,Dairy,35,41.33,69,Monday,8,Monsoon,0,2
2024-08-12,P006,Bread,Bakery,24,33.53,142,Monday,8,Monsoon,0,2
2024-08-12,P007,Eggs,Dairy,47,7.18,147,Monday,8,Monsoon,0,2
2024-08-12,P008,Biscuits,Snacks,19,29.39,60,Monday,8,Monsoon,0,4
2024-08-12,P009,Soap,Personal Care,9,36.02,40,Monday,8,Monsoon,0,7
2024-08-12,P010,Shampoo,Personal Care,8,117.65,83,Monday,8,Monsoon,0,7
2024-08-13,P001,Rice,Grocery,27,59.81,159,Tuesday,8,Monsoon,0,5
2024-08-13,P002,Wheat,Grocery,14,44.86,95,Tuesday,8,Monsoon,0,5
2024-08-13,P003,Sugar,Grocery,22,48.06,66,Tuesday,8,Monsoon,0,4
2024-08-13,P004,Cooking Oil,Grocery,11,114.08,24,Tuesday,8,Monsoon,0,6
2024-08-13,P005,Milk,Dairy,36,40.99,135,Tuesday,8,Monsoon,0,2
2024-08-13,P006,Bread,Bakery,30,34.77,94,Tuesday,8,Monsoon,0,2
2024-08-13,P007,Eggs,Dairy,47,6.69,133,Tuesday,8,Monsoon,0,2
2024-08-13,P008,Biscuits,Snacks,24,29.15,95,Tuesday,8,Monsoon,0,4
2024-08-13,P009,Soap,Personal Care,10,36.53,38,Tuesday,8,Monsoon,0,7
2024-08-13,P010,Shampoo,Personal Care,8,114.73,68,Tuesday,8,Monsoon,0,7
2024-08-14,P001,Rice,Grocery,26,60.87,97,Wednesday,8,Monsoon,0,5
2024-08-14,P002,Wheat,Grocery,16,44.97,54,Wednesday,8,Monsoon,0,5
2024-08-14,P003,Sugar,Grocery,20,48.23,26,Wednesday,8,Monsoon,0,4
2024-08-14,P004,Cooking Oil,Grocery,11,121.89,81,Wednesday,8,Monsoon,0,6
2024-08-14,P005,Milk,Dairy,37,40.08,131,Wednesday,8,Monsoon,0,2
2024-08-14,P006,Bread,Bakery,34,35.95,148,Wednesday,8,Monsoon,0,2
2024-08-14,P007,Eggs,Dairy,46,7.02,119,Wednesday,8,Monsoon,0,2
2024-08-14,P008,Biscuits,Snacks,25,29.44,112,Wednesday,8,Monsoon,0,4
2024-08-14,P009,Soap,Personal Care,10,36.57,88,Wednesday,8,Monsoon,0,7
2024-08-14,P010,Shampoo,Personal Care,6,121.37,81,Wednesday,8,Monsoon,0,7
2024-08-15,P001,Rice,Grocery,28,58.53,75,Thursday,8,Monsoon,1,5
2024-08-15,P002,Wheat,Grocery,29,44.3,102,Thursday,8,Monsoon,1,5
2024-08-15,P003,Sugar,Grocery,27,52.01,45,Thursday,8,Monsoon,1,4
2024-08-15,P004,Cooking Oil,Grocery,18,125.84,92,Thursday,8,Monsoon,1,6
2024-08-15,P005,Milk,Dairy,42,40.51,71,Thursday,8,Monsoon,1,2
2024-08-15,P006,Bread,Bakery,43,33.7,127,Thursday,8,Monsoon,1,2
2024-08-15,P007,Eggs,Dairy,61,7.01,320,Thursday,8,Monsoon,1,2
2024-08-15,P008,Biscuits,Snacks,30,30.72,158,Thursday,8,Monsoon,1,4
2024-08-15,P009,Soap,Personal Care,12,36.73,27,Thursday,8,Monsoon,1,7
2024-08-15,P010,Shampoo,Personal Care,12,124.93,38,Thursday,8,Monsoon,1,7
2024-08-16,P001,Rice,Grocery,26,59.5,34,Friday,8,Monsoon,0,5
2024-08-16,P002,Wheat,Grocery,16,45.81,50,Friday,8,Monsoon,0,5
2024-08-16,P003,Sugar,Grocery,14,48.94,88,Friday,8,Monsoon,0,4
2024-08-16,P004,Cooking Oil,Grocery,13,124.06,40,Friday,8,Monsoon,0,6
2024-08-16,P005,Milk,Dairy,37,40.1,216,Friday,8,Monsoon,0,2
2024-08-16,P006,Bread,Bakery,26,34.31,143,Friday,8,Monsoon,0,2
2024-08-16,P007,Eggs,Dairy,41,7.33,142,Friday,8,Monsoon,0,2
2024-08-16,P008,Biscuits,Snacks,23,31.37,46,Friday,8,Monsoon,0,4
2024-08-16,P009,Soap,Personal Care,13,35.08,87,Friday,8,Monsoon,0,7
2024-08-16,P010,Shampoo,Personal Care,7,121.06,44,Friday,8,Monsoon,0,7
2024-08-17,P001,Rice,Grocery,22,59.46,107,Saturday,8,Monsoon,0,5
2024-08-17,P002,Wheat,Grocery,20,45.69,67,Saturday,8,Monsoon,0,5
2024-08-17,P003,Sugar,Grocery,22,50.1,46,Saturday,8,Monsoon,0,4
2024-08-17,P004,Cooking Oil,Grocery,15,123.93,98,Saturday,8,Monsoon,0,6
2024-08-17,P005,Milk,Dairy,37,41.06,187,Saturday,8,Monsoon,0,2
2024-08-17,P006,Bread,Bakery,38,33.45,200,Saturday,8,Monsoon,0,2
2024-08-17,P007,Eggs,Dairy,57,6.79,305,Saturday,8,Monsoon,0,2
2024-08-17,P008,Biscuits,Snacks,25,30.02,142,Saturday,8,Monsoon,0,4
2024-08-17,P009,Soap,Personal Care,12,35.1,79,Saturday,8,Monsoon,0,7
2024-08-17,P010,Shampoo,Personal Care,8,124.82,54,Saturday,8,Monsoon,0,7
2024-08-18,P001,Rice,Grocery,30,60.03,71,Sunday,8,Monsoon,0,5
2024-08-18,P002,Wheat,Grocery,20,45.33,111,Sunday,8,Monsoon,0,5
2024-08-18,P003,Sugar,Grocery,16,50.11,65,Sunday,8,Monsoon,0,4
2024-08-18,P004,Cooking Oil,Grocery,18,115.74,78,Sunday,8,Monsoon,0,6
2024-08-18,P005,Milk,Dairy,41,39.78,177,Sunday,8,Monsoon,0,2
2024-08-18,P006,Bread,Bakery,43,36.41,100,Sunday,8,Monsoon,0,2
2024-08-18,P007,Eggs,Dairy,46,6.9,123,Sunday,8,Monsoon,0,2
2024-08-18,P008,Biscuits,Snacks,21,31.01,82,Sunday,8,Monsoon,0,4
2024-08-18,P009,Soap,Personal Care,7,33.33,27,Sunday,8,Monsoon,0,7
2024-08-18,P010,Shampoo,Personal Care,8,122.51,49,Sunday,8,Monsoon,0,7
2024-08-19,P001,Rice,Grocery,24,60.55,64,Monday,8,Monsoon,0,5
2024-08-19,P002,Wheat,Grocery,21,43.22,113,Monday,8,Monsoon,0,5
2024-08-19,P003,Sugar,Grocery,10,48.78,72,Monday,8,Monsoon,0,4
2024-08-19,P004,Cooking Oil,Grocery,9,117.76,97,Monday,8,Monsoon,0,6
2024-08-19,P005,Milk,Dairy,31,40.89,156,Monday,8,Monsoon,0,2
2024-08-19,P006,Bread,Bakery,35,35.54,109,Monday,8,Monsoon,0,2
2024-08-19,P007,Eggs,Dairy,45,6.69,199,Monday,8,Monsoon,0,2
2024-08-19,P008,Biscuits,Snacks,28,29.8,151,Monday,8,Monsoon,0,4
2024-08-19,P009,Soap,Personal Care,12,36.59,88,Monday,8,Monsoon,0,7
2024-08-19,P010,Shampoo,Personal Care,6,118.75,59,Monday,8,Monsoon,0,7
2024-08-20,P001,Rice,Grocery,14,62.45,66,Tuesday,8,Monsoon,0,5
2024-08-20,P002,Wheat,Grocery,25,44.56,129,Tuesday,8,Monsoon,0,5
2024-08-20,P003,Sugar,Grocery,20,50.07,101,Tuesday,8,Monsoon,0,4
2024-08-20,P004,Cooking Oil,Grocery,12,115.14,55,Tuesday,8,Monsoon,0,6
2024-08-20,P005,Milk,Dairy,38,41.81,203,Tuesday,8,Monsoon,0,2
2024-08-20,P006,Bread,Bakery,24,34.6,144,Tuesday,8,Monsoon,0,2
2024-08-20,P007,Eggs,Dairy,40,7.11,73,Tuesday,8,Monsoon,0,2
2024-08-20,P008,Biscuits,Snacks,18,29.03,107,Tuesday,8,Monsoon,0,4
2024-08-20,P009,Soap,Personal Care,9,34.74,46,Tuesday,8,Monsoon,0,7
2024-08-20,P010,Shampoo,Personal Care,5,126.0,98,Tuesday,8,Monsoon,0,7
2024-08-21,P001,Rice,Grocery,21,62.34,110,Wednesday,8,Monsoon,0,5
2024-08-21,P002,Wheat,Grocery,12,46.6,35,Wednesday,8,Monsoon,0,5
2024-08-21,P003,Sugar,Grocery,22,51.03,83,Wednesday,8,Monsoon,0,4
2024-08-21,P004,Cooking Oil,Grocery,13,123.47,62,Wednesday,8,Monsoon,0,6
2024-08-21,P005,Milk,Dairy,33,38.01,123,Wednesday,8,Monsoon,0,2
2024-08-21,P006,Bread,Bakery,38,35.02,63,Wednesday,8,Monsoon,0,2
2024-08-21,P007,Eggs,Dairy,37,7.14,192,Wednesday,8,Monsoon,0,2
2024-08-21,P008,Biscuits,Snacks,20,30.24,37,Wednesday,8,Monsoon,0,4
2024-08-21,P009,Soap,Personal Care,12,34.89,41,Wednesday,8,Monsoon,0,7
2024-08-21,P010,Shampoo,Personal Care,8,117.88,37,Wednesday,8,Monsoon,0,7
2024-08-22,P001,Rice,Grocery,19,58.58,77,Thursday,8,Monsoon,0,5
2024-08-22,P002,Wheat,Grocery,16,46.71,93,Thursday,8,Monsoon,0,5
2024-08-22,P003,Sugar,Grocery,23,50.6,136,Thursday,8,Monsoon,0,4
2024-08-22,P004,Cooking Oil,Grocery,8,118.25,78,Thursday,8,Monsoon,0,6
2024-08-22,P005,Milk,Dairy,27,41.73,161,Thursday,8,Monsoon,0,2
2024-08-22,P006,Bread,Bakery,34,34.42,200,Thursday,8,Monsoon,0,2
2024-08-22,P007,Eggs,Dairy,32,6.84,81,Thursday,8,Monsoon,0,2
2024-08-22,P008,Biscuits,Snacks,22,31.16,98,Thursday,8,Monsoon,0,4
2024-08-22,P009,Soap,Personal Care,12,34.26,70,Thursday,8,Monsoon,0,7
2024-08-22,P010,Shampoo,Personal Care,8,123.61,28,Thursday,8,Monsoon,0,7
2024-08-23,P001,Rice,Grocery,32,61.01,128,Friday,8,Monsoon,0,5
2024-08-23,P002,Wheat,Grocery,9,45.83,52,Friday,8,Monsoon,0,5
2024-08-23,P003,Sugar,Grocery,16,50.59,67,Friday,8,Monsoon,0,4
2024-08-23,P004,Cooking Oil,Grocery,9,117.85,24,Friday,8,Monsoon,0,6
2024-08-23,P005,Milk,Dairy,42,38.44,75,Friday,8,Monsoon,0,2
2024-08-23,P006,Bread,Bakery,35,36.33,156,Friday,8,Monsoon,0,2
2024-08-23,P007,Eggs,Dairy,47,7.24,220,Friday,8,Monsoon,0,2
2024-08-23,P008,Biscuits,Snacks,21,29.99,93,Friday,8,Monsoon,0,4
2024-08-23,P009,Soap,Personal Care,13,33.27,47,Friday,8,Monsoon,0,7
2024-08-23,P010,Shampoo,Personal Care,8,123.29,95,Friday,8,Monsoon,0,7
2024-08-24,P001,Rice,Grocery,19,57.71,76,Saturday,8,Monsoon,0,5
2024-08-24,P002,Wheat,Grocery,17,44.94,46,Saturday,8,Monsoon,0,5
2024-08-24,P003,Sugar,Grocery,27,50.92,95,Saturday,8,Monsoon,0,4
2024-08-24,P004,Cooking Oil,Grocery,13,121.82,29,Saturday,8,Monsoon,0,6
2024-08-24,P005,Milk,Dairy,41,41.92,183,Saturday,8,Monsoon,0,2
2024-08-24,P006,Bread,Bakery,39,36.17,174,Saturday,8,Monsoon,0,2
2024-08-24,P007,Eggs,Dairy,54,7.1,148,Saturday,8,Monsoon,0,2
2024-08-24,P008,Biscuits,Snacks,24,29.39,125,Saturday,8,Monsoon,0,4
2024-08-24,P009,Soap,Personal Care,11,35.45,80,Saturday,8,Monsoon,0,7
2024-08-24,P010,Shampoo,Personal Care,8,120.38,28,Saturday,8,Monsoon,0,7
2024-08-25,P001,Rice,Grocery,29,62.19,97,Sunday,8,Monsoon,0,5
2024-08-25,P002,Wheat,Grocery,17,44.39,87,Sunday,8,Monsoon,0,5
2024-08-25,P003,Sugar,Grocery,19,51.39,33,Sunday,8,Monsoon,0,4
2024-08-25,P004,Cooking Oil,Grocery,12,119.15,40,Sunday,8,Monsoon,0,6
2024-08-25,P005,Milk,Dairy,27,39.67,50,Sunday,8,Monsoon,0,2
2024-08-25,P006,Bread,Bakery,36,35.55,53,Sunday,8,Monsoon,0,2
2024-08-25,P007,Eggs,Dairy,53,7.2,312,Sunday,8,Monsoon,0,2
2024-08-25,P008,Biscuits,Snacks,28,28.7,62,Sunday,8,Monsoon,0,4
2024-08-25,P009,Soap,Personal Care,12,36.26,92,Sunday,8,Monsoon,0,7
2024-08-25,P010,Shampoo,Personal Care,9,123.25,50,Sunday,8,Monsoon,0,7
2024-08-26,P001,Rice,Grocery,18,61.02,67,Monday,8,Monsoon,0,5
2024-08-26,P002,Wheat,Grocery,21,43.24,78,Monday,8,Monsoon,0,5
2024-08-26,P003,Sugar,Grocery,17,48.67,78,Monday,8,Monsoon,0,4
2024-08-26,P004,Cooking Oil,Grocery,15,123.79,21,Monday,8,Monsoon,0,6
2024-08-26,P005,Milk,Dairy,31,40.64,72,Monday,8,Monsoon,0,2
2024-08-26,P006,Bread,Bakery,29,35.07,120,Monday,8,Monsoon,0,2
2024-08-26,P007,Eggs,Dairy,40,7.31,235,Monday,8,Monsoon,0,2
2024-08-26,P008,Biscuits,Snacks,20,29.71,74,Monday,8,Monsoon,0,4
2024-08-26,P009,Soap,Personal Care,11,33.98,85,Monday,8,Monsoon,0,7
2024-08-26,P010,Shampoo,Personal Care,6,124.47,70,Monday,8,Monsoon,0,7
2024-08-27,P001,Rice,Grocery,19,57.3,74,Tuesday,8,Monsoon,0,5
2024-08-27,P002,Wheat,Grocery,16,43.38,70,Tuesday,8,Monsoon,0,5
2024-08-27,P003,Sugar,Grocery,14,49.54,87,Tuesday,8,Monsoon,0,4
2024-08-27,P004,Cooking Oil,Grocery,14,124.42,92,Tuesday,8,Monsoon,0,6
2024-08-27,P005,Milk,Dairy,34,39.41,201,Tuesday,8,Monsoon,0,2
2024-08-27,P006,Bread,Bakery,34,35.36,56,Tuesday,8,Monsoon,0,2
2024-08-27,P007,Eggs,Dairy,44,6.74,83,Tuesday,8,Monsoon,0,2
2024-08-27,P008,Biscuits,Snacks,18,29.96,47,Tuesday,8,Monsoon,0,4
2024-08-27,P009,Soap,Personal Care,10,36.73,100,Tuesday,8,Monsoon,0,7
2024-08-27,P010,Shampoo,Personal Care,7,122.07,47,Tuesday,8,Monsoon,0,7
2024-08-28,P001,Rice,Grocery,30,59.11,177,Wednesday,8,Monsoon,0,5
2024-08-28,P002,Wheat,Grocery,21,47.1,74,Wednesday,8,Monsoon,0,5
2024-08-28,P003,Sugar,Grocery,25,51.28,67,Wednesday,8,Monsoon,0,4
2024-08-28,P004,Cooking Oil,Grocery,12,124.25,38,Wednesday,8,Monsoon,0,6
2024-08-28,P005,Milk,Dairy,34,40.56,129,Wednesday,8,Monsoon,0,2
2024-08-28,P006,Bread,Bakery,23,35.81,79,Wednesday,8,Monsoon,0,2
2024-08-28,P007,Eggs,Dairy,38,7.18,68,Wednesday,8,Monsoon,0,2
2024-08-28,P008,Biscuits,Snacks,24,30.57,32,Wednesday,8,Monsoon,0,4
2024-08-28,P009,Soap,Personal Care,14,33.98,22,Wednesday,8,Monsoon,0,7
2024-08-28,P010,Shampoo,Personal Care,9,122.77,26,Wednesday,8,Monsoon,0,7
2024-08-29,P001,Rice,Grocery,22,60.67,53,Thursday,8,Monsoon,0,5
2024-08-29,P002,Wheat,Grocery,18,46.19,97,Thursday,8,Monsoon,0,5
2024-08-29,P003,Sugar,Grocery,16,52.0,99,Thursday,8,Monsoon,0,4
2024-08-29,P004,Cooking Oil,Grocery,12,122.46,30,Thursday,8,Monsoon,0,6
2024-08-29,P005,Milk,Dairy,31,40.93,114,Thursday,8,Monsoon,0,2
2024-08-29,P006,Bread,Bakery,21,34.08,106,Thursday,8,Monsoon,0,2
2024-08-29,P007,Eggs,Dairy,48,6.69,229,Thursday,8,Monsoon,0,2
2024-08-29,P008,Biscuits,Snacks,20,29.15,120,Thursday,8,Monsoon,0,4
2024-08-29,P009,Soap,Personal Care,11,33.9,72,Thursday,8,Monsoon,0,7
2024-08-29,P010,Shampoo,Personal Care,6,125.08,70,Thursday,8,Monsoon,0,7
2024-08-30,P001,Rice,Grocery,22,62.88,75,Friday,8,Monsoon,0,5
2024-08-30,P002,Wheat,Grocery,22,43.51,73,Friday,8,Monsoon,0,5
2024-08-30,P003,Sugar,Grocery,22,51.47,57,Friday,8,Monsoon,0,4
2024-08-30,P004,Cooking Oil,Grocery,10,114.17,89,Friday,8,Monsoon,0,6
2024-08-30,P005,Milk,Dairy,28,39.66,149,Friday,8,Monsoon,0,2
2024-08-30,P006,Bread,Bakery,27,34.43,153,Friday,8,Monsoon,0,2
2024-08-30,P007,Eggs,Dairy,34,6.85,195,Friday,8,Monsoon,0,2
2024-08-30,P008,Biscuits,Snacks,20,30.83,27,Friday,8,Monsoon,0,4
2024-08-30,P009,Soap,Personal Care,9,34.75,41,Friday,8,Monsoon,0,7
2024-08-30,P010,Shampoo,Personal Care,7,116.26,66,Friday,8,Monsoon,0,7
2024-08-31,P001,Rice,Grocery,27,62.07,95,Saturday,8,Monsoon,0,5
2024-08-31,P002,Wheat,Grocery,24,43.93,48,Saturday,8,Monsoon,0,5
2024-08-31,P003,Sugar,Grocery,23,49.43,99,Saturday,8,Monsoon,0,4
2024-08-31,P004,Cooking Oil,Grocery,13,118.28,60,Saturday,8,Monsoon,0,6
2024-08-31,P005,Milk,Dairy,37,39.44,162,Saturday,8,Monsoon,0,2
2024-08-31,P006,Bread,Bakery,34,34.65,186,Saturday,8,Monsoon,0,2
2024-08-31,P007,Eggs,Dairy,44,6.71,104,Saturday,8,Monsoon,0,2
2024-08-31,P008,Biscuits,Snacks,33,31.19,157,Saturday,8,Monsoon,0,4
2024-08-31,P009,Soap,Personal Care,12,36.61,26,Saturday,8,Monsoon,0,7
2024-08-31,P010,Shampoo,Personal Care,7,115.24,78,Saturday,8,Monsoon,0,7
2024-09-01,P001,Rice,Grocery,25,59.42,86,Sunday,9,Monsoon,0,5
2024-09-01,P002,Wheat,Grocery,20,46.66,112,Sunday,9,Monsoon,0,5
2024-09-01,P003,Sugar,Grocery,21,48.32,124,Sunday,9,Monsoon,0,4
2024-09-01,P004,Cooking Oil,Grocery,12,122.43,48,Sunday,9,Monsoon,0,6
2024-09-01,P005,Milk,Dairy,46,39.35,103,Sunday,9,Monsoon,0,2
2024-09-01,P006,Bread,Bakery,23,36.24,114,Sunday,9,Monsoon,0,2
2024-09-01,P007,Eggs,Dairy,43,7.23,204,Sunday,9,Monsoon,0,2
2024-09-01,P008,Biscuits,Snacks,27,31.39,30,Sunday,9,Monsoon,0,4
2024-09-01,P009,Soap,Personal Care,9,34.39,92,Sunday,9,Monsoon,0,7
2024-09-01,P010,Shampoo,Personal Care,9,116.65,79,Sunday,9,Monsoon,0,7
2024-09-02,P001,Rice,Grocery,27,61.11,151,Monday,9,Monsoon,0,5
2024-09-02,P002,Wheat,Grocery,19,44.32,75,Monday,9,Monsoon,0,5
2024-09-02,P003,Sugar,Grocery,18,49.98,28,Monday,9,Monsoon,0,4
2024-09-02,P004,Cooking Oil,Grocery,11,118.62,83,Monday,9,Monsoon,0,6
2024-09-02,P005,Milk,Dairy,32,38.22,188,Monday,9,Monsoon,0,2
2024-09-02,P006,Bread,Bakery,33,34.39,100,Monday,9,Monsoon,0,2
2024-09-02,P007,Eggs,Dairy,45,6.72,92,Monday,9,Monsoon,0,2
2024-09-02,P008,Biscuits,Snacks,24,30.94,100,Monday,9,Monsoon,0,4
2024-09-02,P009,Soap,Personal Care,11,34.17,99,Monday,9,Monsoon,0,7
2024-09-02,P010,Shampoo,Personal Care,6,117.57,37,Monday,9,Monsoon,0,7
2024-09-03,P001,Rice,Grocery,25,58.21,126,Tuesday,9,Monsoon,0,5
2024-09-03,P002,Wheat,Grocery,19,45.42,87,Tuesday,9,Monsoon,0,5
2024-09-03,P003,Sugar,Grocery,19,49.48,112,Tuesday,9,Monsoon,0,4
2024-09-03,P004,Cooking Oil,Grocery,15,122.44,39,Tuesday,9,Monsoon,0,6
2024-09-03,P005,Milk,Dairy,30,38.41,117,Tuesday,9,Monsoon,0,2
2024-09-03,P006,Bread,Bakery,27,36.5,43,Tuesday,9,Monsoon,0,2
2024-09-03,P007,Eggs,Dairy,43,6.94,156,Tuesday,9,Monsoon,0,2
2024-09-03,P008,Biscuits,Snacks,17,29.24,86,Tuesday,9,Monsoon,0,4
2024-09-03,P009,Soap,Personal Care,11,33.82,98,Tuesday,9,Monsoon,0,7
2024-09-03,P010,Shampoo,Personal Care,6,116.3,20,Tuesday,9,Monsoon,0,7
2024-09-04,P001,Rice,Grocery,26,57.97,122,Wednesday,9,Monsoon,0,5
2024-09-04,P002,Wheat,Grocery,22,44.29,70,Wednesday,9,Monsoon,0,5
2024-09-04,P003,Sugar,Grocery,17,49.82,83,Wednesday,9,Monsoon,0,4
2024-09-04,P004,Cooking Oil,Grocery,13,122.97,98,Wednesday,9,Monsoon,0,6
2024-09-04,P005,Milk,Dairy,26,41.53,128,Wednesday,9,Monsoon,0,2
2024-09-04,P006,Bread,Bakery,26,36.29,55,Wednesday,9,Monsoon,0,2
2024-09-04,P007,Eggs,Dairy,45,6.86,108,Wednesday,9,Monsoon,0,2
2024-09-04,P008,Biscuits,Snacks,18,31.24,94,Wednesday,9,Monsoon,0,4
2024-09-04,P009,Soap,Personal Care,10,33.65,85,Wednesday,9,Monsoon,0,7
2024-09-04,P010,Shampoo,Personal Care,6,124.01,45,Wednesday,9,Monsoon,0,7
2024-09-05,P001,Rice,Grocery,24,59.46,68,Thursday,9,Monsoon,0,5
2024-09-05,P002,Wheat,Grocery,18,46.36,32,Thursday,9,Monsoon,0,5
2024-09-05,P003,Sugar,Grocery,15,48.36,50,Thursday,9,Monsoon,0,4
2024-09-05,P004,Cooking Oil,Grocery,9,114.24,40,Thursday,9,Monsoon,0,6
2024-09-05,P005,Milk,Dairy,32,40.42,150,Thursday,9,Monsoon,0,2
2024-09-05,P006,Bread,Bakery,23,36.11,41,Thursday,9,Monsoon,0,2
2024-09-05,P007,Eggs,Dairy,44,7.07,219,Thursday,9,Monsoon,0,2
2024-09-05,P008,Biscuits,Snacks,25,30.81,130,Thursday,9,Monsoon,0,4
2024-09-05,P009,Soap,Personal Care,10,34.54,33,Thursday,9,Monsoon,0,7
2024-09-05,P010,Shampoo,Personal Care,5,114.63,37,Thursday,9,Monsoon,0,7
2024-09-06,P001,Rice,Grocery,24,57.15,96,Friday,9,Monsoon,0,5
2024-09-06,P002,Wheat,Grocery,15,47.12,54,Friday,9,Monsoon,0,5
2024-09-06,P003,Sugar,Grocery,21,50.97,35,Friday,9,Monsoon,0,4
2024-09-06,P004,Cooking Oil,Grocery,11,124.51,49,Friday,9,Monsoon,0,6
2024-09-06,P005,Milk,Dairy,39,41.28,233,Friday,9,Monsoon,0,2
2024-09-06,P006,Bread,Bakery,29,34.08,68,Friday,9,Monsoon,0,2
2024-09-06,P007,Eggs,Dairy,49,6.93,65,Friday,9,Monsoon,0,2
2024-09-06,P008,Biscuits,Snacks,26,31.27,53,Friday,9,Monsoon,0,4
2024-09-06,P009,Soap,Personal Care,12,36.01,20,Friday,9,Monsoon,0,7
2024-09-06,P010,Shampoo,Personal Care,7,125.05,67,Friday,9,Monsoon,0,7
2024-09-07,P001,Rice,Grocery,30,61.11,58,Saturday,9,Monsoon,0,5
2024-09-07,P002,Wheat,Grocery,23,46.14,65,Saturday,9,Monsoon,0,5
2024-09-07,P003,Sugar,Grocery,18,51.88,102,Saturday,9,Monsoon,0,4
2024-09-07,P004,Cooking Oil,Grocery,11,114.87,55,Saturday,9,Monsoon,0,6
2024-09-07,P005,Milk,Dairy,40,41.12,164,Saturday,9,Monsoon,0,2
2024-09-07,P006,Bread,Bakery,37,35.57,121,Saturday,9,Monsoon,0,2
2024-09-07,P007,Eggs,Dairy,55,6.69,139,Saturday,9,Monsoon,0,2
2024-09-07,P008,Biscuits,Snacks,20,30.91,88,Saturday,9,Monsoon,0,4
2024-09-07,P009,Soap,Personal Care,15,34.03,41,Saturday,9,Monsoon,0,7
2024-09-07,P010,Shampoo,Personal Care,9,122.68,88,Saturday,9,Monsoon,0,7
2024-09-08,P001,Rice,Grocery,23,57.76,49,Sunday,9,Monsoon,0,5
2024-09-08,P002,Wheat,Grocery,23,46.39,100,Sunday,9,Monsoon,0,5
2024-09-08,P003,Sugar,Grocery,23,52.23,132,Sunday,9,Monsoon,0,4
2024-09-08,P004,Cooking Oil,Grocery,11,117.47,89,Sunday,9,Monsoon,0,6
2024-09-08,P005,Milk,Dairy,40,39.33,175,Sunday,9,Monsoon,0,2
2024-09-08,P006,Bread,Bakery,36,35.48,115,Sunday,9,Monsoon,0,2
2024-09-08,P007,Eggs,Dairy,58,7.23,101,Sunday,9,Monsoon,0,2
2024-09-08,P008,Biscuits,Snacks,28,31.34,122,Sunday,9,Monsoon,0,4
2024-09-08,P009,Soap,Personal Care,14,34.66,90,Sunday,9,Monsoon,0,7
2024-09-08,P010,Shampoo,Personal Care,9,122.19,93,Sunday,9,Monsoon,0,7
2024-09-09,P001,Rice,Grocery,24,58.5,54,Monday,9,Monsoon,0,5
2024-09-09,P002,Wheat,Grocery,16,44.57,83,Monday,9,Monsoon,0,5
2024-09-09,P003,Sugar,Grocery,18,51.93,85,Monday,9,Monsoon,0,4
2024-09-09,P004,Cooking Oil,Grocery,14,116.04,52,Monday,9,Monsoon,0,6
2024-09-09,P005,Milk,Dairy,34,39.15,121,Monday,9,Monsoon,0,2
2024-09-09,P006,Bread,Bakery,24,34.25,75,Monday,9,Monsoon,0,2
2024-09-09,P007,Eggs,Dairy,52,6.69,93,Monday,9,Monsoon,0,2
2024-09-09,P008,Biscuits,Snacks,24,29.55,58,Monday,9,Monsoon,0,4
2024-09-09,P009,Soap,Personal Care,10,33.71,34,Monday,9,Monsoon,0,7
2024-09-09,P010,Shampoo,Personal Care,9,123.39,35,Monday,9,Monsoon,0,7
2024-09-10,P001,Rice,Grocery,24,62.26,125,Tuesday,9,Monsoon,0,5
2024-09-10,P002,Wheat,Grocery,17,46.16,95,Tuesday,9,Monsoon,0,5
2024-09-10,P003,Sugar,Grocery,15,48.92,69,Tuesday,9,Monsoon,0,4
2024-09-10,P004,Cooking Oil,Grocery,8,114.63,34,Tuesday,9,Monsoon,0,6
2024-09-10,P005,Milk,Dairy,41,41.42,193,Tuesday,9,Monsoon,0,2
2024-09-10,P006,Bread,Bakery,31,34.85,52,Tuesday,9,Monsoon,0,2
2024-09-10,P007,Eggs,Dairy,42,7.09,74,Tuesday,9,Monsoon,0,2
2024-09-10,P008,Biscuits,Snacks,26,29.35,132,Tuesday,9,Monsoon,0,4
2024-09-10,P009,Soap,Personal Care,10,33.9,59,Tuesday,9,Monsoon,0,7
2024-09-10,P010,Shampoo,Personal Care,7,121.64,96,Tuesday,9,Monsoon,0,7
2024-09-11,P001,Rice,Grocery,25,60.53,100,Wednesday,9,Monsoon,0,5
2024-09-11,P002,Wheat,Grocery,12,43.48,25,Wednesday,9,Monsoon,0,5
2024-09-11,P003,Sugar,Grocery,15,48.46,63,Wednesday,9,Monsoon,0,4
2024-09-11,P004,Cooking Oil,Grocery,11,114.48,75,Wednesday,9,Monsoon,0,6
2024-09-11,P005,Milk,Dairy,47,41.62,49,Wednesday,9,Monsoon,0,2
2024-09-11,P006,Bread,Bakery,30,35.57,89,Wednesday,9,Monsoon,0,2
2024-09-11,P007,Eggs,Dairy,47,6.74,111,Wednesday,9,Monsoon,0,2
2024-09-11,P008,Biscuits,Snacks,22,30.84,74,Wednesday,9,Monsoon,0,4
2024-09-11,P009,Soap,Personal Care,14,35.06,88,Wednesday,9,Monsoon,0,7
2024-09-11,P010,Shampoo,Personal Care,7,115.45,95,Wednesday,9,Monsoon,0,7
2024-09-12,P001,Rice,Grocery,27,61.06,88,Thursday,9,Monsoon,0,5
2024-09-12,P002,Wheat,Grocery,12,43.57,38,Thursday,9,Monsoon,0,5
2024-09-12,P003,Sugar,Grocery,19,51.44,38,Thursday,9,Monsoon,0,4
2024-09-12,P004,Cooking Oil,Grocery,11,122.5,97,Thursday,9,Monsoon,0,6
2024-09-12,P005,Milk,Dairy,38,40.36,219,Thursday,9,Monsoon,0,2
2024-09-12,P006,Bread,Bakery,22,36.16,74,Thursday,9,Monsoon,0,2
2024-09-12,P007,Eggs,Dairy,43,6.84,143,Thursday,9,Monsoon,0,2
2024-09-12,P008,Biscuits,Snacks,19,28.88,64,Thursday,9,Monsoon,0,4
2024-09-12,P009,Soap,Personal Care,12,34.01,71,Thursday,9,Monsoon,0,7
2024-09-12,P010,Shampoo,Personal Care,8,124.22,94,Thursday,9,Monsoon,0,7
2024-09-13,P001,Rice,Grocery,28,57.16,80,Friday,9,Monsoon,0,5
2024-09-13,P002,Wheat,Grocery,15,44.57,92,Friday,9,Monsoon,0,5
2024-09-13,P003,Sugar,Grocery,13,49.01,87,Friday,9,Monsoon,0,4
2024-09-13,P004,Cooking Oil,Grocery,13,121.74,70,Friday,9,Monsoon,0,6
2024-09-13,P005,Milk,Dairy,32,40.49,84,Friday,9,Monsoon,0,2
2024-09-13,P006,Bread,Bakery,25,33.78,52,Friday,9,Monsoon,0,2
2024-09-13,P007,Eggs,Dairy,42,7.06,69,Friday,9,Monsoon,0,2
2024-09-13,P008,Biscuits,Snacks,24,31.46,100,Friday,9,Monsoon,0,4
2024-09-13,P009,Soap,Personal Care,10,34.56,29,Friday,9,Monsoon,0,7
2024-09-13,P010,Shampoo,Personal Care,5,123.79,68,Friday,9,Monsoon,0,7
2024-09-14,P001,Rice,Grocery,26,60.34,143,Saturday,9,Monsoon,0,5
2024-09-14,P002,Wheat,Grocery,14,46.31,87,Saturday,9,Monsoon,0,5
2024-09-14,P003,Sugar,Grocery,21,49.48,83,Saturday,9,Monsoon,0,4
2024-09-14,P004,Cooking Oil,Grocery,14,120.94,52,Saturday,9,Monsoon,0,6
2024-09-14,P005,Milk,Dairy,40,38.16,149,Saturday,9,Monsoon,0,2
2024-09-14,P006,Bread,Bakery,28,33.32,92,Saturday,9,Monsoon,0,2
2024-09-14,P007,Eggs,Dairy,49,7.23,193,Saturday,9,Monsoon,0,2
2024-09-14,P008,Biscuits,Snacks,28,29.96,34,Saturday,9,Monsoon,0,4
2024-09-14,P009,Soap,Personal Care,12,35.53,63,Saturday,9,Monsoon,0,7
2024-09-14,P010,Shampoo,Personal Care,9,119.28,72,Saturday,9,Monsoon,0,7
2024-09-15,P001,Rice,Grocery,27,57.39,153,Sunday,9,Monsoon,0,5
2024-09-15,P002,Wheat,Grocery,22,44.83,99,Sunday,9,Monsoon,0,5
2024-09-15,P003,Sugar,Grocery,24,48.59,92,Sunday,9,Monsoon,0,4
2024-09-15,P004,Cooking Oil,Grocery,16,123.05,45,Sunday,9,Monsoon,0,6
2024-09-15,P005,Milk,Dairy,37,40.83,41,Sunday,9,Monsoon,0,2
2024-09-15,P006,Bread,Bakery,24,36.11,88,Sunday,9,Monsoon,0,2
2024-09-15,P007,Eggs,Dairy,39,7.16,110,Sunday,9,Monsoon,0,2
2024-09-15,P008,Biscuits,Snacks,21,30.24,89,Sunday,9,Monsoon,0,4
2024-09-15,P009,Soap,Personal Care,14,33.91,65,Sunday,9,Monsoon,0,7
2024-09-15,P010,Shampoo,Personal Care,10,123.68,32,Sunday,9,Monsoon,0,7
2024-09-16,P001,Rice,Grocery,30,60.96,105,Monday,9,Monsoon,0,5
2024-09-16,P002,Wheat,Grocery,22,44.98,57,Monday,9,Monsoon,0,5
2024-09-16,P003,Sugar,Grocery,19,47.99,29,Monday,9,Monsoon,0,4
2024-09-16,P004,Cooking Oil,Grocery,11,119.77,73,Monday,9,Monsoon,0,6
2024-09-16,P005,Milk,Dairy,37,41.67,160,Monday,9,Monsoon,0,2
2024-09-16,P006,Bread,Bakery,25,34.47,32,Monday,9,Monsoon,0,2
2024-09-16,P007,Eggs,Dairy,45,7.1,130,Monday,9,Monsoon,0,2
2024-09-16,P008,Biscuits,Snacks,25,29.21,44,Monday,9,Monsoon,0,4
2024-09-16,P009,Soap,Personal Care,13,36.7,33,Monday,9,Monsoon,0,7
2024-09-16,P010,Shampoo,Personal Care,6,124.5,84,Monday,9,Monsoon,0,7
2024-09-17,P001,Rice,Grocery,25,57.09,50,Tuesday,9,Monsoon,0,5
2024-09-17,P002,Wheat,Grocery,17,43.09,58,Tuesday,9,Monsoon,0,5
2024-09-17,P003,Sugar,Grocery,23,47.54,40,Tuesday,9,Monsoon,0,4
2024-09-17,P004,Cooking Oil,Grocery,11,121.67,21,Tuesday,9,Monsoon,0,6
2024-09-17,P005,Milk,Dairy,35,38.05,198,Tuesday,9,Monsoon,0,2
2024-09-17,P006,Bread,Bakery,33,36.72,81,Tuesday,9,Monsoon,0,2
2024-09-17,P007,Eggs,Dairy,35,7.26,165,Tuesday,9,Monsoon,0,2
2024-09-17,P008,Biscuits,Snacks,20,31.41,52,Tuesday,9,Monsoon,0,4
2024-09-17,P009,Soap,Personal Care,8,36.71,49,Tuesday,9,Monsoon,0,7
2024-09-17,P010,Shampoo,Personal Care,6,121.86,92,Tuesday,9,Monsoon,0,7
2024-09-18,P001,Rice,Grocery,28,61.46,32,Wednesday,9,Monsoon,0,5
2024-09-18,P002,Wheat,Grocery,16,43.67,98,Wednesday,9,Monsoon,0,5
2024-09-18,P003,Sugar,Grocery,19,51.4,58,Wednesday,9,Monsoon,0,4
2024-09-18,P004,Cooking Oil,Grocery,11,117.99,55,Wednesday,9,Monsoon,0,6
2024-09-18,P005,Milk,Dairy,30,38.81,44,Wednesday,9,Monsoon,0,2
2024-09-18,P006,Bread,Bakery,32,34.96,184,Wednesday,9,Monsoon,0,2
2024-09-18,P007,Eggs,Dairy,46,7.05,92,Wednesday,9,Monsoon,0,2
2024-09-18,P008,Biscuits,Snacks,20,30.31,98,Wednesday,9,Monsoon,0,4
2024-09-18,P009,Soap,Personal Care,9,33.9,37,Wednesday,9,Monsoon,0,7
2024-09-18,P010,Shampoo,Personal Care,7,123.97,20,Wednesday,9,Monsoon,0,7
2024-09-19,P001,Rice,Grocery,23,60.06,59,Thursday,9,Monsoon,0,5
2024-09-19,P002,Wheat,Grocery,19,46.84,31,Thursday,9,Monsoon,0,5
2024-09-19,P003,Sugar,Grocery,20,47.53,93,Thursday,9,Monsoon,0,4
2024-09-19,P004,Cooking Oil,Grocery,9,119.6,63,Thursday,9,Monsoon,0,6
2024-09-19,P005,Milk,Dairy,36,39.07,53,Thursday,9,Monsoon,0,2
2024-09-19,P006,Bread,Bakery,39,35.39,161,Thursday,9,Monsoon,0,2
2024-09-19,P007,Eggs,Dairy,37,6.79,206,Thursday,9,Monsoon,0,2
2024-09-19,P008,Biscuits,Snacks,24,28.67,28,Thursday,9,Monsoon,0,4
2024-09-19,P009,Soap,Personal Care,12,33.33,82,Thursday,9,Monsoon,0,7
2024-09-19,P010,Shampoo,Personal Care,9,122.74,52,Thursday,9,Monsoon,0,7
2024-09-20,P001,Rice,Grocery,19,57.22,97,Friday,9,Monsoon,0,5
2024-09-20,P002,Wheat,Grocery,17,42.8,85,Friday,9,Monsoon,0,5
2024-09-20,P003,Sugar,Grocery,18,48.28,71,Friday,9,Monsoon,0,4
2024-09-20,P004,Cooking Oil,Grocery,15,118.31,22,Friday,9,Monsoon,0,6
2024-09-20,P005,Milk,Dairy,42,39.98,109,Friday,9,Monsoon,0,2
2024-09-20,P006,Bread,Bakery,33,36.73,56,Friday,9,Monsoon,0,2
2024-09-20,P007,Eggs,Dairy,34,6.87,146,Friday,9,Monsoon,0,2
2024-09-20,P008,Biscuits,Snacks,23,31.31,42,Friday,9,Monsoon,0,4
2024-09-20,P009,Soap,Personal Care,10,34.06,53,Friday,9,Monsoon,0,7
2024-09-20,P010,Shampoo,Personal Care,8,114.95,93,Friday,9,Monsoon,0,7
2024-09-21,P001,Rice,Grocery,22,62.33,42,Saturday,9,Monsoon,0,5
2024-09-21,P002,Wheat,Grocery,18,46.34,80,Saturday,9,Monsoon,0,5
2024-09-21,P003,Sugar,Grocery,24,50.95,61,Saturday,9,Monsoon,0,4
2024-09-21,P004,Cooking Oil,Grocery,11,114.6,47,Saturday,9,Monsoon,0,6
2024-09-21,P005,Milk,Dairy,42,41.33,221,Saturday,9,Monsoon,0,2
2024-09-21,P006,Bread,Bakery,36,33.48,183,Saturday,9,Monsoon,0,2
2024-09-21,P007,Eggs,Dairy,65,6.84,236,Saturday,9,Monsoon,0,2
2024-09-21,P008,Biscuits,Snacks,29,28.73,69,Saturday,9,Monsoon,0,4
2024-09-21,P009,Soap,Personal Care,14,34.69,57,Saturday,9,Monsoon,0,7
2024-09-21,P010,Shampoo,Personal Care,9,124.99,44,Saturday,9,Monsoon,0,7
2024-09-22,P001,Rice,Grocery,29,62.91,115,Sunday,9,Monsoon,0,5
2024-09-22,P002,Wheat,Grocery,22,45.14,58,Sunday,9,Monsoon,0,5
2024-09-22,P003,Sugar,Grocery,16,48.67,91,Sunday,9,Monsoon,0,4
2024-09-22,P004,Cooking Oil,Grocery,11,117.83,83,Sunday,9,Monsoon,0,6
2024-09-22,P005,Milk,Dairy,31,38.46,76,Sunday,9,Monsoon,0,2
2024-09-22,P006,Bread,Bakery,28,33.35,33,Sunday,9,Monsoon,0,2
2024-09-22,P007,Eggs,Dairy,51,6.68,136,Sunday,9,Monsoon,0,2
2024-09-22,P008,Biscuits,Snacks,26,30.66,58,Sunday,9,Monsoon,0,4
2024-09-22,P009,Soap,Personal Care,13,35.63,95,Sunday,9,Monsoon,0,7
2024-09-22,P010,Shampoo,Personal Care,11,118.95,42,Sunday,9,Monsoon,0,7
2024-09-23,P001,Rice,Grocery,23,58.29,78,Monday,9,Monsoon,0,5
2024-09-23,P002,Wheat,Grocery,14,43.38,27,Monday,9,Monsoon,0,5
2024-09-23,P003,Sugar,Grocery,18,52.29,74,Monday,9,Monsoon,0,4
2024-09-23,P004,Cooking Oil,Grocery,16,117.31,36,Monday,9,Monsoon,0,6
2024-09-23,P005,Milk,Dairy,32,40.03,142,Monday,9,Monsoon,0,2
2024-09-23,P006,Bread,Bakery,38,34.53,87,Monday,9,Monsoon,0,2
2024-09-23,P007,Eggs,Dairy,62,6.78,106,Monday,9,Monsoon,0,2
2024-09-23,P008,Biscuits,Snacks,21,28.61,111,Monday,9,Monsoon,0,4
2024-09-23,P009,Soap,Personal Care,10,35.7,32,Monday,9,Monsoon,0,7
2024-09-23,P010,Shampoo,Personal Care,7,116.65,33,Monday,9,Monsoon,0,7
2024-09-24,P001,Rice,Grocery,23,62.15,123,Tuesday,9,Monsoon,0,5
2024-09-24,P002,Wheat,Grocery,20,43.32,84,Tuesday,9,Monsoon,0,5
2024-09-24,P003,Sugar,Grocery,17,52.14,59,Tuesday,9,Monsoon,0,4
2024-09-24,P004,Cooking Oil,Grocery,12,121.0,24,Tuesday,9,Monsoon,0,6
2024-09-24,P005,Milk,Dairy,38,38.7,44,Tuesday,9,Monsoon,0,2
2024-09-24,P006,Bread,Bakery,30,36.04,64,Tuesday,9,Monsoon,0,2
2024-09-24,P007,Eggs,Dairy,35,6.96,106,Tuesday,9,Monsoon,0,2
2024-09-24,P008,Biscuits,Snacks,27,30.4,58,Tuesday,9,Monsoon,0,4
2024-09-24,P009,Soap,Personal Care,9,35.89,70,Tuesday,9,Monsoon,0,7
2024-09-24,P010,Shampoo,Personal Care,8,123.02,95,Tuesday,9,Monsoon,0,7
2024-09-25,P001,Rice,Grocery,28,57.21,157,Wednesday,9,Monsoon,0,5
2024-09-25,P002,Wheat,Grocery,24,43.24,142,Wednesday,9,Monsoon,0,5
2024-09-25,P003,Sugar,Grocery,21,48.52,75,Wednesday,9,Monsoon,0,4
2024-09-25,P004,Cooking Oil,Grocery,15,117.86,79,Wednesday,9,Monsoon,0,6
2024-09-25,P005,Milk,Dairy,31,40.72,104,Wednesday,9,Monsoon,0,2
2024-09-25,P006,Bread,Bakery,31,36.02,114,Wednesday,9,Monsoon,0,2
2024-09-25,P007,Eggs,Dairy,43,7.12,197,Wednesday,9,Monsoon,0,2
2024-09-25,P008,Biscuits,Snacks,34,30.73,75,Wednesday,9,Monsoon,0,4
2024-09-25,P009,Soap,Personal Care,7,36.73,47,Wednesday,9,Monsoon,0,7
2024-09-25,P010,Shampoo,Personal Care,7,120.46,54,Wednesday,9,Monsoon,0,7
2024-09-26,P001,Rice,Grocery,27,60.16,75,Thursday,9,Monsoon,0,5
2024-09-26,P002,Wheat,Grocery,17,46.84,53,Thursday,9,Monsoon,0,5
2024-09-26,P003,Sugar,Grocery,20,51.49,107,Thursday,9,Monsoon,0,4
2024-09-26,P004,Cooking Oil,Grocery,13,122.22,91,Thursday,9,Monsoon,0,6
2024-09-26,P005,Milk,Dairy,36,41.51,53,Thursday,9,Monsoon,0,2
2024-09-26,P006,Bread,Bakery,30,36.69,156,Thursday,9,Monsoon,0,2
2024-09-26,P007,Eggs,Dairy,42,7.02,125,Thursday,9,Monsoon,0,2
2024-09-26,P008,Biscuits,Snacks,23,30.19,112,Thursday,9,Monsoon,0,4
2024-09-26,P009,Soap,Personal Care,11,34.07,96,Thursday,9,Monsoon,0,7
2024-09-26,P010,Shampoo,Personal Care,11,120.3,38,Thursday,9,Monsoon,0,7
2024-09-27,P001,Rice,Grocery,22,61.57,121,Friday,9,Monsoon,0,5
2024-09-27,P002,Wheat,Grocery,16,45.62,74,Friday,9,Monsoon,0,5
2024-09-27,P003,Sugar,Grocery,18,49.86,36,Friday,9,Monsoon,0,4
2024-09-27,P004,Cooking Oil,Grocery,14,122.46,44,Friday,9,Monsoon,0,6
2024-09-27,P005,Milk,Dairy,36,41.59,70,Friday,9,Monsoon,0,2
2024-09-27,P006,Bread,Bakery,26,35.27,79,Friday,9,Monsoon,0,2
2024-09-27,P007,Eggs,Dairy,36,7.33,188,Friday,9,Monsoon,0,2
2024-09-27,P008,Biscuits,Snacks,22,30.97,77,Friday,9,Monsoon,0,4
2024-09-27,P009,Soap,Personal Care,9,35.35,30,Friday,9,Monsoon,0,7
2024-09-27,P010,Shampoo,Personal Care,6,124.47,99,Friday,9,Monsoon,0,7
2024-09-28,P001,Rice,Grocery,27,62.46,160,Saturday,9,Monsoon,0,5
2024-09-28,P002,Wheat,Grocery,23,46.01,106,Saturday,9,Monsoon,0,5
2024-09-28,P003,Sugar,Grocery,16,49.86,93,Saturday,9,Monsoon,0,4
2024-09-28,P004,Cooking Oil,Grocery,12,118.62,28,Saturday,9,Monsoon,0,6
2024-09-28,P005,Milk,Dairy,43,41.93,67,Saturday,9,Monsoon,0,2
2024-09-28,P006,Bread,Bakery,28,36.69,160,Saturday,9,Monsoon,0,2
2024-09-28,P007,Eggs,Dairy,59,7.24,169,Saturday,9,Monsoon,0,2
2024-09-28,P008,Biscuits,Snacks,23,31.04,27,Saturday,9,Monsoon,0,4
2024-09-28,P009,Soap,Personal Care,15,36.62,68,Saturday,9,Monsoon,0,7
2024-09-28,P010,Shampoo,Personal Care,6,124.3,55,Saturday,9,Monsoon,0,7
2024-09-29,P001,Rice,Grocery,25,62.74,62,Sunday,9,Monsoon,0,5
2024-09-29,P002,Wheat,Grocery,13,43.69,75,Sunday,9,Monsoon,0,5
2024-09-29,P003,Sugar,Grocery,19,51.33,22,Sunday,9,Monsoon,0,4
2024-09-29,P004,Cooking Oil,Grocery,15,115.67,20,Sunday,9,Monsoon,0,6
2024-09-29,P005,Milk,Dairy,38,40.18,159,Sunday,9,Monsoon,0,2
2024-09-29,P006,Bread,Bakery,29,36.21,97,Sunday,9,Monsoon,0,2
2024-09-29,P007,Eggs,Dairy,36,7.28,168,Sunday,9,Monsoon,0,2
2024-09-29,P008,Biscuits,Snacks,22,29.19,126,Sunday,9,Monsoon,0,4
2024-09-29,P009,Soap,Personal Care,14,33.69,82,Sunday,9,Monsoon,0,7
2024-09-29,P010,Shampoo,Personal Care,5,121.39,51,Sunday,9,Monsoon,0,7
2024-09-30,P001,Rice,Grocery,24,57.03,77,Monday,9,Monsoon,0,5
2024-09-30,P002,Wheat,Grocery,16,45.34,88,Monday,9,Monsoon,0,5
2024-09-30,P003,Sugar,Grocery,23,51.8,107,Monday,9,Monsoon,0,4
2024-09-30,P004,Cooking Oil,Grocery,7,119.48,66,Monday,9,Monsoon,0,6
2024-09-30,P005,Milk,Dairy,30,39.86,35,Monday,9,Monsoon,0,2
2024-09-30,P006,Bread,Bakery,27,34.16,141,Monday,9,Monsoon,0,2
2024-09-30,P007,Eggs,Dairy,34,7.04,120,Monday,9,Monsoon,0,2
2024-09-30,P008,Biscuits,Snacks,26,30.46,65,Monday,9,Monsoon,0,4
2024-09-30,P009,Soap,Personal Care,9,35.31,46,Monday,9,Monsoon,0,7
2024-09-30,P010,Shampoo,Personal Care,10,123.86,79,Monday,9,Monsoon,0,7
2024-10-01,P001,Rice,Grocery,24,61.86,100,Tuesday,10,Autumn,0,5
2024-10-01,P002,Wheat,Grocery,16,43.82,31,Tuesday,10,Autumn,0,5
2024-10-01,P003,Sugar,Grocery,15,49.85,65,Tuesday,10,Autumn,0,4
2024-10-01,P004,Cooking Oil,Grocery,16,123.79,77,Tuesday,10,Autumn,0,6
2024-10-01,P005,Milk,Dairy,23,41.87,39,Tuesday,10,Autumn,0,2
2024-10-01,P006,Bread,Bakery,21,36.63,52,Tuesday,10,Autumn,0,2
2024-10-01,P007,Eggs,Dairy,35,7.06,39,Tuesday,10,Autumn,0,2
2024-10-01,P008,Biscuits,Snacks,26,30.5,53,Tuesday,10,Autumn,0,4
2024-10-01,P009,Soap,Personal Care,8,34.57,48,Tuesday,10,Autumn,0,7
2024-10-01,P010,Shampoo,Personal Care,8,123.99,59,Tuesday,10,Autumn,0,7
2024-10-02,P001,Rice,Grocery,37,58.25,196,Wednesday,10,Autumn,1,5
2024-10-02,P002,Wheat,Grocery,30,44.41,149,Wednesday,10,Autumn,1,5
2024-10-02,P003,Sugar,Grocery,28,50.37,52,Wednesday,10,Autumn,1,4
2024-10-02,P004,Cooking Oil,Grocery,15,117.78,90,Wednesday,10,Autumn,1,6
2024-10-02,P005,Milk,Dairy,46,38.9,125,Wednesday,10,Autumn,1,2
2024-10-02,P006,Bread,Bakery,40,34.7,120,Wednesday,10,Autumn,1,2
2024-10-02,P007,Eggs,Dairy,63,6.99,246,Wednesday,10,Autumn,1,2
2024-10-02,P008,Biscuits,Snacks,22,29.65,44,Wednesday,10,Autumn,1,4
2024-10-02,P009,Soap,Personal Care,11,34.0,46,Wednesday,10,Autumn,1,7
2024-10-02,P010,Shampoo,Personal Care,11,125.66,74,Wednesday,10,Autumn,1,7
2024-10-03,P001,Rice,Grocery,24,58.51,31,Thursday,10,Autumn,0,5
2024-10-03,P002,Wheat,Grocery,14,45.76,51,Thursday,10,Autumn,0,5
2024-10-03,P003,Sugar,Grocery,16,47.53,86,Thursday,10,Autumn,0,4
2024-10-03,P004,Cooking Oil,Grocery,11,124.35,62,Thursday,10,Autumn,0,6
2024-10-03,P005,Milk,Dairy,33,40.96,146,Thursday,10,Autumn,0,2
2024-10-03,P006,Bread,Bakery,28,34.17,135,Thursday,10,Autumn,0,2
2024-10-03,P007,Eggs,Dairy,48,6.79,164,Thursday,10,Autumn,0,2
2024-10-03,P008,Biscuits,Snacks,26,31.26,86,Thursday,10,Autumn,0,4
2024-10-03,P009,Soap,Personal Care,10,36.36,77,Thursday,10,Autumn,0,7
2024-10-03,P010,Shampoo,Personal Care,6,120.49,38,Thursday,10,Autumn,0,7
2024-10-04,P001,Rice,Grocery,24,59.33,134,Friday,10,Autumn,0,5
2024-10-04,P002,Wheat,Grocery,22,42.93,93,Friday,10,Autumn,0,5
2024-10-04,P003,Sugar,Grocery,25,51.12,32,Friday,10,Autumn,0,4
2024-10-04,P004,Cooking Oil,Grocery,11,123.72,82,Friday,10,Autumn,0,6
2024-10-04,P005,Milk,Dairy,30,38.06,87,Friday,10,Autumn,0,2
2024-10-04,P006,Bread,Bakery,30,36.4,72,Friday,10,Autumn,0,2
2024-10-04,P007,Eggs,Dairy,45,6.98,261,Friday,10,Autumn,0,2
2024-10-04,P008,Biscuits,Snacks,27,31.28,74,Friday,10,Autumn,0,4
2024-10-04,P009,Soap,Personal Care,12,33.88,21,Friday,10,Autumn,0,7
2024-10-04,P010,Shampoo,Personal Care,6,116.24,87,Friday,10,Autumn,0,7
2024-10-05,P001,Rice,Grocery,33,59.37,33,Saturday,10,Autumn,0,5
2024-10-05,P002,Wheat,Grocery,19,44.35,25,Saturday,10,Autumn,0,5
2024-10-05,P003,Sugar,Grocery,24,51.53,74,Saturday,10,Autumn,0,4
2024-10-05,P004,Cooking Oil,Grocery,15,115.76,69,Saturday,10,Autumn,0,6
2024-10-05,P005,Milk,Dairy,42,38.58,127,Saturday,10,Autumn,0,2
2024-10-05,P006,Bread,Bakery,27,33.76,122,Saturday,10,Autumn,0,2
2024-10-05,P007,Eggs,Dairy,41,7.12,207,Saturday,10,Autumn,0,2
2024-10-05,P008,Biscuits,Snacks,16,31.25,42,Saturday,10,Autumn,0,4
2024-10-05,P009,Soap,Personal Care,10,34.92,70,Saturday,10,Autumn,0,7
2024-10-05,P010,Shampoo,Personal Care,7,125.1,92,Saturday,10,Autumn,0,7
2024-10-06,P001,Rice,Grocery,27,62.18,117,Sunday,10,Autumn,0,5
2024-10-06,P002,Wheat,Grocery,16,43.18,41,Sunday,10,Autumn,0,5
2024-10-06,P003,Sugar,Grocery,25,52.47,121,Sunday,10,Autumn,0,4
2024-10-06,P004,Cooking Oil,Grocery,14,125.17,24,Sunday,10,Autumn,0,6
2024-10-06,P005,Milk,Dairy,36,40.42,199,Sunday,10,Autumn,0,2
2024-10-06,P006,Bread,Bakery,22,35.39,43,Sunday,10,Autumn,0,2
2024-10-06,P007,Eggs,Dairy,54,6.85,318,Sunday,10,Autumn,0,2
2024-10-06,P008,Biscuits,Snacks,25,30.08,29,Sunday,10,Autumn,0,4
2024-10-06,P009,Soap,Personal Care,10,35.32,29,Sunday,10,Autumn,0,7
2024-10-06,P010,Shampoo,Personal Care,5,123.68,76,Sunday,10,Autumn,0,7
2024-10-07,P001,Rice,Grocery,30,60.58,147,Monday,10,Autumn,0,5
2024-10-07,P002,Wheat,Grocery,18,44.06,82,Monday,10,Autumn,0,5
2024-10-07,P003,Sugar,Grocery,24,49.2,92,Monday,10,Autumn,0,4
2024-10-07,P004,Cooking Oil,Grocery,8,118.65,99,Monday,10,Autumn,0,6
2024-10-07,P005,Milk,Dairy,37,38.89,185,Monday,10,Autumn,0,2
2024-10-07,P006,Bread,Bakery,37,36.33,219,Monday,10,Autumn,0,2
2024-10-07,P007,Eggs,Dairy,47,6.94,51,Monday,10,Autumn,0,2
2024-10-07,P008,Biscuits,Snacks,20,29.29,68,Monday,10,Autumn,0,4
2024-10-07,P009,Soap,Personal Care,9,35.52,95,Monday,10,Autumn,0,7
2024-10-07,P010,Shampoo,Personal Care,4,123.51,59,Monday,10,Autumn,0,7
2024-10-08,P001,Rice,Grocery,19,60.72,80,Tuesday,10,Autumn,0,5
2024-10-08,P002,Wheat,Grocery,15,46.2,49,Tuesday,10,Autumn,0,5
2024-10-08,P003,Sugar,Grocery,21,49.26,25,Tuesday,10,Autumn,0,4
2024-10-08,P004,Cooking Oil,Grocery,11,122.29,69,Tuesday,10,Autumn,0,6
2024-10-08,P005,Milk,Dairy,37,38.85,188,Tuesday,10,Autumn,0,2
2024-10-08,P006,Bread,Bakery,32,36.55,168,Tuesday,10,Autumn,0,2
2024-10-08,P007,Eggs,Dairy,49,7.03,56,Tuesday,10,Autumn,0,2
2024-10-08,P008,Biscuits,Snacks,22,30.72,120,Tuesday,10,Autumn,0,4
2024-10-08,P009,Soap,Personal Care,10,34.02,21,Tuesday,10,Autumn,0,7
2024-10-08,P010,Shampoo,Personal Care,6,114.91,72,Tuesday,10,Autumn,0,7
2024-10-09,P001,Rice,Grocery,29,62.85,162,Wednesday,10,Autumn,0,5
2024-10-09,P002,Wheat,Grocery,19,45.2,64,Wednesday,10,Autumn,0,5
2024-10-09,P003,Sugar,Grocery,20,51.7,91,Wednesday,10,Autumn,0,4
2024-10-09,P004,Cooking Oil,Grocery,14,117.73,29,Wednesday,10,Autumn,0,6
2024-10-09,P005,Milk,Dairy,33,39.99,59,Wednesday,10,Autumn,0,2
2024-10-09,P006,Bread,Bakery,27,35.63,108,Wednesday,10,Autumn,0,2
2024-10-09,P007,Eggs,Dairy,43,6.78,68,Wednesday,10,Autumn,0,2
2024-10-09,P008,Biscuits,Snacks,24,31.38,97,Wednesday,10,Autumn,0,4
2024-10-09,P009,Soap,Personal Care,9,34.79,88,Wednesday,10,Autumn,0,7
2024-10-09,P010,Shampoo,Personal Care,6,115.49,82,Wednesday,10,Autumn,0,7
2024-10-10,P001,Rice,Grocery,20,59.9,46,Thursday,10,Autumn,0,5
2024-10-10,P002,Wheat,Grocery,18,46.65,105,Thursday,10,Autumn,0,5
2024-10-10,P003,Sugar,Grocery,20,52.48,31,Thursday,10,Autumn,0,4
2024-10-10,P004,Cooking Oil,Grocery,10,115.77,57,Thursday,10,Autumn,0,6
2024-10-10,P005,Milk,Dairy,41,38.56,160,Thursday,10,Autumn,0,2
2024-10-10,P006,Bread,Bakery,39,36.33,96,Thursday,10,Autumn,0,2
2024-10-10,P007,Eggs,Dairy,53,6.79,206,Thursday,10,Autumn,0,2
2024-10-10,P008,Biscuits,Snacks,24,30.87,50,Thursday,10,Autumn,0,4
2024-10-10,P009,Soap,Personal Care,7,36.44,60,Thursday,10,Autumn,0,7
2024-10-10,P010,Shampoo,Personal Care,7,118.83,87,Thursday,10,Autumn,0,7
2024-10-11,P001,Rice,Grocery,27,58.02,125,Friday,10,Autumn,0,5
2024-10-11,P002,Wheat,Grocery,23,45.07,89,Friday,10,Autumn,0,5
2024-10-11,P003,Sugar,Grocery,19,50.75,44,Friday,10,Autumn,0,4
2024-10-11,P004,Cooking Oil,Grocery,9,116.43,59,Friday,10,Autumn,0,6
2024-10-11,P005,Milk,Dairy,36,41.43,189,Friday,10,Autumn,0,2
2024-10-11,P006,Bread,Bakery,24,36.53,41,Friday,10,Autumn,0,2
2024-10-11,P007,Eggs,Dairy,58,6.91,111,Friday,10,Autumn,0,2
2024-10-11,P008,Biscuits,Snacks,21,28.6,118,Friday,10,Autumn,0,4
2024-10-11,P009,Soap,Personal Care,10,35.02,82,Friday,10,Autumn,0,7
2024-10-11,P010,Shampoo,Personal Care,5,116.61,61,Friday,10,Autumn,0,7
2024-10-12,P001,Rice,Grocery,33,61.4,58,Saturday,10,Autumn,0,5
2024-10-12,P002,Wheat,Grocery,18,46.87,94,Saturday,10,Autumn,0,5
2024-10-12,P003,Sugar,Grocery,22,51.45,43,Saturday,10,Autumn,0,4
2024-10-12,P004,Cooking Oil,Grocery,13,125.37,32,Saturday,10,Autumn,0,6
2024-10-12,P005,Milk,Dairy,37,39.39,75,Saturday,10,Autumn,0,2
2024-10-12,P006,Bread,Bakery,39,36.46,109,Saturday,10,Autumn,0,2
2024-10-12,P007,Eggs,Dairy,62,7.2,314,Saturday,10,Autumn,0,2
2024-10-12,P008,Biscuits,Snacks,27,31.09,85,Saturday,10,Autumn,0,4
2024-10-12,P009,Soap,Personal Care,11,33.44,55,Saturday,10,Autumn,0,7
2024-10-12,P010,Shampoo,Personal Care,6,125.12,72,Saturday,10,Autumn,0,7
2024-10-13,P001,Rice,Grocery,23,61.61,26,Sunday,10,Autumn,0,5
2024-10-13,P002,Wheat,Grocery,23,43.04,51,Sunday,10,Autumn,0,5
2024-10-13,P003,Sugar,Grocery,22,49.05,23,Sunday,10,Autumn,0,4
2024-10-13,P004,Cooking Oil,Grocery,10,116.53,57,Sunday,10,Autumn,0,6
2024-10-13,P005,Milk,Dairy,34,40.45,54,Sunday,10,Autumn,0,2
2024-10-13,P006,Bread,Bakery,33,36.49,77,Sunday,10,Autumn,0,2
2024-10-13,P007,Eggs,Dairy,50,6.96,222,Sunday,10,Autumn,0,2
2024-10-13,P008,Biscuits,Snacks,25,29.62,81,Sunday,10,Autumn,0,4
2024-10-13,P009,Soap,Personal Care,8,35.67,72,Sunday,10,Autumn,0,7
2024-10-13,P010,Shampoo,Personal Care,9,116.32,34,Sunday,10,Autumn,0,7
2024-10-14,P001,Rice,Grocery,29,61.45,163,Monday,10,Autumn,0,5
2024-10-14,P002,Wheat,Grocery,16,43.25,43,Monday,10,Autumn,0,5
2024-10-14,P003,Sugar,Grocery,21,49.04,45,Monday,10,Autumn,0,4
2024-10-14,P004,Cooking Oil,Grocery,13,120.7,91,Monday,10,Autumn,0,6
2024-10-14,P005,Milk,Dairy,28,41.78,51,Monday,10,Autumn,0,2
2024-10-14,P006,Bread,Bakery,24,35.6,62,Monday,10,Autumn,0,2
2024-10-14,P007,Eggs,Dairy,35,6.67,87,Monday,10,Autumn,0,2
2024-10-14,P008,Biscuits,Snacks,25,30.85,58,Monday,10,Autumn,0,4
2024-10-14,P009,Soap,Personal Care,8,35.6,56,Monday,10,Autumn,0,7
2024-10-14,P010,Shampoo,Personal Care,7,122.97,62,Monday,10,Autumn,0,7
2024-10-15,P001,Rice,Grocery,29,60.27,135,Tuesday,10,Autumn,0,5
2024-10-15,P002,Wheat,Grocery,23,44.36,68,Tuesday,10,Autumn,0,5
2024-10-15,P003,Sugar,Grocery,22,51.96,86,Tuesday,10,Autumn,0,4
2024-10-15,P004,Cooking Oil,Grocery,12,118.55,51,Tuesday,10,Autumn,0,6
2024-10-15,P005,Milk,Dairy,34,39.0,169,Tuesday,10,Autumn,0,2
2024-10-15,P006,Bread,Bakery,24,33.32,41,Tuesday,10,Autumn,0,2
2024-10-15,P007,Eggs,Dairy,53,7.22,286,Tuesday,10,Autumn,0,2
2024-10-15,P008,Biscuits,Snacks,16,30.83,99,Tuesday,10,Autumn,0,4
2024-10-15,P009,Soap,Personal Care,10,34.3,80,Tuesday,10,Autumn,0,7
2024-10-15,P010,Shampoo,Personal Care,5,124.97,30,Tuesday,10,Autumn,0,7
2024-10-16,P001,Rice,Grocery,26,58.01,54,Wednesday,10,Autumn,0,5
2024-10-16,P002,Wheat,Grocery,17,46.16,69,Wednesday,10,Autumn,0,5
2024-10-16,P003,Sugar,Grocery,22,50.16,108,Wednesday,10,Autumn,0,4
2024-10-16,P004,Cooking Oil,Grocery,15,125.6,93,Wednesday,10,Autumn,0,6
2024-10-16,P005,Milk,Dairy,33,39.5,52,Wednesday,10,Autumn,0,2
2024-10-16,P006,Bread,Bakery,29,34.49,143,Wednesday,10,Autumn,0,2
2024-10-16,P007,Eggs,Dairy,41,7.21,48,Wednesday,10,Autumn,0,2
2024-10-16,P008,Biscuits,Snacks,21,28.81,88,Wednesday,10,Autumn,0,4
2024-10-16,P009,Soap,Personal Care,12,35.45,23,Wednesday,10,Autumn,0,7
2024-10-16,P010,Shampoo,Personal Care,4,119.52,51,Wednesday,10,Autumn,0,7
2024-10-17,P001,Rice,Grocery,21,59.64,34,Thursday,10,Autumn,0,5
2024-10-17,P002,Wheat,Grocery,18,45.49,25,Thursday,10,Autumn,0,5
2024-10-17,P003,Sugar,Grocery,21,52.18,71,Thursday,10,Autumn,0,4
2024-10-17,P004,Cooking Oil,Grocery,10,115.3,57,Thursday,10,Autumn,0,6
2024-10-17,P005,Milk,Dairy,33,41.14,186,Thursday,10,Autumn,0,2
2024-10-17,P006,Bread,Bakery,33,34.49,118,Thursday,10,Autumn,0,2
2024-10-17,P007,Eggs,Dairy,48,6.67,257,Thursday,10,Autumn,0,2
2024-10-17,P008,Biscuits,Snacks,21,28.68,41,Thursday,10,Autumn,0,4
2024-10-17,P009,Soap,Personal Care,9,36.06,46,Thursday,10,Autumn,0,7
2024-10-17,P010,Shampoo,Personal Care,7,115.22,72,Thursday,10,Autumn,0,7
2024-10-18,P001,Rice,Grocery,25,61.31,81,Friday,10,Autumn,0,5
2024-10-18,P002,Wheat,Grocery,17,42.95,74,Friday,10,Autumn,0,5
2024-10-18,P003,Sugar,Grocery,20,48.03,36,Friday,10,Autumn,0,4
2024-10-18,P004,Cooking Oil,Grocery,11,125.3,73,Friday,10,Autumn,0,6
2024-10-18,P005,Milk,Dairy,34,41.77,163,Friday,10,Autumn,0,2
2024-10-18,P006,Bread,Bakery,31,35.98,50,Friday,10,Autumn,0,2
2024-10-18,P007,Eggs,Dairy,40,7.19,127,Friday,10,Autumn,0,2
2024-10-18,P008,Biscuits,Snacks,22,30.94,64,Friday,10,Autumn,0,4
2024-10-18,P009,Soap,Personal Care,12,36.62,62,Friday,10,Autumn,0,7
2024-10-18,P010,Shampoo,Personal Care,7,116.15,33,Friday,10,Autumn,0,7
2024-10-19,P001,Rice,Grocery,29,58.38,108,Saturday,10,Autumn,0,5
2024-10-19,P002,Wheat,Grocery,21,45.39,61,Saturday,10,Autumn,0,5
2024-10-19,P003,Sugar,Grocery,24,51.29,79,Saturday,10,Autumn,0,4
2024-10-19,P004,Cooking Oil,Grocery,14,119.05,50,Saturday,10,Autumn,0,6
2024-10-19,P005,Milk,Dairy,38,41.92,102,Saturday,10,Autumn,0,2
2024-10-19,P006,Bread,Bakery,38,36.43,178,Saturday,10,Autumn,0,2
2024-10-19,P007,Eggs,Dairy,55,6.83,276,Saturday,10,Autumn,0,2
2024-10-19,P008,Biscuits,Snacks,31,28.86,44,Saturday,10,Autumn,0,4
2024-10-19,P009,Soap,Personal Care,8,35.4,45,Saturday,10,Autumn,0,7
2024-10-19,P010,Shampoo,Personal Care,9,116.84,87,Saturday,10,Autumn,0,7
2024-10-20,P001,Rice,Grocery,31,58.69,76,Sunday,10,Autumn,1,5
2024-10-20,P002,Wheat,Grocery,31,46.34,155,Sunday,10,Autumn,1,5
2024-10-20,P003,Sugar,Grocery,32,48.57,190,Sunday,10,Autumn,1,4
2024-10-20,P004,Cooking Oil,Grocery,16,119.44,60,Sunday,10,Autumn,1,6
2024-10-20,P005,Milk,Dairy,50,40.14,201,Sunday,10,Autumn,1,2
2024-10-20,P006,Bread,Bakery,42,34.55,249,Sunday,10,Autumn,1,2
2024-10-20,P007,Eggs,Dairy,80,7.24,149,Sunday,10,Autumn,1,2
2024-10-20,P008,Biscuits,Snacks,36,29.77,182,Sunday,10,Autumn,1,4
2024-10-20,P009,Soap,Personal Care,14,35.48,70,Sunday,10,Autumn,1,7
2024-10-20,P010,Shampoo,Personal Care,9,116.19,58,Sunday,10,Autumn,1,7
2024-10-21,P001,Rice,Grocery,31,62.55,144,Monday,10,Autumn,1,5
2024-10-21,P002,Wheat,Grocery,26,44.31,137,Monday,10,Autumn,1,5
2024-10-21,P003,Sugar,Grocery,23,52.35,121,Monday,10,Autumn,1,4
2024-10-21,P004,Cooking Oil,Grocery,15,114.68,99,Monday,10,Autumn,1,6
2024-10-21,P005,Milk,Dairy,47,39.81,203,Monday,10,Autumn,1,2
2024-10-21,P006,Bread,Bakery,25,35.9,27,Monday,10,Autumn,1,2
2024-10-21,P007,Eggs,Dairy,49,7.22,251,Monday,10,Autumn,1,2
2024-10-21,P008,Biscuits,Snacks,37,30.24,184,Monday,10,Autumn,1,4
2024-10-21,P009,Soap,Personal Care,13,34.72,77,Monday,10,Autumn,1,7
2024-10-21,P010,Shampoo,Personal Care,9,124.65,35,Monday,10,Autumn,1,7
2024-10-22,P001,Rice,Grocery,24,59.38,92,Tuesday,10,Autumn,0,5
2024-10-22,P002,Wheat,Grocery,18,46.03,55,Tuesday,10,Autumn,0,5
2024-10-22,P003,Sugar,Grocery,18,48.38,62,Tuesday,10,Autumn,0,4
2024-10-22,P004,Cooking Oil,Grocery,10,125.25,24,Tuesday,10,Autumn,0,6
2024-10-22,P005,Milk,Dairy,35,40.65,109,Tuesday,10,Autumn,0,2
2024-10-22,P006,Bread,Bakery,29,36.02,34,Tuesday,10,Autumn,0,2
2024-10-22,P007,Eggs,Dairy,59,7.14,174,Tuesday,10,Autumn,0,2
2024-10-22,P008,Biscuits,Snacks,17,30.67,26,Tuesday,10,Autumn,0,4
2024-10-22,P009,Soap,Personal Care,10,36.31,32,Tuesday,10,Autumn,0,7
2024-10-22,P010,Shampoo,Personal Care,5,119.05,64,Tuesday,10,Autumn,0,7
2024-10-23,P001,Rice,Grocery,26,61.5,133,Wednesday,10,Autumn,0,5
2024-10-23,P002,Wheat,Grocery,14,46.12,98,Wednesday,10,Autumn,0,5
2024-10-23,P003,Sugar,Grocery,23,50.13,60,Wednesday,10,Autumn,0,4
2024-10-23,P004,Cooking Oil,Grocery,11,117.81,63,Wednesday,10,Autumn,0,6
2024-10-23,P005,Milk,Dairy,38,38.19,221,Wednesday,10,Autumn,0,2
2024-10-23,P006,Bread,Bakery,30,34.57,83,Wednesday,10,Autumn,0,2
2024-10-23,P007,Eggs,Dairy,37,6.83,163,Wednesday,10,Autumn,0,2
2024-10-23,P008,Biscuits,Snacks,19,28.78,54,Wednesday,10,Autumn,0,4
2024-10-23,P009,Soap,Personal Care,9,36.41,47,Wednesday,10,Autumn,0,7
2024-10-23,P010,Shampoo,Personal Care,6,124.87,60,Wednesday,10,Autumn,0,7
2024-10-24,P001,Rice,Grocery,21,59.91,53,Thursday,10,Autumn,0,5
2024-10-24,P002,Wheat,Grocery,18,45.05,21,Thursday,10,Autumn,0,5
2024-10-24,P003,Sugar,Grocery,18,48.49,36,Thursday,10,Autumn,0,4
2024-10-24,P004,Cooking Oil,Grocery,15,125.66,24,Thursday,10,Autumn,0,6
2024-10-24,P005,Milk,Dairy,35,38.07,156,Thursday,10,Autumn,0,2
2024-10-24,P006,Bread,Bakery,24,36.52,80,Thursday,10,Autumn,0,2
2024-10-24,P007,Eggs,Dairy,44,6.79,77,Thursday,10,Autumn,0,2
2024-10-24,P008,Biscuits,Snacks,16,31.23,94,Thursday,10,Autumn,0,4
2024-10-24,P009,Soap,Personal Care,10,36.6,59,Thursday,10,Autumn,0,7
2024-10-24,P010,Shampoo,Personal Care,7,122.2,78,Thursday,10,Autumn,0,7
2024-10-25,P001,Rice,Grocery,19,62.68,22,Friday,10,Autumn,0,5
2024-10-25,P002,Wheat,Grocery,23,45.78,50,Friday,10,Autumn,0,5
2024-10-25,P003,Sugar,Grocery,22,50.35,86,Friday,10,Autumn,0,4
2024-10-25,P004,Cooking Oil,Grocery,9,119.99,38,Friday,10,Autumn,0,6
2024-10-25,P005,Milk,Dairy,37,39.78,90,Friday,10,Autumn,0,2
2024-10-25,P006,Bread,Bakery,30,33.72,42,Friday,10,Autumn,0,2
2024-10-25,P007,Eggs,Dairy,52,6.72,62,Friday,10,Autumn,0,2
2024-10-25,P008,Biscuits,Snacks,17,30.35,53,Friday,10,Autumn,0,4
2024-10-25,P009,Soap,Personal Care,8,35.26,89,Friday,10,Autumn,0,7
2024-10-25,P010,Shampoo,Personal Care,5,122.16,46,Friday,10,Autumn,0,7
2024-10-26,P001,Rice,Grocery,22,60.89,75,Saturday,10,Autumn,0,5
2024-10-26,P002,Wheat,Grocery,23,45.05,117,Saturday,10,Autumn,0,5
2024-10-26,P003,Sugar,Grocery,23,50.7,73,Saturday,10,Autumn,0,4
2024-10-26,P004,Cooking Oil,Grocery,13,123.88,43,Saturday,10,Autumn,0,6
2024-10-26,P005,Milk,Dairy,43,41.61,156,Saturday,10,Autumn,0,2
2024-10-26,P006,Bread,Bakery,29,35.3,73,Saturday,10,Autumn,0,2
2024-10-26,P007,Eggs,Dairy,68,7.21,347,Saturday,10,Autumn,0,2
2024-10-26,P008,Biscuits,Snacks,34,31.42,116,Saturday,10,Autumn,0,4
2024-10-26,P009,Soap,Personal Care,9,36.38,82,Saturday,10,Autumn,0,7
2024-10-26,P010,Shampoo,Personal Care,7,124.08,48,Saturday,10,Autumn,0,7
2024-10-27,P001,Rice,Grocery,27,61.91,104,Sunday,10,Autumn,0,5
2024-10-27,P002,Wheat,Grocery,16,44.74,69,Sunday,10,Autumn,0,5
2024-10-27,P003,Sugar,Grocery,21,48.51,72,Sunday,10,Autumn,0,4
2024-10-27,P004,Cooking Oil,Grocery,14,116.63,63,Sunday,10,Autumn,0,6
2024-10-27,P005,Milk,Dairy,38,38.65,102,Sunday,10,Autumn,0,2
2024-10-27,P006,Bread,Bakery,44,34.8,91,Sunday,10,Autumn,0,2
2024-10-27,P007,Eggs,Dairy,51,7.05,235,Sunday,10,Autumn,0,2
2024-10-27,P008,Biscuits,Snacks,21,30.88,36,Sunday,10,Autumn,0,4
2024-10-27,P009,Soap,Personal Care,12,35.6,23,Sunday,10,Autumn,0,7
2024-10-27,P010,Shampoo,Personal Care,6,125.95,98,Sunday,10,Autumn,0,7
2024-10-28,P001,Rice,Grocery,26,61.39,153,Monday,10,Autumn,0,5
2024-10-28,P002,Wheat,Grocery,20,44.98,110,Monday,10,Autumn,0,5
2024-10-28,P003,Sugar,Grocery,20,51.22,26,Monday,10,Autumn,0,4
2024-10-28,P004,Cooking Oil,Grocery,9,121.77,64,Monday,10,Autumn,0,6
2024-10-28,P005,Milk,Dairy,32,39.31,37,Monday,10,Autumn,0,2
2024-10-28,P006,Bread,Bakery,27,35.12,55,Monday,10,Autumn,0,2
2024-10-28,P007,Eggs,Dairy,41,7.29,61,Monday,10,Autumn,0,2
2024-10-28,P008,Biscuits,Snacks,14,28.7,87,Monday,10,Autumn,0,4
2024-10-28,P009,Soap,Personal Care,12,36.19,96,Monday,10,Autumn,0,7
2024-10-28,P010,Shampoo,Personal Care,5,123.29,93,Monday,10,Autumn,0,7
2024-10-29,P001,Rice,Grocery,23,58.06,136,Tuesday,10,Autumn,0,5
2024-10-29,P002,Wheat,Grocery,19,46.95,40,Tuesday,10,Autumn,0,5
2024-10-29,P003,Sugar,Grocery,19,51.31,30,Tuesday,10,Autumn,0,4
2024-10-29,P004,Cooking Oil,Grocery,7,116.25,41,Tuesday,10,Autumn,0,6
2024-10-29,P005,Milk,Dairy,30,41.88,97,Tuesday,10,Autumn,0,2
2024-10-29,P006,Bread,Bakery,30,34.44,96,Tuesday,10,Autumn,0,2
2024-10-29,P007,Eggs,Dairy,35,7.23,86,Tuesday,10,Autumn,0,2
2024-10-29,P008,Biscuits,Snacks,19,31.0,35,Tuesday,10,Autumn,0,4
2024-10-29,P009,Soap,Personal Care,9,34.73,36,Tuesday,10,Autumn,0,7
2024-10-29,P010,Shampoo,Personal Care,7,117.67,44,Tuesday,10,Autumn,0,7
2024-10-30,P001,Rice,Grocery,27,59.13,60,Wednesday,10,Autumn,0,5
2024-10-30,P002,Wheat,Grocery,22,44.82,55,Wednesday,10,Autumn,0,5
2024-10-30,P003,Sugar,Grocery,17,48.51,39,Wednesday,10,Autumn,0,4
2024-10-30,P004,Cooking Oil,Grocery,13,118.03,34,Wednesday,10,Autumn,0,6
2024-10-30,P005,Milk,Dairy,37,38.93,44,Wednesday,10,Autumn,0,2
2024-10-30,P006,Bread,Bakery,19,35.76,85,Wednesday,10,Autumn,0,2
2024-10-30,P007,Eggs,Dairy,53,6.91,110,Wednesday,10,Autumn,0,2
2024-10-30,P008,Biscuits,Snacks,27,31.37,87,Wednesday,10,Autumn,0,4
2024-10-30,P009,Soap,Personal Care,6,35.79,31,Wednesday,10,Autumn,0,7
2024-10-30,P010,Shampoo,Personal Care,5,124.74,45,Wednesday,10,Autumn,0,7
2024-10-31,P001,Rice,Grocery,22,58.98,76,Thursday,10,Autumn,0,5
2024-10-31,P002,Wheat,Grocery,20,44.83,32,Thursday,10,Autumn,0,5
2024-10-31,P003,Sugar,Grocery,17,49.06,47,Thursday,10,Autumn,0,4
2024-10-31,P004,Cooking Oil,Grocery,9,124.47,90,Thursday,10,Autumn,0,6
2024-10-31,P005,Milk,Dairy,31,41.61,156,Thursday,10,Autumn,0,2
2024-10-31,P006,Bread,Bakery,37,33.91,74,Thursday,10,Autumn,0,2
2024-10-31,P007,Eggs,Dairy,35,7.1,145,Thursday,10,Autumn,0,2
2024-10-31,P008,Biscuits,Snacks,23,29.36,126,Thursday,10,Autumn,0,4
2024-10-31,P009,Soap,Personal Care,10,33.79,57,Thursday,10,Autumn,0,7
2024-10-31,P010,Shampoo,Personal Care,4,117.86,26,Thursday,10,Autumn,0,7
2024-11-01,P001,Rice,Grocery,24,58.16,76,Friday,11,Winter,0,5
2024-11-01,P002,Wheat,Grocery,13,43.69,61,Friday,11,Winter,0,5
2024-11-01,P003,Sugar,Grocery,20,50.21,87,Friday,11,Winter,0,4
2024-11-01,P004,Cooking Oil,Grocery,10,122.93,35,Friday,11,Winter,0,6
2024-11-01,P005,Milk,Dairy,39,38.45,66,Friday,11,Winter,0,2
2024-11-01,P006,Bread,Bakery,27,33.45,156,Friday,11,Winter,0,2
2024-11-01,P007,Eggs,Dairy,52,6.94,288,Friday,11,Winter,0,2
2024-11-01,P008,Biscuits,Snacks,20,28.95,74,Friday,11,Winter,0,4
2024-11-01,P009,Soap,Personal Care,11,34.07,90,Friday,11,Winter,0,7
2024-11-01,P010,Shampoo,Personal Care,8,118.04,95,Friday,11,Winter,0,7
2024-11-02,P001,Rice,Grocery,32,60.84,143,Saturday,11,Winter,0,5
2024-11-02,P002,Wheat,Grocery,26,44.08,26,Saturday,11,Winter,0,5
2024-11-02,P003,Sugar,Grocery,24,47.58,54,Saturday,11,Winter,0,4
2024-11-02,P004,Cooking Oil,Grocery,16,120.95,85,Saturday,11,Winter,0,6
2024-11-02,P005,Milk,Dairy,45,40.96,74,Saturday,11,Winter,0,2
2024-11-02,P006,Bread,Bakery,28,36.25,117,Saturday,11,Winter,0,2
2024-11-02,P007,Eggs,Dairy,47,6.81,281,Saturday,11,Winter,0,2
2024-11-02,P008,Biscuits,Snacks,27,28.89,159,Saturday,11,Winter,0,4
2024-11-02,P009,Soap,Personal Care,11,34.54,63,Saturday,11,Winter,0,7
2024-11-02,P010,Shampoo,Personal Care,9,122.21,43,Saturday,11,Winter,0,7
2024-11-03,P001,Rice,Grocery,27,62.64,143,Sunday,11,Winter,0,5
2024-11-03,P002,Wheat,Grocery,17,44.42,45,Sunday,11,Winter,0,5
2024-11-03,P003,Sugar,Grocery,27,47.84,34,Sunday,11,Winter,0,4
2024-11-03,P004,Cooking Oil,Grocery,16,117.78,41,Sunday,11,Winter,0,6
2024-11-03,P005,Milk,Dairy,40,38.52,202,Sunday,11,Winter,0,2
2024-11-03,P006,Bread,Bakery,39,34.56,57,Sunday,11,Winter,0,2
2024-11-03,P007,Eggs,Dairy,44,7.2,109,Sunday,11,Winter,0,2
2024-11-03,P008,Biscuits,Snacks,19,30.57,64,Sunday,11,Winter,0,4
2024-11-03,P009,Soap,Personal Care,10,33.88,82,Sunday,11,Winter,0,7
2024-11-03,P010,Shampoo,Personal Care,7,116.22,96,Sunday,11,Winter,0,7
2024-11-04,P001,Rice,Grocery,23,59.88,105,Monday,11,Winter,0,5
2024-11-04,P002,Wheat,Grocery,18,42.81,70,Monday,11,Winter,0,5
2024-11-04,P003,Sugar,Grocery,24,51.32,46,Monday,11,Winter,0,4
2024-11-04,P004,Cooking Oil,Grocery,14,124.09,63,Monday,11,Winter,0,6
2024-11-04,P005,Milk,Dairy,35,40.6,161,Monday,11,Winter,0,2
2024-11-04,P006,Bread,Bakery,28,33.72,75,Monday,11,Winter,0,2
2024-11-04,P007,Eggs,Dairy,46,6.68,201,Monday,11,Winter,0,2
2024-11-04,P008,Biscuits,Snacks,15,28.69,63,Monday,11,Winter,0,4
2024-11-04,P009,Soap,Personal Care,11,35.48,94,Monday,11,Winter,0,7
2024-11-04,P010,Shampoo,Personal Care,7,116.38,99,Monday,11,Winter,0,7
2024-11-05,P001,Rice,Grocery,29,62.96,77,Tuesday,11,Winter,0,5
2024-11-05,P002,Wheat,Grocery,20,43.03,111,Tuesday,11,Winter,0,5
2024-11-05,P003,Sugar,Grocery,21,49.83,52,Tuesday,11,Winter,0,4
2024-11-05,P004,Cooking Oil,Grocery,13,124.49,46,Tuesday,11,Winter,0,6
2024-11-05,P005,Milk,Dairy,36,39.6,97,Tuesday,11,Winter,0,2
2024-11-05,P006,Bread,Bakery,26,34.14,43,Tuesday,11,Winter,0,2
2024-11-05,P007,Eggs,Dairy,33,6.82,68,Tuesday,11,Winter,0,2
2024-11-05,P008,Biscuits,Snacks,30,29.08,109,Tuesday,11,Winter,0,4
2024-11-05,P009,Soap,Personal Care,9,34.25,37,Tuesday,11,Winter,0,7
2024-11-05,P010,Shampoo,Personal Care,7,118.83,80,Tuesday,11,Winter,0,7
2024-11-06,P001,Rice,Grocery,18,59.89,55,Wednesday,11,Winter,0,5
2024-11-06,P002,Wheat,Grocery,15,46.39,37,Wednesday,11,Winter,0,5
2024-11-06,P003,Sugar,Grocery,24,47.6,126,Wednesday,11,Winter,0,4
2024-11-06,P004,Cooking Oil,Grocery,13,120.58,84,Wednesday,11,Winter,0,6
2024-11-06,P005,Milk,Dairy,38,38.93,86,Wednesday,11,Winter,0,2
2024-11-06,P006,Bread,Bakery,29,34.26,98,Wednesday,11,Winter,0,2
2024-11-06,P007,Eggs,Dairy,39,6.8,132,Wednesday,11,Winter,0,2
2024-11-06,P008,Biscuits,Snacks,28,31.32,159,Wednesday,11,Winter,0,4
2024-11-06,P009,Soap,Personal Care,11,36.58,80,Wednesday,11,Winter,0,7
2024-11-06,P010,Shampoo,Personal Care,9,120.89,92,Wednesday,11,Winter,0,7
2024-11-07,P001,Rice,Grocery,32,61.24,124,Thursday,11,Winter,0,5
2024-11-07,P002,Wheat,Grocery,16,46.24,34,Thursday,11,Winter,0,5
2024-11-07,P003,Sugar,Grocery,19,52.19,97,Thursday,11,Winter,0,4
2024-11-07,P004,Cooking Oil,Grocery,9,116.01,95,Thursday,11,Winter,0,6
2024-11-07,P005,Milk,Dairy,34,41.22,183,Thursday,11,Winter,0,2
2024-11-07,P006,Bread,Bakery,26,36.71,68,Thursday,11,Winter,0,2
2024-11-07,P007,Eggs,Dairy,49,6.99,82,Thursday,11,Winter,0,2
2024-11-07,P008,Biscuits,Snacks,26,30.52,33,Thursday,11,Winter,0,4
2024-11-07,P009,Soap,Personal Care,8,36.46,64,Thursday,11,Winter,0,7
2024-11-07,P010,Shampoo,Personal Care,6,123.03,86,Thursday,11,Winter,0,7
2024-11-08,P001,Rice,Grocery,22,60.79,103,Friday,11,Winter,0,5
2024-11-08,P002,Wheat,Grocery,20,47.01,63,Friday,11,Winter,0,5
2024-11-08,P003,Sugar,Grocery,14,48.51,64,Friday,11,Winter,0,4
2024-11-08,P004,Cooking Oil,Grocery,12,118.15,83,Friday,11,Winter,0,6
2024-11-08,P005,Milk,Dairy,26,40.67,40,Friday,11,Winter,0,2
2024-11-08,P006,Bread,Bakery,27,34.81,97,Friday,11,Winter,0,2
2024-11-08,P007,Eggs,Dairy,59,7.19,194,Friday,11,Winter,0,2
2024-11-08,P008,Biscuits,Snacks,21,31.38,64,Friday,11,Winter,0,4
2024-11-08,P009,Soap,Personal Care,10,34.72,52,Friday,11,Winter,0,7
2024-11-08,P010,Shampoo,Personal Care,8,123.76,99,Friday,11,Winter,0,7
2024-11-09,P001,Rice,Grocery,26,58.4,128,Saturday,11,Winter,0,5
2024-11-09,P002,Wheat,Grocery,25,45.69,112,Saturday,11,Winter,0,5
2024-11-09,P003,Sugar,Grocery,19,52.21,74,Saturday,11,Winter,0,4
2024-11-09,P004,Cooking Oil,Grocery,11,115.07,83,Saturday,11,Winter,0,6
2024-11-09,P005,Milk,Dairy,39,40.57,148,Saturday,11,Winter,0,2
2024-11-09,P006,Bread,Bakery,39,33.98,120,Saturday,11,Winter,0,2
2024-11-09,P007,Eggs,Dairy,50,7.14,299,Saturday,11,Winter,0,2
2024-11-09,P008,Biscuits,Snacks,17,29.63,81,Saturday,11,Winter,0,4
2024-11-09,P009,Soap,Personal Care,10,35.8,38,Saturday,11,Winter,0,7
2024-11-09,P010,Shampoo,Personal Care,7,125.08,75,Saturday,11,Winter,0,7
2024-11-10,P001,Rice,Grocery,32,58.72,157,Sunday,11,Winter,0,5
2024-11-10,P002,Wheat,Grocery,21,46.33,62,Sunday,11,Winter,0,5
2024-11-10,P003,Sugar,Grocery,22,52.16,35,Sunday,11,Winter,0,4
2024-11-10,P004,Cooking Oil,Grocery,11,117.68,41,Sunday,11,Winter,0,6
2024-11-10,P005,Milk,Dairy,38,41.9,211,Sunday,11,Winter,0,2
2024-11-10,P006,Bread,Bakery,40,36.64,105,Sunday,11,Winter,0,2
2024-11-10,P007,Eggs,Dairy,52,7.0,221,Sunday,11,Winter,0,2
2024-11-10,P008,Biscuits,Snacks,21,31.06,26,Sunday,11,Winter,0,4
2024-11-10,P009,Soap,Personal Care,8,33.31,74,Sunday,11,Winter,0,7
2024-11-10,P010,Shampoo,Personal Care,9,115.66,82,Sunday,11,Winter,0,7
2024-11-11,P001,Rice,Grocery,23,61.96,59,Monday,11,Winter,0,5
2024-11-11,P002,Wheat,Grocery,15,43.41,73,Monday,11,Winter,0,5
2024-11-11,P003,Sugar,Grocery,26,49.96,113,Monday,11,Winter,0,4
2024-11-11,P004,Cooking Oil,Grocery,15,122.32,24,Monday,11,Winter,0,6
2024-11-11,P005,Milk,Dairy,41,41.95,93,Monday,11,Winter,0,2
2024-11-11,P006,Bread,Bakery,27,36.6,57,Monday,11,Winter,0,2
2024-11-11,P007,Eggs,Dairy,43,6.93,232,Monday,11,Winter,0,2
2024-11-11,P008,Biscuits,Snacks,23,30.02,49,Monday,11,Winter,0,4
2024-11-11,P009,Soap,Personal Care,7,36.26,20,Monday,11,Winter,0,7
2024-11-11,P010,Shampoo,Personal Care,7,119.99,23,Monday,11,Winter,0,7
2024-11-12,P001,Rice,Grocery,27,60.28,114,Tuesday,11,Winter,0,5
2024-11-12,P002,Wheat,Grocery,17,43.6,100,Tuesday,11,Winter,0,5
2024-11-12,P003,Sugar,Grocery,20,51.16,115,Tuesday,11,Winter,0,4
2024-11-12,P004,Cooking Oil,Grocery,12,119.74,51,Tuesday,11,Winter,0,6
2024-11-12,P005,Milk,Dairy,30,39.51,171,Tuesday,11,Winter,0,2
2024-11-12,P006,Bread,Bakery,22,36.27,85,Tuesday,11,Winter,0,2
2024-11-12,P007,Eggs,Dairy,42,7.01,129,Tuesday,11,Winter,0,2
2024-11-12,P008,Biscuits,Snacks,17,30.52,72,Tuesday,11,Winter,0,4
2024-11-12,P009,Soap,Personal Care,9,33.56,58,Tuesday,11,Winter,0,7
2024-11-12,P010,Shampoo,Personal Care,7,121.22,35,Tuesday,11,Winter,0,7
2024-11-13,P001,Rice,Grocery,25,59.94,78,Wednesday,11,Winter,0,5
2024-11-13,P002,Wheat,Grocery,22,47.04,44,Wednesday,11,Winter,0,5
2024-11-13,P003,Sugar,Grocery,23,50.33,62,Wednesday,11,Winter,0,4
2024-11-13,P004,Cooking Oil,Grocery,10,119.12,62,Wednesday,11,Winter,0,6
2024-11-13,P005,Milk,Dairy,33,38.8,93,Wednesday,11,Winter,0,2
2024-11-13,P006,Bread,Bakery,35,36.06,46,Wednesday,11,Winter,0,2
2024-11-13,P007,Eggs,Dairy,42,7.21,144,Wednesday,11,Winter,0,2
2024-11-13,P008,Biscuits,Snacks,18,29.52,79,Wednesday,11,Winter,0,4
2024-11-13,P009,Soap,Personal Care,9,36.66,73,Wednesday,11,Winter,0,7
2024-11-13,P010,Shampoo,Personal Care,8,119.7,45,Wednesday,11,Winter,0,7
2024-11-14,P001,Rice,Grocery,27,59.32,88,Thursday,11,Winter,0,5
2024-11-14,P002,Wheat,Grocery,17,43.94,34,Thursday,11,Winter,0,5
2024-11-14,P003,Sugar,Grocery,22,48.94,38,Thursday,11,Winter,0,4
2024-11-14,P004,Cooking Oil,Grocery,13,122.79,67,Thursday,11,Winter,0,6
2024-11-14,P005,Milk,Dairy,32,40.74,155,Thursday,11,Winter,0,2
2024-11-14,P006,Bread,Bakery,27,35.57,59,Thursday,11,Winter,0,2
2024-11-14,P007,Eggs,Dairy,46,6.96,151,Thursday,11,Winter,0,2
2024-11-14,P008,Biscuits,Snacks,25,29.1,110,Thursday,11,Winter,0,4
2024-11-14,P009,Soap,Personal Care,10,33.37,23,Thursday,11,Winter,0,7
2024-11-14,P010,Shampoo,Personal Care,6,115.43,35,Thursday,11,Winter,0,7
2024-11-15,P001,Rice,Grocery,28,57.99,68,Friday,11,Winter,0,5
2024-11-15,P002,Wheat,Grocery,20,47.06,70,Friday,11,Winter,0,5
2024-11-15,P003,Sugar,Grocery,17,51.18,62,Friday,11,Winter,0,4
2024-11-15,P004,Cooking Oil,Grocery,11,114.28,91,Friday,11,Winter,0,6
2024-11-15,P005,Milk,Dairy,34,41.88,100,Friday,11,Winter,0,2
2024-11-15,P006,Bread,Bakery,33,35.05,69,Friday,11,Winter,0,2
2024-11-15,P007,Eggs,Dairy,38,6.95,113,Friday,11,Winter,0,2
2024-11-15,P008,Biscuits,Snacks,20,29.01,50,Friday,11,Winter,0,4
2024-11-15,P009,Soap,Personal Care,12,33.94,80,Friday,11,Winter,0,7
2024-11-15,P010,Shampoo,Personal Care,8,116.84,89,Friday,11,Winter,0,7
2024-11-16,P001,Rice,Grocery,27,62.82,95,Saturday,11,Winter,0,5
2024-11-16,P002,Wheat,Grocery,24,44.28,42,Saturday,11,Winter,0,5
2024-11-16,P003,Sugar,Grocery,23,52.39,90,Saturday,11,Winter,0,4
2024-11-16,P004,Cooking Oil,Grocery,12,119.29,80,Saturday,11,Winter,0,6
2024-11-16,P005,Milk,Dairy,30,38.07,80,Saturday,11,Winter,0,2
2024-11-16,P006,Bread,Bakery,29,36.59,105,Saturday,11,Winter,0,2
2024-11-16,P007,Eggs,Dairy,66,6.78,235,Saturday,11,Winter,0,2
2024-11-16,P008,Biscuits,Snacks,21,30.55,92,Saturday,11,Winter,0,4
2024-11-16,P009,Soap,Personal Care,13,34.73,49,Saturday,11,Winter,0,7
2024-11-16,P010,Shampoo,Personal Care,7,123.43,69,Saturday,11,Winter,0,7
2024-11-17,P001,Rice,Grocery,28,61.85,68,Sunday,11,Winter,0,5
2024-11-17,P002,Wheat,Grocery,22,44.22,123,Sunday,11,Winter,0,5
2024-11-17,P003,Sugar,Grocery,18,49.06,80,Sunday,11,Winter,0,4
2024-11-17,P004,Cooking Oil,Grocery,13,123.6,72,Sunday,11,Winter,0,6
2024-11-17,P005,Milk,Dairy,35,40.94,101,Sunday,11,Winter,0,2
2024-11-17,P006,Bread,Bakery,37,34.47,134,Sunday,11,Winter,0,2
2024-11-17,P007,Eggs,Dairy,50,6.87,259,Sunday,11,Winter,0,2
2024-11-17,P008,Biscuits,Snacks,28,29.93,82,Sunday,11,Winter,0,4
2024-11-17,P009,Soap,Personal Care,9,34.04,25,Sunday,11,Winter,0,7
2024-11-17,P010,Shampoo,Personal Care,6,120.51,74,Sunday,11,Winter,0,7
2024-11-18,P001,Rice,Grocery,24,62.46,141,Monday,11,Winter,0,5
2024-11-18,P002,Wheat,Grocery,17,45.61,20,Monday,11,Winter,0,5
2024-11-18,P003,Sugar,Grocery,22,51.02,88,Monday,11,Winter,0,4
2024-11-18,P004,Cooking Oil,Grocery,8,117.37,60,Monday,11,Winter,0,6
2024-11-18,P005,Milk,Dairy,26,40.57,91,Monday,11,Winter,0,2
2024-11-18,P006,Bread,Bakery,41,33.73,163,Monday,11,Winter,0,2
2024-11-18,P007,Eggs,Dairy,50,7.07,292,Monday,11,Winter,0,2
2024-11-18,P008,Biscuits,Snacks,18,30.01,30,Monday,11,Winter,0,4
2024-11-18,P009,Soap,Personal Care,11,34.72,23,Monday,11,Winter,0,7
2024-11-18,P010,Shampoo,Personal Care,7,119.02,25,Monday,11,Winter,0,7
2024-11-19,P001,Rice,Grocery,29,57.56,154,Tuesday,11,Winter,0,5
2024-11-19,P002,Wheat,Grocery,13,45.01,71,Tuesday,11,Winter,0,5
2024-11-19,P003,Sugar,Grocery,21,48.64,57,Tuesday,11,Winter,0,4
2024-11-19,P004,Cooking Oil,Grocery,11,117.76,56,Tuesday,11,Winter,0,6
2024-11-19,P005,Milk,Dairy,43,39.85,215,Tuesday,11,Winter,0,2
2024-11-19,P006,Bread,Bakery,23,36.37,25,Tuesday,11,Winter,0,2
2024-11-19,P007,Eggs,Dairy,46,6.76,81,Tuesday,11,Winter,0,2
2024-11-19,P008,Biscuits,Snacks,26,30.65,149,Tuesday,11,Winter,0,4
2024-11-19,P009,Soap,Personal Care,11,36.34,59,Tuesday,11,Winter,0,7
2024-11-19,P010,Shampoo,Personal Care,5,124.25,67,Tuesday,11,Winter,0,7
2024-11-20,P001,Rice,Grocery,26,61.25,127,Wednesday,11,Winter,0,5
2024-11-20,P002,Wheat,Grocery,13,44.16,61,Wednesday,11,Winter,0,5
2024-11-20,P003,Sugar,Grocery,18,48.9,38,Wednesday,11,Winter,0,4
2024-11-20,P004,Cooking Oil,Grocery,11,122.91,82,Wednesday,11,Winter,0,6
2024-11-20,P005,Milk,Dairy,33,39.29,133,Wednesday,11,Winter,0,2
2024-11-20,P006,Bread,Bakery,36,33.84,131,Wednesday,11,Winter,0,2
2024-11-20,P007,Eggs,Dairy,38,6.82,45,Wednesday,11,Winter,0,2
2024-11-20,P008,Biscuits,Snacks,19,31.27,100,Wednesday,11,Winter,0,4
2024-11-20,P009,Soap,Personal Care,9,36.3,23,Wednesday,11,Winter,0,7
2024-11-20,P010,Shampoo,Personal Care,5,119.24,96,Wednesday,11,Winter,0,7
2024-11-21,P001,Rice,Grocery,21,62.53,32,Thursday,11,Winter,0,5
2024-11-21,P002,Wheat,Grocery,14,43.56,27,Thursday,11,Winter,0,5
2024-11-21,P003,Sugar,Grocery,21,51.43,72,Thursday,11,Winter,0,4
2024-11-21,P004,Cooking Oil,Grocery,11,118.29,20,Thursday,11,Winter,0,6
2024-11-21,P005,Milk,Dairy,37,39.62,182,Thursday,11,Winter,0,2
2024-11-21,P006,Bread,Bakery,32,35.19,92,Thursday,11,Winter,0,2
2024-11-21,P007,Eggs,Dairy,41,7.12,160,Thursday,11,Winter,0,2
2024-11-21,P008,Biscuits,Snacks,19,30.96,109,Thursday,11,Winter,0,4
2024-11-21,P009,Soap,Personal Care,9,36.45,65,Thursday,11,Winter,0,7
2024-11-21,P010,Shampoo,Personal Care,6,120.99,32,Thursday,11,Winter,0,7
2024-11-22,P001,Rice,Grocery,21,59.14,76,Friday,11,Winter,0,5
2024-11-22,P002,Wheat,Grocery,18,45.7,24,Friday,11,Winter,0,5
2024-11-22,P003,Sugar,Grocery,25,49.45,142,Friday,11,Winter,0,4
2024-11-22,P004,Cooking Oil,Grocery,9,121.46,87,Friday,11,Winter,0,6
2024-11-22,P005,Milk,Dairy,35,40.69,37,Friday,11,Winter,0,2
2024-11-22,P006,Bread,Bakery,30,36.73,39,Friday,11,Winter,0,2
2024-11-22,P007,Eggs,Dairy,51,7.02,268,Friday,11,Winter,0,2
2024-11-22,P008,Biscuits,Snacks,21,28.68,59,Friday,11,Winter,0,4
2024-11-22,P009,Soap,Personal Care,9,34.96,65,Friday,11,Winter,0,7
2024-11-22,P010,Shampoo,Personal Care,6,123.96,48,Friday,11,Winter,0,7
2024-11-23,P001,Rice,Grocery,22,62.99,110,Saturday,11,Winter,0,5
2024-11-23,P002,Wheat,Grocery,23,46.48,65,Saturday,11,Winter,0,5
2024-11-23,P003,Sugar,Grocery,16,47.93,34,Saturday,11,Winter,0,4
2024-11-23,P004,Cooking Oil,Grocery,12,117.33,60,Saturday,11,Winter,0,6
2024-11-23,P005,Milk,Dairy,36,41.09,36,Saturday,11,Winter,0,2
2024-11-23,P006,Bread,Bakery,33,33.47,175,Saturday,11,Winter,0,2
2024-11-23,P007,Eggs,Dairy,55,7.16,238,Saturday,11,Winter,0,2
2024-11-23,P008,Biscuits,Snacks,24,30.61,143,Saturday,11,Winter,0,4
2024-11-23,P009,Soap,Personal Care,7,35.92,57,Saturday,11,Winter,0,7
2024-11-23,P010,Shampoo,Personal Care,8,116.56,33,Saturday,11,Winter,0,7
2024-11-24,P001,Rice,Grocery,30,60.43,147,Sunday,11,Winter,0,5
2024-11-24,P002,Wheat,Grocery,21,44.4,69,Sunday,11,Winter,0,5
2024-11-24,P003,Sugar,Grocery,23,47.79,50,Sunday,11,Winter,0,4
2024-11-24,P004,Cooking Oil,Grocery,13,118.39,54,Sunday,11,Winter,0,6
2024-11-24,P005,Milk,Dairy,40,38.4,147,Sunday,11,Winter,0,2
2024-11-24,P006,Bread,Bakery,26,35.13,154,Sunday,11,Winter,0,2
2024-11-24,P007,Eggs,Dairy,60,6.7,106,Sunday,11,Winter,0,2
2024-11-24,P008,Biscuits,Snacks,28,29.02,82,Sunday,11,Winter,0,4
2024-11-24,P009,Soap,Personal Care,10,35.34,82,Sunday,11,Winter,0,7
2024-11-24,P010,Shampoo,Personal Care,9,124.59,69,Sunday,11,Winter,0,7
2024-11-25,P001,Rice,Grocery,26,60.34,37,Monday,11,Winter,0,5
2024-11-25,P002,Wheat,Grocery,21,44.47,124,Monday,11,Winter,0,5
2024-11-25,P003,Sugar,Grocery,19,50.23,22,Monday,11,Winter,0,4
2024-11-25,P004,Cooking Oil,Grocery,13,114.55,43,Monday,11,Winter,0,6
2024-11-25,P005,Milk,Dairy,32,39.22,41,Monday,11,Winter,0,2
2024-11-25,P006,Bread,Bakery,26,34.74,30,Monday,11,Winter,0,2
2024-11-25,P007,Eggs,Dairy,43,7.25,155,Monday,11,Winter,0,2
2024-11-25,P008,Biscuits,Snacks,21,29.24,82,Monday,11,Winter,0,4
2024-11-25,P009,Soap,Personal Care,9,35.05,46,Monday,11,Winter,0,7
2024-11-25,P010,Shampoo,Personal Care,8,118.18,91,Monday,11,Winter,0,7
2024-11-26,P001,Rice,Grocery,24,60.51,41,Tuesday,11,Winter,0,5
2024-11-26,P002,Wheat,Grocery,14,46.92,94,Tuesday,11,Winter,0,5
2024-11-26,P003,Sugar,Grocery,19,47.65,103,Tuesday,11,Winter,0,4
2024-11-26,P004,Cooking Oil,Grocery,14,125.29,85,Tuesday,11,Winter,0,6
2024-11-26,P005,Milk,Dairy,37,38.2,141,Tuesday,11,Winter,0,2
2024-11-26,P006,Bread,Bakery,30,34.25,74,Tuesday,11,Winter,0,2
2024-11-26,P007,Eggs,Dairy,48,7.11,261,Tuesday,11,Winter,0,2
2024-11-26,P008,Biscuits,Snacks,16,29.54,78,Tuesday,11,Winter,0,4
2024-11-26,P009,Soap,Personal Care,10,33.44,24,Tuesday,11,Winter,0,7
2024-11-26,P010,Shampoo,Personal Care,6,117.14,60,Tuesday,11,Winter,0,7
2024-11-27,P001,Rice,Grocery,21,62.17,67,Wednesday,11,Winter,0,5
2024-11-27,P002,Wheat,Grocery,21,43.09,26,Wednesday,11,Winter,0,5
2024-11-27,P003,Sugar,Grocery,19,50.76,78,Wednesday,11,Winter,0,4
2024-11-27,P004,Cooking Oil,Grocery,9,125.91,21,Wednesday,11,Winter,0,6
2024-11-27,P005,Milk,Dairy,32,39.95,74,Wednesday,11,Winter,0,2
2024-11-27,P006,Bread,Bakery,31,35.43,99,Wednesday,11,Winter,0,2
2024-11-27,P007,Eggs,Dairy,55,6.75,255,Wednesday,11,Winter,0,2
2024-11-27,P008,Biscuits,Snacks,22,29.37,42,Wednesday,11,Winter,0,4
2024-11-27,P009,Soap,Personal Care,9,36.67,97,Wednesday,11,Winter,0,7
2024-11-27,P010,Shampoo,Personal Care,7,123.76,95,Wednesday,11,Winter,0,7
2024-11-28,P001,Rice,Grocery,32,58.92,108,Thursday,11,Winter,0,5
2024-11-28,P002,Wheat,Grocery,18,47.23,24,Thursday,11,Winter,0,5
2024-11-28,P003,Sugar,Grocery,29,51.28,169,Thursday,11,Winter,0,4
2024-11-28,P004,Cooking Oil,Grocery,10,114.36,77,Thursday,11,Winter,0,6
2024-11-28,P005,Milk,Dairy,36,38.5,60,Thursday,11,Winter,0,2
2024-11-28,P006,Bread,Bakery,21,34.05,51,Thursday,11,Winter,0,2
2024-11-28,P007,Eggs,Dairy,49,7.21,115,Thursday,11,Winter,0,2
2024-11-28,P008,Biscuits,Snacks,20,28.83,39,Thursday,11,Winter,0,4
2024-11-28,P009,Soap,Personal Care,9,35.28,92,Thursday,11,Winter,0,7
2024-11-28,P010,Shampoo,Personal Care,7,124.76,51,Thursday,11,Winter,0,7
2024-11-29,P001,Rice,Grocery,23,61.99,111,Friday,11,Winter,0,5
2024-11-29,P002,Wheat,Grocery,17,43.06,74,Friday,11,Winter,0,5
2024-11-29,P003,Sugar,Grocery,21,51.84,88,Friday,11,Winter,0,4
2024-11-29,P004,Cooking Oil,Grocery,11,121.73,93,Friday,11,Winter,0,6
2024-11-29,P005,Milk,Dairy,40,38.39,198,Friday,11,Winter,0,2
2024-11-29,P006,Bread,Bakery,33,36.54,63,Friday,11,Winter,0,2
2024-11-29,P007,Eggs,Dairy,38,7.22,121,Friday,11,Winter,0,2
2024-11-29,P008,Biscuits,Snacks,21,28.59,95,Friday,11,Winter,0,4
2024-11-29,P009,Soap,Personal Care,10,36.66,67,Friday,11,Winter,0,7
2024-11-29,P010,Shampoo,Personal Care,5,123.83,91,Friday,11,Winter,0,7
2024-11-30,P001,Rice,Grocery,32,61.32,52,Saturday,11,Winter,0,5
2024-11-30,P002,Wheat,Grocery,18,44.7,99,Saturday,11,Winter,0,5
2024-11-30,P003,Sugar,Grocery,28,50.56,165,Saturday,11,Winter,0,4
2024-11-30,P004,Cooking Oil,Grocery,15,118.4,89,Saturday,11,Winter,0,6
2024-11-30,P005,Milk,Dairy,42,38.06,242,Saturday,11,Winter,0,2
2024-11-30,P006,Bread,Bakery,26,34.86,43,Saturday,11,Winter,0,2
2024-11-30,P007,Eggs,Dairy,43,6.72,111,Saturday,11,Winter,0,2
2024-11-30,P008,Biscuits,Snacks,20,29.02,47,Saturday,11,Winter,0,4
2024-11-30,P009,Soap,Personal Care,7,34.69,99,Saturday,11,Winter,0,7
2024-11-30,P010,Shampoo,Personal Care,8,122.61,60,Saturday,11,Winter,0,7
2024-12-01,P001,Rice,Grocery,28,59.65,163,Sunday,12,Winter,0,5
2024-12-01,P002,Wheat,Grocery,26,45.56,69,Sunday,12,Winter,0,5
2024-12-01,P003,Sugar,Grocery,21,47.69,92,Sunday,12,Winter,0,4
2024-12-01,P004,Cooking Oil,Grocery,12,121.68,23,Sunday,12,Winter,0,6
2024-12-01,P005,Milk,Dairy,47,39.23,95,Sunday,12,Winter,0,2
2024-12-01,P006,Bread,Bakery,23,33.51,118,Sunday,12,Winter,0,2
2024-12-01,P007,Eggs,Dairy,43,7.2,176,Sunday,12,Winter,0,2
2024-12-01,P008,Biscuits,Snacks,23,31.46,83,Sunday,12,Winter,0,4
2024-12-01,P009,Soap,Personal Care,10,35.26,44,Sunday,12,Winter,0,7
2024-12-01,P010,Shampoo,Personal Care,7,124.42,87,Sunday,12,Winter,0,7
2024-12-02,P001,Rice,Grocery,24,61.86,98,Monday,12,Winter,0,5
2024-12-02,P002,Wheat,Grocery,21,45.67,55,Monday,12,Winter,0,5
2024-12-02,P003,Sugar,Grocery,23,51.49,56,Monday,12,Winter,0,4
2024-12-02,P004,Cooking Oil,Grocery,10,119.08,60,Monday,12,Winter,0,6
2024-12-02,P005,Milk,Dairy,43,38.23,193,Monday,12,Winter,0,2
2024-12-02,P006,Bread,Bakery,27,34.04,120,Monday,12,Winter,0,2
2024-12-02,P007,Eggs,Dairy,57,6.75,114,Monday,12,Winter,0,2
2024-12-02,P008,Biscuits,Snacks,21,29.65,112,Monday,12,Winter,0,4
2024-12-02,P009,Soap,Personal Care,9,34.42,43,Monday,12,Winter,0,7
2024-12-02,P010,Shampoo,Personal Care,7,125.37,64,Monday,12,Winter,0,7
2024-12-03,P001,Rice,Grocery,26,59.86,100,Tuesday,12,Winter,0,5
2024-12-03,P002,Wheat,Grocery,20,44.54,79,Tuesday,12,Winter,0,5
2024-12-03,P003,Sugar,Grocery,18,51.3,61,Tuesday,12,Winter,0,4
2024-12-03,P004,Cooking Oil,Grocery,12,121.03,72,Tuesday,12,Winter,0,6
2024-12-03,P005,Milk,Dairy,34,40.79,111,Tuesday,12,Winter,0,2
2024-12-03,P006,Bread,Bakery,33,33.91,60,Tuesday,12,Winter,0,2
2024-12-03,P007,Eggs,Dairy,44,7.12,252,Tuesday,12,Winter,0,2
2024-12-03,P008,Biscuits,Snacks,24,30.54,81,Tuesday,12,Winter,0,4
2024-12-03,P009,Soap,Personal Care,10,34.91,59,Tuesday,12,Winter,0,7
2024-12-03,P010,Shampoo,Personal Care,6,116.44,57,Tuesday,12,Winter,0,7
2024-12-04,P001,Rice,Grocery,23,58.44,48,Wednesday,12,Winter,0,5
2024-12-04,P002,Wheat,Grocery,21,43.16,101,Wednesday,12,Winter,0,5
2024-12-04,P003,Sugar,Grocery,20,48.4,53,Wednesday,12,Winter,0,4
2024-12-04,P004,Cooking Oil,Grocery,12,115.87,98,Wednesday,12,Winter,0,6
2024-12-04,P005,Milk,Dairy,32,41.6,106,Wednesday,12,Winter,0,2
2024-12-04,P006,Bread,Bakery,28,35.48,69,Wednesday,12,Winter,0,2
2024-12-04,P007,Eggs,Dairy,41,6.73,57,Wednesday,12,Winter,0,2
2024-12-04,P008,Biscuits,Snacks,24,29.68,44,Wednesday,12,Winter,0,4
2024-12-04,P009,Soap,Personal Care,9,33.8,55,Wednesday,12,Winter,0,7
2024-12-04,P010,Shampoo,Personal Care,8,124.49,88,Wednesday,12,Winter,0,7
2024-12-05,P001,Rice,Grocery,20,62.98,109,Thursday,12,Winter,0,5
2024-12-05,P002,Wheat,Grocery,17,45.0,64,Thursday,12,Winter,0,5
2024-12-05,P003,Sugar,Grocery,19,49.36,107,Thursday,12,Winter,0,4
2024-12-05,P004,Cooking Oil,Grocery,9,115.08,22,Thursday,12,Winter,0,6
2024-12-05,P005,Milk,Dairy,36,38.04,69,Thursday,12,Winter,0,2
2024-12-05,P006,Bread,Bakery,29,35.38,91,Thursday,12,Winter,0,2
2024-12-05,P007,Eggs,Dairy,36,7.22,120,Thursday,12,Winter,0,2
2024-12-05,P008,Biscuits,Snacks,23,31.18,112,Thursday,12,Winter,0,4
2024-12-05,P009,Soap,Personal Care,8,36.74,71,Thursday,12,Winter,0,7
2024-12-05,P010,Shampoo,Personal Care,6,115.76,25,Thursday,12,Winter,0,7
2024-12-06,P001,Rice,Grocery,19,59.07,91,Friday,12,Winter,0,5
2024-12-06,P002,Wheat,Grocery,18,46.83,72,Friday,12,Winter,0,5
2024-12-06,P003,Sugar,Grocery,17,51.59,87,Friday,12,Winter,0,4
2024-12-06,P004,Cooking Oil,Grocery,9,123.99,99,Friday,12,Winter,0,6
2024-12-06,P005,Milk,Dairy,38,41.29,130,Friday,12,Winter,0,2
2024-12-06,P006,Bread,Bakery,22,35.01,100,Friday,12,Winter,0,2
2024-12-06,P007,Eggs,Dairy,39,6.75,84,Friday,12,Winter,0,2
2024-12-06,P008,Biscuits,Snacks,25,30.05,57,Friday,12,Winter,0,4
2024-12-06,P009,Soap,Personal Care,11,34.04,68,Friday,12,Winter,0,7
2024-12-06,P010,Shampoo,Personal Care,7,119.62,30,Friday,12,Winter,0,7
2024-12-07,P001,Rice,Grocery,24,57.11,48,Saturday,12,Winter,0,5
2024-12-07,P002,Wheat,Grocery,13,43.24,52,Saturday,12,Winter,0,5
2024-12-07,P003,Sugar,Grocery,20,51.26,85,Saturday,12,Winter,0,4
2024-12-07,P004,Cooking Oil,Grocery,13,120.42,20,Saturday,12,Winter,0,6
2024-12-07,P005,Milk,Dairy,33,39.82,155,Saturday,12,Winter,0,2
2024-12-07,P006,Bread,Bakery,28,36.64,64,Saturday,12,Winter,0,2
2024-12-07,P007,Eggs,Dairy,64,7.22,90,Saturday,12,Winter,0,2
2024-12-07,P008,Biscuits,Snacks,18,29.33,87,Saturday,12,Winter,0,4
2024-12-07,P009,Soap,Personal Care,15,36.55,64,Saturday,12,Winter,0,7
2024-12-07,P010,Shampoo,Personal Care,9,116.58,67,Saturday,12,Winter,0,7
2024-12-08,P001,Rice,Grocery,28,62.18,44,Sunday,12,Winter,0,5
2024-12-08,P002,Wheat,Grocery,16,45.71,89,Sunday,12,Winter,0,5
2024-12-08,P003,Sugar,Grocery,25,51.71,117,Sunday,12,Winter,0,4
2024-12-08,P004,Cooking Oil,Grocery,14,116.48,90,Sunday,12,Winter,0,6
2024-12-08,P005,Milk,Dairy,47,39.0,48,Sunday,12,Winter,0,2
2024-12-08,P006,Bread,Bakery,38,34.63,115,Sunday,12,Winter,0,2
2024-12-08,P007,Eggs,Dairy,43,7.07,131,Sunday,12,Winter,0,2
2024-12-08,P008,Biscuits,Snacks,27,29.54,68,Sunday,12,Winter,0,4
2024-12-08,P009,Soap,Personal Care,12,33.28,34,Sunday,12,Winter,0,7
2024-12-08,P010,Shampoo,Personal Care,8,124.75,60,Sunday,12,Winter,0,7
2024-12-09,P001,Rice,Grocery,20,58.25,54,Monday,12,Winter,0,5
2024-12-09,P002,Wheat,Grocery,17,42.93,29,Monday,12,Winter,0,5
2024-12-09,P003,Sugar,Grocery,22,49.25,63,Monday,12,Winter,0,4
2024-12-09,P004,Cooking Oil,Grocery,8,115.25,64,Monday,12,Winter,0,6
2024-12-09,P005,Milk,Dairy,27,40.77,161,Monday,12,Winter,0,2
2024-12-09,P006,Bread,Bakery,29,35.0,162,Monday,12,Winter,0,2
2024-12-09,P007,Eggs,Dairy,52,7.18,76,Monday,12,Winter,0,2
2024-12-09,P008,Biscuits,Snacks,25,29.16,70,Monday,12,Winter,0,4
2024-12-09,P009,Soap,Personal Care,11,34.19,92,Monday,12,Winter,0,7
2024-12-09,P010,Shampoo,Personal Care,8,119.43,73,Monday,12,Winter,0,7
2024-12-10,P001,Rice,Grocery,27,58.22,123,Tuesday,12,Winter,0,5
2024-12-10,P002,Wheat,Grocery,16,44.34,81,Tuesday,12,Winter,0,5
2024-12-10,P003,Sugar,Grocery,21,49.55,35,Tuesday,12,Winter,0,4
2024-12-10,P004,Cooking Oil,Grocery,11,117.04,75,Tuesday,12,Winter,0,6
2024-12-10,P005,Milk,Dairy,32,40.3,169,Tuesday,12,Winter,0,2
2024-12-10,P006,Bread,Bakery,30,36.65,66,Tuesday,12,Winter,0,2
2024-12-10,P007,Eggs,Dairy,38,6.94,189,Tuesday,12,Winter,0,2
2024-12-10,P008,Biscuits,Snacks,24,30.37,105,Tuesday,12,Winter,0,4
2024-12-10,P009,Soap,Personal Care,6,36.66,73,Tuesday,12,Winter,0,7
2024-12-10,P010,Shampoo,Personal Care,7,124.82,53,Tuesday,12,Winter,0,7
2024-12-11,P001,Rice,Grocery,27,58.72,64,Wednesday,12,Winter,0,5
2024-12-11,P002,Wheat,Grocery,20,45.34,33,Wednesday,12,Winter,0,5
2024-12-11,P003,Sugar,Grocery,18,51.58,54,Wednesday,12,Winter,0,4
2024-12-11,P004,Cooking Oil,Grocery,11,114.55,41,Wednesday,12,Winter,0,6
2024-12-11,P005,Milk,Dairy,32,40.66,137,Wednesday,12,Winter,0,2
2024-12-11,P006,Bread,Bakery,25,33.36,124,Wednesday,12,Winter,0,2
2024-12-11,P007,Eggs,Dairy,39,7.16,111,Wednesday,12,Winter,0,2
2024-12-11,P008,Biscuits,Snacks,20,28.71,42,Wednesday,12,Winter,0,4
2024-12-11,P009,Soap,Personal Care,8,35.03,20,Wednesday,12,Winter,0,7
2024-12-11,P010,Shampoo,Personal Care,8,115.36,99,Wednesday,12,Winter,0,7
2024-12-12,P001,Rice,Grocery,24,60.18,111,Thursday,12,Winter,0,5
2024-12-12,P002,Wheat,Grocery,13,44.3,85,Thursday,12,Winter,0,5
2024-12-12,P003,Sugar,Grocery,16,48.07,99,Thursday,12,Winter,0,4
2024-12-12,P004,Cooking Oil,Grocery,13,116.56,26,Thursday,12,Winter,0,6
2024-12-12,P005,Milk,Dairy,36,38.22,165,Thursday,12,Winter,0,2
2024-12-12,P006,Bread,Bakery,31,34.26,170,Thursday,12,Winter,0,2
2024-12-12,P007,Eggs,Dairy,40,6.88,157,Thursday,12,Winter,0,2
2024-12-12,P008,Biscuits,Snacks,21,29.46,118,Thursday,12,Winter,0,4
2024-12-12,P009,Soap,Personal Care,11,33.51,68,Thursday,12,Winter,0,7
2024-12-12,P010,Shampoo,Personal Care,6,119.35,55,Thursday,12,Winter,0,7
2024-12-13,P001,Rice,Grocery,24,61.45,104,Friday,12,Winter,0,5
2024-12-13,P002,Wheat,Grocery,13,46.2,41,Friday,12,Winter,0,5
2024-12-13,P003,Sugar,Grocery,20,48.84,111,Friday,12,Winter,0,4
2024-12-13,P004,Cooking Oil,Grocery,13,123.08,39,Friday,12,Winter,0,6
2024-12-13,P005,Milk,Dairy,32,39.69,62,Friday,12,Winter,0,2
2024-12-13,P006,Bread,Bakery,33,35.07,65,Friday,12,Winter,0,2
2024-12-13,P007,Eggs,Dairy,42,6.83,153,Friday,12,Winter,0,2
2024-12-13,P008,Biscuits,Snacks,18,30.86,107,Friday,12,Winter,0,4
2024-12-13,P009,Soap,Personal Care,8,36.37,89,Friday,12,Winter,0,7
2024-12-13,P010,Shampoo,Personal Care,7,124.1,22,Friday,12,Winter,0,7
2024-12-14,P001,Rice,Grocery,29,60.67,154,Saturday,12,Winter,0,5
2024-12-14,P002,Wheat,Grocery,24,43.4,117,Saturday,12,Winter,0,5
2024-12-14,P003,Sugar,Grocery,18,50.46,72,Saturday,12,Winter,0,4
2024-12-14,P004,Cooking Oil,Grocery,12,120.79,38,Saturday,12,Winter,0,6
2024-12-14,P005,Milk,Dairy,40,38.66,60,Saturday,12,Winter,0,2
2024-12-14,P006,Bread,Bakery,36,36.48,131,Saturday,12,Winter,0,2
2024-12-14,P007,Eggs,Dairy,61,7.28,99,Saturday,12,Winter,0,2
2024-12-14,P008,Biscuits,Snacks,27,28.76,123,Saturday,12,Winter,0,4
2024-12-14,P009,Soap,Personal Care,11,33.3,81,Saturday,12,Winter,0,7
2024-12-14,P010,Shampoo,Personal Care,8,122.43,79,Saturday,12,Winter,0,7
2024-12-15,P001,Rice,Grocery,28,57.62,41,Sunday,12,Winter,0,5
2024-12-15,P002,Wheat,Grocery,16,46.31,75,Sunday,12,Winter,0,5
2024-12-15,P003,Sugar,Grocery,24,51.09,124,Sunday,12,Winter,0,4
2024-12-15,P004,Cooking Oil,Grocery,12,117.98,42,Sunday,12,Winter,0,6
2024-12-15,P005,Milk,Dairy,37,38.24,78,Sunday,12,Winter,0,2
2024-12-15,P006,Bread,Bakery,39,36.54,218,Sunday,12,Winter,0,2
2024-12-15,P007,Eggs,Dairy,60,6.99,63,Sunday,12,Winter,0,2
2024-12-15,P008,Biscuits,Snacks,27,29.01,84,Sunday,12,Winter,0,4
2024-12-15,P009,Soap,Personal Care,10,34.23,34,Sunday,12,Winter,0,7
2024-12-15,P010,Shampoo,Personal Care,7,124.73,49,Sunday,12,Winter,0,7
2024-12-16,P001,Rice,Grocery,35,60.58,174,Monday,12,Winter,0,5
2024-12-16,P002,Wheat,Grocery,18,44.62,66,Monday,12,Winter,0,5
2024-12-16,P003,Sugar,Grocery,21,50.89,52,Monday,12,Winter,0,4
2024-12-16,P004,Cooking Oil,Grocery,13,122.66,53,Monday,12,Winter,0,6
2024-12-16,P005,Milk,Dairy,38,38.29,58,Monday,12,Winter,0,2
2024-12-16,P006,Bread,Bakery,30,36.66,150,Monday,12,Winter,0,2
2024-12-16,P007,Eggs,Dairy,62,7.09,356,Monday,12,Winter,0,2
2024-12-16,P008,Biscuits,Snacks,17,30.7,56,Monday,12,Winter,0,4
2024-12-16,P009,Soap,Personal Care,9,33.96,75,Monday,12,Winter,0,7
2024-12-16,P010,Shampoo,Personal Care,7,122.58,91,Monday,12,Winter,0,7
2024-12-17,P001,Rice,Grocery,26,61.96,119,Tuesday,12,Winter,0,5
2024-12-17,P002,Wheat,Grocery,23,45.22,113,Tuesday,12,Winter,0,5
2024-12-17,P003,Sugar,Grocery,20,52.18,72,Tuesday,12,Winter,0,4
2024-12-17,P004,Cooking Oil,Grocery,13,123.75,78,Tuesday,12,Winter,0,6
2024-12-17,P005,Milk,Dairy,36,39.63,65,Tuesday,12,Winter,0,2
2024-12-17,P006,Bread,Bakery,35,34.29,84,Tuesday,12,Winter,0,2
2024-12-17,P007,Eggs,Dairy,37,6.72,203,Tuesday,12,Winter,0,2
2024-12-17,P008,Biscuits,Snacks,24,28.9,24,Tuesday,12,Winter,0,4
2024-12-17,P009,Soap,Personal Care,10,33.74,72,Tuesday,12,Winter,0,7
2024-12-17,P010,Shampoo,Personal Care,6,120.47,31,Tuesday,12,Winter,0,7
2024-12-18,P001,Rice,Grocery,20,57.48,25,Wednesday,12,Winter,0,5
2024-12-18,P002,Wheat,Grocery,20,44.18,120,Wednesday,12,Winter,0,5
2024-12-18,P003,Sugar,Grocery,15,51.19,29,Wednesday,12,Winter,0,4
2024-12-18,P004,Cooking Oil,Grocery,10,120.51,81,Wednesday,12,Winter,0,6
2024-12-18,P005,Milk,Dairy,34,39.02,82,Wednesday,12,Winter,0,2
2024-12-18,P006,Bread,Bakery,29,36.44,101,Wednesday,12,Winter,0,2
2024-12-18,P007,Eggs,Dairy,46,6.86,47,Wednesday,12,Winter,0,2
2024-12-18,P008,Biscuits,Snacks,21,30.51,122,Wednesday,12,Winter,0,4
2024-12-18,P009,Soap,Personal Care,9,36.53,96,Wednesday,12,Winter,0,7
2024-12-18,P010,Shampoo,Personal Care,5,117.57,35,Wednesday,12,Winter,0,7
2024-12-19,P001,Rice,Grocery,29,58.06,55,Thursday,12,Winter,0,5
2024-12-19,P002,Wheat,Grocery,16,42.78,89,Thursday,12,Winter,0,5
2024-12-19,P003,Sugar,Grocery,19,49.29,24,Thursday,12,Winter,0,4
2024-12-19,P004,Cooking Oil,Grocery,11,116.25,66,Thursday,12,Winter,0,6
2024-12-19,P005,Milk,Dairy,36,39.04,131,Thursday,12,Winter,0,2
2024-12-19,P006,Bread,Bakery,33,36.5,103,Thursday,12,Winter,0,2
2024-12-19,P007,Eggs,Dairy,51,6.78,225,Thursday,12,Winter,0,2
2024-12-19,P008,Biscuits,Snacks,19,29.1,29,Thursday,12,Winter,0,4
2024-12-19,P009,Soap,Personal Care,8,35.23,46,Thursday,12,Winter,0,7
2024-12-19,P010,Shampoo,Personal Care,7,124.72,37,Thursday,12,Winter,0,7
2024-12-20,P001,Rice,Grocery,24,60.46,54,Friday,12,Winter,0,5
2024-12-20,P002,Wheat,Grocery,20,45.84,34,Friday,12,Winter,0,5
2024-12-20,P003,Sugar,Grocery,18,51.39,67,Friday,12,Winter,0,4
2024-12-20,P004,Cooking Oil,Grocery,10,119.86,49,Friday,12,Winter,0,6
2024-12-20,P005,Milk,Dairy,27,41.5,87,Friday,12,Winter,0,2
2024-12-20,P006,Bread,Bakery,29,36.24,150,Friday,12,Winter,0,2
2024-12-20,P007,Eggs,Dairy,44,6.93,245,Friday,12,Winter,0,2
2024-12-20,P008,Biscuits,Snacks,24,30.02,40,Friday,12,Winter,0,4
2024-12-20,P009,Soap,Personal Care,11,34.47,75,Friday,12,Winter,0,7
2024-12-20,P010,Shampoo,Personal Care,6,116.31,44,Friday,12,Winter,0,7
2024-12-21,P001,Rice,Grocery,22,59.08,103,Saturday,12,Winter,0,5
2024-12-21,P002,Wheat,Grocery,22,43.76,50,Saturday,12,Winter,0,5
2024-12-21,P003,Sugar,Grocery,17,51.71,26,Saturday,12,Winter,0,4
2024-12-21,P004,Cooking Oil,Grocery,16,117.97,72,Saturday,12,Winter,0,6
2024-12-21,P005,Milk,Dairy,37,40.51,106,Saturday,12,Winter,0,2
2024-12-21,P006,Bread,Bakery,29,35.8,30,Saturday,12,Winter,0,2
2024-12-21,P007,Eggs,Dairy,53,7.25,234,Saturday,12,Winter,0,2
2024-12-21,P008,Biscuits,Snacks,31,30.99,63,Saturday,12,Winter,0,4
2024-12-21,P009,Soap,Personal Care,11,34.93,75,Saturday,12,Winter,0,7
2024-12-21,P010,Shampoo,Personal Care,10,116.88,65,Saturday,12,Winter,0,7
2024-12-22,P001,Rice,Grocery,25,61.93,83,Sunday,12,Winter,0,5
2024-12-22,P002,Wheat,Grocery,19,44.8,95,Sunday,12,Winter,0,5
2024-12-22,P003,Sugar,Grocery,19,48.05,99,Sunday,12,Winter,0,4
2024-12-22,P004,Cooking Oil,Grocery,14,124.63,50,Sunday,12,Winter,0,6
2024-12-22,P005,Milk,Dairy,44,40.44,245,Sunday,12,Winter,0,2
2024-12-22,P006,Bread,Bakery,35,34.81,53,Sunday,12,Winter,0,2
2024-12-22,P007,Eggs,Dairy,51,7.33,281,Sunday,12,Winter,0,2
2024-12-22,P008,Biscuits,Snacks,18,29.42,84,Sunday,12,Winter,0,4
2024-12-22,P009,Soap,Personal Care,11,34.11,39,Sunday,12,Winter,0,7
2024-12-22,P010,Shampoo,Personal Care,8,120.46,85,Sunday,12,Winter,0,7
2024-12-23,P001,Rice,Grocery,26,57.87,131,Monday,12,Winter,0,5
2024-12-23,P002,Wheat,Grocery,12,46.51,29,Monday,12,Winter,0,5
2024-12-23,P003,Sugar,Grocery,15,47.51,22,Monday,12,Winter,0,4
2024-12-23,P004,Cooking Oil,Grocery,10,119.41,22,Monday,12,Winter,0,6
2024-12-23,P005,Milk,Dairy,40,38.15,198,Monday,12,Winter,0,2
2024-12-23,P006,Bread,Bakery,24,35.47,46,Monday,12,Winter,0,2
2024-12-23,P007,Eggs,Dairy,45,6.87,170,Monday,12,Winter,0,2
2024-12-23,P008,Biscuits,Snacks,20,30.71,100,Monday,12,Winter,0,4
2024-12-23,P009,Soap,Personal Care,8,35.6,33,Monday,12,Winter,0,7
2024-12-23,P010,Shampoo,Personal Care,8,118.99,96,Monday,12,Winter,0,7
2024-12-24,P001,Rice,Grocery,25,62.08,62,Tuesday,12,Winter,0,5
2024-12-24,P002,Wheat,Grocery,22,45.84,130,Tuesday,12,Winter,0,5
2024-12-24,P003,Sugar,Grocery,24,51.02,63,Tuesday,12,Winter,0,4
2024-12-24,P004,Cooking Oil,Grocery,14,118.15,44,Tuesday,12,Winter,0,6
2024-12-24,P005,Milk,Dairy,33,38.16,106,Tuesday,12,Winter,0,2
2024-12-24,P006,Bread,Bakery,22,35.08,69,Tuesday,12,Winter,0,2
2024-12-24,P007,Eggs,Dairy,57,7.33,182,Tuesday,12,Winter,0,2
2024-12-24,P008,Biscuits,Snacks,24,31.06,122,Tuesday,12,Winter,0,4
2024-12-24,P009,Soap,Personal Care,9,34.57,55,Tuesday,12,Winter,0,7
2024-12-24,P010,Shampoo,Personal Care,6,122.37,25,Tuesday,12,Winter,0,7
2024-12-25,P001,Rice,Grocery,33,60.52,198,Wednesday,12,Winter,1,5
2024-12-25,P002,Wheat,Grocery,21,43.18,81,Wednesday,12,Winter,1,5
2024-12-25,P003,Sugar,Grocery,34,48.28,167,Wednesday,12,Winter,1,4
2024-12-25,P004,Cooking Oil,Grocery,16,124.38,31,Wednesday,12,Winter,1,6
2024-12-25,P005,Milk,Dairy,40,41.19,78,Wednesday,12,Winter,1,2
2024-12-25,P006,Bread,Bakery,43,34.34,110,Wednesday,12,Winter,1,2
2024-12-25,P007,Eggs,Dairy,48,6.89,87,Wednesday,12,Winter,1,2
2024-12-25,P008,Biscuits,Snacks,36,29.6,96,Wednesday,12,Winter,1,4
2024-12-25,P009,Soap,Personal Care,14,36.43,65,Wednesday,12,Winter,1,7
2024-12-25,P010,Shampoo,Personal Care,8,121.13,34,Wednesday,12,Winter,1,7
2024-12-26,P001,Rice,Grocery,23,59.86,69,Thursday,12,Winter,0,5
2024-12-26,P002,Wheat,Grocery,14,45.36,79,Thursday,12,Winter,0,5
2024-12-26,P003,Sugar,Grocery,21,50.07,89,Thursday,12,Winter,0,4
2024-12-26,P004,Cooking Oil,Grocery,10,119.69,62,Thursday,12,Winter,0,6
2024-12-26,P005,Milk,Dairy,31,40.35,165,Thursday,12,Winter,0,2
2024-12-26,P006,Bread,Bakery,17,36.32,43,Thursday,12,Winter,0,2
2024-12-26,P007,Eggs,Dairy,49,6.76,234,Thursday,12,Winter,0,2
2024-12-26,P008,Biscuits,Snacks,25,30.84,145,Thursday,12,Winter,0,4
2024-12-26,P009,Soap,Personal Care,10,36.42,92,Thursday,12,Winter,0,7
2024-12-26,P010,Shampoo,Personal Care,6,125.13,57,Thursday,12,Winter,0,7
2024-12-27,P001,Rice,Grocery,21,61.59,39,Friday,12,Winter,0,5
2024-12-27,P002,Wheat,Grocery,23,42.8,106,Friday,12,Winter,0,5
2024-12-27,P003,Sugar,Grocery,20,49.29,80,Friday,12,Winter,0,4
2024-12-27,P004,Cooking Oil,Grocery,14,118.78,26,Friday,12,Winter,0,6
2024-12-27,P005,Milk,Dairy,37,40.5,143,Friday,12,Winter,0,2
2024-12-27,P006,Bread,Bakery,32,33.46,182,Friday,12,Winter,0,2
2024-12-27,P007,Eggs,Dairy,49,6.86,81,Friday,12,Winter,0,2
2024-12-27,P008,Biscuits,Snacks,22,30.68,35,Friday,12,Winter,0,4
2024-12-27,P009,Soap,Personal Care,9,33.67,50,Friday,12,Winter,0,7
2024-12-27,P010,Shampoo,Personal Care,7,118.12,57,Friday,12,Winter,0,7
2024-12-28,P001,Rice,Grocery,24,62.69,119,Saturday,12,Winter,0,5
2024-12-28,P002,Wheat,Grocery,22,47.23,27,Saturday,12,Winter,0,5
2024-12-28,P003,Sugar,Grocery,28,50.12,156,Saturday,12,Winter,0,4
2024-12-28,P004,Cooking Oil,Grocery,12,116.99,41,Saturday,12,Winter,0,6
2024-12-28,P005,Milk,Dairy,40,39.85,181,Saturday,12,Winter,0,2
2024-12-28,P006,Bread,Bakery,39,33.25,140,Saturday,12,Winter,0,2
2024-12-28,P007,Eggs,Dairy,58,7.17,148,Saturday,12,Winter,0,2
2024-12-28,P008,Biscuits,Snacks,24,30.68,43,Saturday,12,Winter,0,4
2024-12-28,P009,Soap,Personal Care,11,35.76,43,Saturday,12,Winter,0,7
2024-12-28,P010,Shampoo,Personal Care,9,123.09,37,Saturday,12,Winter,0,7
2024-12-29,P001,Rice,Grocery,30,61.95,161,Sunday,12,Winter,0,5
2024-12-29,P002,Wheat,Grocery,19,46.43,36,Sunday,12,Winter,0,5
2024-12-29,P003,Sugar,Grocery,21,49.81,72,Sunday,12,Winter,0,4
2024-12-29,P004,Cooking Oil,Grocery,12,121.46,72,Sunday,12,Winter,0,6
2024-12-29,P005,Milk,Dairy,36,38.81,177,Sunday,12,Winter,0,2
2024-12-29,P006,Bread,Bakery,33,34.69,148,Sunday,12,Winter,0,2
2024-12-29,P007,Eggs,Dairy,63,6.84,374,Sunday,12,Winter,0,2
2024-12-29,P008,Biscuits,Snacks,35,29.85,60,Sunday,12,Winter,0,4
2024-12-29,P009,Soap,Personal Care,11,35.14,68,Sunday,12,Winter,0,7
2024-12-29,P010,Shampoo,Personal Care,7,120.15,67,Sunday,12,Winter,0,7
2024-12-30,P001,Rice,Grocery,22,57.66,93,Monday,12,Winter,0,5
2024-12-30,P002,Wheat,Grocery,18,45.59,51,Monday,12,Winter,0,5
2024-12-30,P003,Sugar,Grocery,23,50.86,129,Monday,12,Winter,0,4
2024-12-30,P004,Cooking Oil,Grocery,11,119.33,91,Monday,12,Winter,0,6
2024-12-30,P005,Milk,Dairy,40,41.05,181,Monday,12,Winter,0,2
2024-12-30,P006,Bread,Bakery,22,36.53,129,Monday,12,Winter,0,2
2024-12-30,P007,Eggs,Dairy,40,7.01,71,Monday,12,Winter,0,2
2024-12-30,P008,Biscuits,Snacks,24,30.96,38,Monday,12,Winter,0,4
2024-12-30,P009,Soap,Personal Care,10,33.99,58,Monday,12,Winter,0,7
2024-12-30,P010,Shampoo,Personal Care,6,115.18,71,Monday,12,Winter,0,7
2024-12-31,P001,Rice,Grocery,22,60.44,78,Tuesday,12,Winter,0,5
2024-12-31,P002,Wheat,Grocery,17,44.57,95,Tuesday,12,Winter,0,5
2024-12-31,P003,Sugar,Grocery,16,49.14,76,Tuesday,12,Winter,0,4
2024-12-31,P004,Cooking Oil,Grocery,10,120.43,64,Tuesday,12,Winter,0,6
2024-12-31,P005,Milk,Dairy,27,39.45,153,Tuesday,12,Winter,0,2
2024-12-31,P006,Bread,Bakery,32,35.88,119,Tuesday,12,Winter,0,2
2024-12-31,P007,Eggs,Dairy,53,6.8,76,Tuesday,12,Winter,0,2
2024-12-31,P008,Biscuits,Snacks,18,29.02,39,Tuesday,12,Winter,0,4
2024-12-31,P009,Soap,Personal Care,10,36.04,91,Tuesday,12,Winter,0,7
2024-12-31,P010,Shampoo,Personal Care,7,115.95,22,Tuesday,12,Winter,0,7
2025-01-01,P001,Rice,Grocery,32,60.41,191,Wednesday,1,Winter,1,5
2025-01-01,P002,Wheat,Grocery,21,46.99,46,Wednesday,1,Winter,1,5
2025-01-01,P003,Sugar,Grocery,26,49.3,104,Wednesday,1,Winter,1,4
2025-01-01,P004,Cooking Oil,Grocery,19,114.11,24,Wednesday,1,Winter,1,6
2025-01-01,P005,Milk,Dairy,50,39.69,180,Wednesday,1,Winter,1,2
2025-01-01,P006,Bread,Bakery,44,33.73,117,Wednesday,1,Winter,1,2
2025-01-01,P007,Eggs,Dairy,73,7.25,272,Wednesday,1,Winter,1,2
2025-01-01,P008,Biscuits,Snacks,35,31.33,172,Wednesday,1,Winter,1,4
2025-01-01,P009,Soap,Personal Care,12,36.43,41,Wednesday,1,Winter,1,7
2025-01-01,P010,Shampoo,Personal Care,9,118.18,28,Wednesday,1,Winter,1,7
2025-01-02,P001,Rice,Grocery,24,60.35,125,Thursday,1,Winter,0,5
2025-01-02,P002,Wheat,Grocery,16,46.14,41,Thursday,1,Winter,0,5
2025-01-02,P003,Sugar,Grocery,23,48.33,116,Thursday,1,Winter,0,4
2025-01-02,P004,Cooking Oil,Grocery,13,125.49,45,Thursday,1,Winter,0,6
2025-01-02,P005,Milk,Dairy,41,38.74,147,Thursday,1,Winter,0,2
2025-01-02,P006,Bread,Bakery,21,36.08,82,Thursday,1,Winter,0,2
2025-01-02,P007,Eggs,Dairy,34,7.16,203,Thursday,1,Winter,0,2
2025-01-02,P008,Biscuits,Snacks,21,29.34,114,Thursday,1,Winter,0,4
2025-01-02,P009,Soap,Personal Care,9,34.83,74,Thursday,1,Winter,0,7
2025-01-02,P010,Shampoo,Personal Care,7,116.62,52,Thursday,1,Winter,0,7
2025-01-03,P001,Rice,Grocery,28,58.64,92,Friday,1,Winter,0,5
2025-01-03,P002,Wheat,Grocery,14,44.04,38,Friday,1,Winter,0,5
2025-01-03,P003,Sugar,Grocery,20,49.23,69,Friday,1,Winter,0,4
2025-01-03,P004,Cooking Oil,Grocery,12,125.11,57,Friday,1,Winter,0,6
2025-01-03,P005,Milk,Dairy,38,38.14,47,Friday,1,Winter,0,2
2025-01-03,P006,Bread,Bakery,28,34.03,92,Friday,1,Winter,0,2
2025-01-03,P007,Eggs,Dairy,46,7.13,106,Friday,1,Winter,0,2
2025-01-03,P008,Biscuits,Snacks,21,29.97,119,Friday,1,Winter,0,4
2025-01-03,P009,Soap,Personal Care,9,36.37,75,Friday,1,Winter,0,7
2025-01-03,P010,Shampoo,Personal Care,8,124.87,75,Friday,1,Winter,0,7
2025-01-04,P001,Rice,Grocery,27,61.17,95,Saturday,1,Winter,0,5
2025-01-04,P002,Wheat,Grocery,18,43.93,41,Saturday,1,Winter,0,5
2025-01-04,P003,Sugar,Grocery,23,48.81,23,Saturday,1,Winter,0,4
2025-01-04,P004,Cooking Oil,Grocery,11,120.88,65,Saturday,1,Winter,0,6
2025-01-04,P005,Milk,Dairy,39,41.24,110,Saturday,1,Winter,0,2
2025-01-04,P006,Bread,Bakery,39,34.72,88,Saturday,1,Winter,0,2
2025-01-04,P007,Eggs,Dairy,67,6.73,111,Saturday,1,Winter,0,2
2025-01-04,P008,Biscuits,Snacks,30,30.45,164,Saturday,1,Winter,0,4
2025-01-04,P009,Soap,Personal Care,13,33.59,64,Saturday,1,Winter,0,7
2025-01-04,P010,Shampoo,Personal Care,7,124.2,57,Saturday,1,Winter,0,7
2025-01-05,P001,Rice,Grocery,29,62.26,58,Sunday,1,Winter,0,5
2025-01-05,P002,Wheat,Grocery,18,44.05,92,Sunday,1,Winter,0,5
2025-01-05,P003,Sugar,Grocery,18,50.34,98,Sunday,1,Winter,0,4
2025-01-05,P004,Cooking Oil,Grocery,16,118.69,90,Sunday,1,Winter,0,6
2025-01-05,P005,Milk,Dairy,43,39.33,239,Sunday,1,Winter,0,2
2025-01-05,P006,Bread,Bakery,33,36.43,192,Sunday,1,Winter,0,2
2025-01-05,P007,Eggs,Dairy,38,7.29,131,Sunday,1,Winter,0,2
2025-01-05,P008,Biscuits,Snacks,30,30.54,99,Sunday,1,Winter,0,4
2025-01-05,P009,Soap,Personal Care,11,36.18,28,Sunday,1,Winter,0,7
2025-01-05,P010,Shampoo,Personal Care,8,116.53,63,Sunday,1,Winter,0,7
2025-01-06,P001,Rice,Grocery,22,57.38,55,Monday,1,Winter,0,5
2025-01-06,P002,Wheat,Grocery,15,47.17,42,Monday,1,Winter,0,5
2025-01-06,P003,Sugar,Grocery,16,49.11,53,Monday,1,Winter,0,4
2025-01-06,P004,Cooking Oil,Grocery,11,115.48,95,Monday,1,Winter,0,6
2025-01-06,P005,Milk,Dairy,38,38.59,223,Monday,1,Winter,0,2
2025-01-06,P006,Bread,Bakery,29,33.58,70,Monday,1,Winter,0,2
2025-01-06,P007,Eggs,Dairy,44,6.67,67,Monday,1,Winter,0,2
2025-01-06,P008,Biscuits,Snacks,24,30.0,90,Monday,1,Winter,0,4
2025-01-06,P009,Soap,Personal Care,9,34.73,49,Monday,1,Winter,0,7
2025-01-06,P010,Shampoo,Personal Care,8,116.61,29,Monday,1,Winter,0,7
2025-01-07,P001,Rice,Grocery,24,60.24,131,Tuesday,1,Winter,0,5
2025-01-07,P002,Wheat,Grocery,21,44.24,30,Tuesday,1,Winter,0,5
2025-01-07,P003,Sugar,Grocery,19,51.29,103,Tuesday,1,Winter,0,4
2025-01-07,P004,Cooking Oil,Grocery,12,114.44,52,Tuesday,1,Winter,0,6
2025-01-07,P005,Milk,Dairy,40,40.31,213,Tuesday,1,Winter,0,2
2025-01-07,P006,Bread,Bakery,31,34.85,60,Tuesday,1,Winter,0,2
2025-01-07,P007,Eggs,Dairy,45,6.92,246,Tuesday,1,Winter,0,2
2025-01-07,P008,Biscuits,Snacks,22,31.48,92,Tuesday,1,Winter,0,4
2025-01-07,P009,Soap,Personal Care,11,34.72,91,Tuesday,1,Winter,0,7
2025-01-07,P010,Shampoo,Personal Care,4,114.96,87,Tuesday,1,Winter,0,7
2025-01-08,P001,Rice,Grocery,23,59.62,111,Wednesday,1,Winter,0,5
2025-01-08,P002,Wheat,Grocery,14,46.08,67,Wednesday,1,Winter,0,5
2025-01-08,P003,Sugar,Grocery,24,52.19,74,Wednesday,1,Winter,0,4
2025-01-08,P004,Cooking Oil,Grocery,12,123.47,88,Wednesday,1,Winter,0,6
2025-01-08,P005,Milk,Dairy,26,39.22,26,Wednesday,1,Winter,0,2
2025-01-08,P006,Bread,Bakery,27,33.84,132,Wednesday,1,Winter,0,2
2025-01-08,P007,Eggs,Dairy,40,6.96,128,Wednesday,1,Winter,0,2
2025-01-08,P008,Biscuits,Snacks,21,30.57,44,Wednesday,1,Winter,0,4
2025-01-08,P009,Soap,Personal Care,10,34.56,26,Wednesday,1,Winter,0,7
2025-01-08,P010,Shampoo,Personal Care,5,125.27,61,Wednesday,1,Winter,0,7
2025-01-09,P001,Rice,Grocery,25,60.73,120,Thursday,1,Winter,0,5
2025-01-09,P002,Wheat,Grocery,19,43.43,109,Thursday,1,Winter,0,5
2025-01-09,P003,Sugar,Grocery,25,48.32,101,Thursday,1,Winter,0,4
2025-01-09,P004,Cooking Oil,Grocery,12,116.2,64,Thursday,1,Winter,0,6
2025-01-09,P005,Milk,Dairy,29,38.45,46,Thursday,1,Winter,0,2
2025-01-09,P006,Bread,Bakery,36,36.21,141,Thursday,1,Winter,0,2
2025-01-09,P007,Eggs,Dairy,48,6.75,83,Thursday,1,Winter,0,2
2025-01-09,P008,Biscuits,Snacks,22,29.92,53,Thursday,1,Winter,0,4
2025-01-09,P009,Soap,Personal Care,10,35.28,52,Thursday,1,Winter,0,7
2025-01-09,P010,Shampoo,Personal Care,8,122.47,31,Thursday,1,Winter,0,7
2025-01-10,P001,Rice,Grocery,23,59.92,132,Friday,1,Winter,0,5
2025-01-10,P002,Wheat,Grocery,24,43.14,72,Friday,1,Winter,0,5
2025-01-10,P003,Sugar,Grocery,21,49.38,88,Friday,1,Winter,0,4
2025-01-10,P004,Cooking Oil,Grocery,13,119.42,100,Friday,1,Winter,0,6
2025-01-10,P005,Milk,Dairy,30,39.59,157,Friday,1,Winter,0,2
2025-01-10,P006,Bread,Bakery,29,33.37,80,Friday,1,Winter,0,2
2025-01-10,P007,Eggs,Dairy,50,6.7,295,Friday,1,Winter,0,2
2025-01-10,P008,Biscuits,Snacks,20,28.91,96,Friday,1,Winter,0,4
2025-01-10,P009,Soap,Personal Care,8,33.63,99,Friday,1,Winter,0,7
2025-01-10,P010,Shampoo,Personal Care,6,118.73,99,Friday,1,Winter,0,7
2025-01-11,P001,Rice,Grocery,29,60.94,62,Saturday,1,Winter,0,5
2025-01-11,P002,Wheat,Grocery,23,43.15,40,Saturday,1,Winter,0,5
2025-01-11,P003,Sugar,Grocery,22,49.86,116,Saturday,1,Winter,0,4
2025-01-11,P004,Cooking Oil,Grocery,14,119.19,51,Saturday,1,Winter,0,6
2025-01-11,P005,Milk,Dairy,36,38.98,97,Saturday,1,Winter,0,2
2025-01-11,P006,Bread,Bakery,27,34.97,134,Saturday,1,Winter,0,2
2025-01-11,P007,Eggs,Dairy,60,7.2,351,Saturday,1,Winter,0,2
2025-01-11,P008,Biscuits,Snacks,27,28.66,75,Saturday,1,Winter,0,4
2025-01-11,P009,Soap,Personal Care,12,34.98,69,Saturday,1,Winter,0,7
2025-01-11,P010,Shampoo,Personal Care,8,115.51,33,Saturday,1,Winter,0,7
2025-01-12,P001,Rice,Grocery,30,57.19,56,Sunday,1,Winter,0,5
2025-01-12,P002,Wheat,Grocery,23,44.84,116,Sunday,1,Winter,0,5
2025-01-12,P003,Sugar,Grocery,20,49.27,108,Sunday,1,Winter,0,4
2025-01-12,P004,Cooking Oil,Grocery,13,119.22,41,Sunday,1,Winter,0,6
2025-01-12,P005,Milk,Dairy,46,38.57,108,Sunday,1,Winter,0,2
2025-01-12,P006,Bread,Bakery,46,33.52,99,Sunday,1,Winter,0,2
2025-01-12,P007,Eggs,Dairy,44,7.25,63,Sunday,1,Winter,0,2
2025-01-12,P008,Biscuits,Snacks,20,30.38,114,Sunday,1,Winter,0,4
2025-01-12,P009,Soap,Personal Care,14,35.75,23,Sunday,1,Winter,0,7
2025-01-12,P010,Shampoo,Personal Care,7,124.22,31,Sunday,1,Winter,0,7
2025-01-13,P001,Rice,Grocery,27,60.35,58,Monday,1,Winter,0,5
2025-01-13,P002,Wheat,Grocery,16,45.08,66,Monday,1,Winter,0,5
2025-01-13,P003,Sugar,Grocery,18,49.17,67,Monday,1,Winter,0,4
2025-01-13,P004,Cooking Oil,Grocery,13,119.19,83,Monday,1,Winter,0,6
2025-01-13,P005,Milk,Dairy,36,41.46,187,Monday,1,Winter,0,2
2025-01-13,P006,Bread,Bakery,32,35.83,67,Monday,1,Winter,0,2
2025-01-13,P007,Eggs,Dairy,33,7.29,71,Monday,1,Winter,0,2
2025-01-13,P008,Biscuits,Snacks,22,30.69,56,Monday,1,Winter,0,4
2025-01-13,P009,Soap,Personal Care,9,36.13,30,Monday,1,Winter,0,7
2025-01-13,P010,Shampoo,Personal Care,7,120.13,63,Monday,1,Winter,0,7
2025-01-14,P001,Rice,Grocery,31,58.71,140,Tuesday,1,Winter,1,5
2025-01-14,P002,Wheat,Grocery,24,46.48,71,Tuesday,1,Winter,1,5
2025-01-14,P003,Sugar,Grocery,37,48.66,203,Tuesday,1,Winter,1,4
2025-01-14,P004,Cooking Oil,Grocery,19,121.67,72,Tuesday,1,Winter,1,6
2025-01-14,P005,Milk,Dairy,53,39.27,245,Tuesday,1,Winter,1,2
2025-01-14,P006,Bread,Bakery,30,35.56,126,Tuesday,1,Winter,1,2
2025-01-14,P007,Eggs,Dairy,62,6.67,150,Tuesday,1,Winter,1,2
2025-01-14,P008,Biscuits,Snacks,20,30.8,77,Tuesday,1,Winter,1,4
2025-01-14,P009,Soap,Personal Care,15,34.23,75,Tuesday,1,Winter,1,7
2025-01-14,P010,Shampoo,Personal Care,10,124.99,94,Tuesday,1,Winter,1,7
2025-01-15,P001,Rice,Grocery,28,62.13,150,Wednesday,1,Winter,0,5
2025-01-15,P002,Wheat,Grocery,16,46.55,42,Wednesday,1,Winter,0,5
2025-01-15,P003,Sugar,Grocery,21,48.61,35,Wednesday,1,Winter,0,4
2025-01-15,P004,Cooking Oil,Grocery,11,121.58,22,Wednesday,1,Winter,0,6
2025-01-15,P005,Milk,Dairy,37,38.4,182,Wednesday,1,Winter,0,2
2025-01-15,P006,Bread,Bakery,34,35.05,36,Wednesday,1,Winter,0,2
2025-01-15,P007,Eggs,Dairy,48,7.25,149,Wednesday,1,Winter,0,2
2025-01-15,P008,Biscuits,Snacks,22,31.38,34,Wednesday,1,Winter,0,4
2025-01-15,P009,Soap,Personal Care,11,33.45,46,Wednesday,1,Winter,0,7
2025-01-15,P010,Shampoo,Personal Care,6,114.38,96,Wednesday,1,Winter,0,7
2025-01-16,P001,Rice,Grocery,27,57.7,100,Thursday,1,Winter,0,5
2025-01-16,P002,Wheat,Grocery,18,44.32,59,Thursday,1,Winter,0,5
2025-01-16,P003,Sugar,Grocery,16,50.08,20,Thursday,1,Winter,0,4
2025-01-16,P004,Cooking Oil,Grocery,9,116.29,63,Thursday,1,Winter,0,6
2025-01-16,P005,Milk,Dairy,35,39.47,135,Thursday,1,Winter,0,2
2025-01-16,P006,Bread,Bakery,36,33.47,202,Thursday,1,Winter,0,2
2025-01-16,P007,Eggs,Dairy,46,7.09,233,Thursday,1,Winter,0,2
2025-01-16,P008,Biscuits,Snacks,22,29.22,25,Thursday,1,Winter,0,4
2025-01-16,P009,Soap,Personal Care,7,35.07,80,Thursday,1,Winter,0,7
2025-01-16,P010,Shampoo,Personal Care,7,115.91,92,Thursday,1,Winter,0,7
2025-01-17,P001,Rice,Grocery,21,60.96,86,Friday,1,Winter,0,5
2025-01-17,P002,Wheat,Grocery,20,44.34,29,Friday,1,Winter,0,5
2025-01-17,P003,Sugar,Grocery,19,52.24,111,Friday,1,Winter,0,4
2025-01-17,P004,Cooking Oil,Grocery,13,116.55,77,Friday,1,Winter,0,6
2025-01-17,P005,Milk,Dairy,45,38.98,243,Friday,1,Winter,0,2
2025-01-17,P006,Bread,Bakery,29,33.42,63,Friday,1,Winter,0,2
2025-01-17,P007,Eggs,Dairy,41,7.17,84,Friday,1,Winter,0,2
2025-01-17,P008,Biscuits,Snacks,24,31.21,88,Friday,1,Winter,0,4
2025-01-17,P009,Soap,Personal Care,16,34.34,85,Friday,1,Winter,0,7
2025-01-17,P010,Shampoo,Personal Care,5,119.98,28,Friday,1,Winter,0,7
2025-01-18,P001,Rice,Grocery,30,61.22,93,Saturday,1,Winter,0,5
2025-01-18,P002,Wheat,Grocery,20,46.74,58,Saturday,1,Winter,0,5
2025-01-18,P003,Sugar,Grocery,19,51.32,50,Saturday,1,Winter,0,4
2025-01-18,P004,Cooking Oil,Grocery,12,122.42,45,Saturday,1,Winter,0,6
2025-01-18,P005,Milk,Dairy,46,38.34,96,Saturday,1,Winter,0,2
2025-01-18,P006,Bread,Bakery,37,34.53,216,Saturday,1,Winter,0,2
2025-01-18,P007,Eggs,Dairy,58,7.11,104,Saturday,1,Winter,0,2
2025-01-18,P008,Biscuits,Snacks,27,30.25,62,Saturday,1,Winter,0,4
2025-01-18,P009,Soap,Personal Care,10,33.3,62,Saturday,1,Winter,0,7
2025-01-18,P010,Shampoo,Personal Care,6,123.68,82,Saturday,1,Winter,0,7
2025-01-19,P001,Rice,Grocery,26,59.47,100,Sunday,1,Winter,0,5
2025-01-19,P002,Wheat,Grocery,28,47.11,95,Sunday,1,Winter,0,5
2025-01-19,P003,Sugar,Grocery,25,49.95,28,Sunday,1,Winter,0,4
2025-01-19,P004,Cooking Oil,Grocery,15,125.54,47,Sunday,1,Winter,0,6
2025-01-19,P005,Milk,Dairy,36,38.25,42,Sunday,1,Winter,0,2
2025-01-19,P006,Bread,Bakery,38,36.06,59,Sunday,1,Winter,0,2
2025-01-19,P007,Eggs,Dairy,50,7.07,279,Sunday,1,Winter,0,2
2025-01-19,P008,Biscuits,Snacks,21,30.44,26,Sunday,1,Winter,0,4
2025-01-19,P009,Soap,Personal Care,10,34.53,27,Sunday,1,Winter,0,7
2025-01-19,P010,Shampoo,Personal Care,8,119.17,73,Sunday,1,Winter,0,7
2025-01-20,P001,Rice,Grocery,28,59.2,91,Monday,1,Winter,0,5
2025-01-20,P002,Wheat,Grocery,17,43.54,43,Monday,1,Winter,0,5
2025-01-20,P003,Sugar,Grocery,21,49.59,34,Monday,1,Winter,0,4
2025-01-20,P004,Cooking Oil,Grocery,10,118.17,63,Monday,1,Winter,0,6
2025-01-20,P005,Milk,Dairy,35,40.69,195,Monday,1,Winter,0,2
2025-01-20,P006,Bread,Bakery,28,33.33,147,Monday,1,Winter,0,2
2025-01-20,P007,Eggs,Dairy,42,7.17,226,Monday,1,Winter,0,2
2025-01-20,P008,Biscuits,Snacks,23,29.79,40,Monday,1,Winter,0,4
2025-01-20,P009,Soap,Personal Care,5,35.78,47,Monday,1,Winter,0,7
2025-01-20,P010,Shampoo,Personal Care,5,116.52,79,Monday,1,Winter,0,7
2025-01-21,P001,Rice,Grocery,24,60.9,133,Tuesday,1,Winter,0,5
2025-01-21,P002,Wheat,Grocery,19,43.12,22,Tuesday,1,Winter,0,5
2025-01-21,P003,Sugar,Grocery,20,48.35,99,Tuesday,1,Winter,0,4
2025-01-21,P004,Cooking Oil,Grocery,8,115.81,57,Tuesday,1,Winter,0,6
2025-01-21,P005,Milk,Dairy,34,41.98,34,Tuesday,1,Winter,0,2
2025-01-21,P006,Bread,Bakery,39,35.48,66,Tuesday,1,Winter,0,2
2025-01-21,P007,Eggs,Dairy,41,6.7,196,Tuesday,1,Winter,0,2
2025-01-21,P008,Biscuits,Snacks,26,30.76,75,Tuesday,1,Winter,0,4
2025-01-21,P009,Soap,Personal Care,8,34.99,82,Tuesday,1,Winter,0,7
2025-01-21,P010,Shampoo,Personal Care,7,120.12,84,Tuesday,1,Winter,0,7
2025-01-22,P001,Rice,Grocery,27,58.1,63,Wednesday,1,Winter,0,5
2025-01-22,P002,Wheat,Grocery,19,45.17,51,Wednesday,1,Winter,0,5
2025-01-22,P003,Sugar,Grocery,23,47.64,45,Wednesday,1,Winter,0,4
2025-01-22,P004,Cooking Oil,Grocery,15,123.7,67,Wednesday,1,Winter,0,6
2025-01-22,P005,Milk,Dairy,38,41.01,114,Wednesday,1,Winter,0,2
2025-01-22,P006,Bread,Bakery,22,34.83,33,Wednesday,1,Winter,0,2
2025-01-22,P007,Eggs,Dairy,53,6.74,282,Wednesday,1,Winter,0,2
2025-01-22,P008,Biscuits,Snacks,15,29.52,30,Wednesday,1,Winter,0,4
2025-01-22,P009,Soap,Personal Care,11,35.37,39,Wednesday,1,Winter,0,7
2025-01-22,P010,Shampoo,Personal Care,4,123.58,24,Wednesday,1,Winter,0,7
2025-01-23,P001,Rice,Grocery,24,61.44,102,Thursday,1,Winter,0,5
2025-01-23,P002,Wheat,Grocery,17,43.29,38,Thursday,1,Winter,0,5
2025-01-23,P003,Sugar,Grocery,17,48.14,24,Thursday,1,Winter,0,4
2025-01-23,P004,Cooking Oil,Grocery,10,120.02,50,Thursday,1,Winter,0,6
2025-01-23,P005,Milk,Dairy,31,39.52,151,Thursday,1,Winter,0,2
2025-01-23,P006,Bread,Bakery,34,35.67,76,Thursday,1,Winter,0,2
2025-01-23,P007,Eggs,Dairy,45,7.1,151,Thursday,1,Winter,0,2
2025-01-23,P008,Biscuits,Snacks,16,28.59,91,Thursday,1,Winter,0,4
2025-01-23,P009,Soap,Personal Care,8,36.04,35,Thursday,1,Winter,0,7
2025-01-23,P010,Shampoo,Personal Care,6,121.63,50,Thursday,1,Winter,0,7
2025-01-24,P001,Rice,Grocery,26,57.21,75,Friday,1,Winter,0,5
2025-01-24,P002,Wheat,Grocery,13,46.66,28,Friday,1,Winter,0,5
2025-01-24,P003,Sugar,Grocery,21,49.27,126,Friday,1,Winter,0,4
2025-01-24,P004,Cooking Oil,Grocery,13,119.23,33,Friday,1,Winter,0,6
2025-01-24,P005,Milk,Dairy,36,41.35,208,Friday,1,Winter,0,2
2025-01-24,P006,Bread,Bakery,27,33.74,126,Friday,1,Winter,0,2
2025-01-24,P007,Eggs,Dairy,48,7.27,108,Friday,1,Winter,0,2
2025-01-24,P008,Biscuits,Snacks,18,29.65,44,Friday,1,Winter,0,4
2025-01-24,P009,Soap,Personal Care,10,35.63,32,Friday,1,Winter,0,7
2025-01-24,P010,Shampoo,Personal Care,6,124.75,94,Friday,1,Winter,0,7
2025-01-25,P001,Rice,Grocery,33,57.99,38,Saturday,1,Winter,0,5
2025-01-25,P002,Wheat,Grocery,21,46.26,101,Saturday,1,Winter,0,5
2025-01-25,P003,Sugar,Grocery,23,49.93,79,Saturday,1,Winter,0,4
2025-01-25,P004,Cooking Oil,Grocery,8,125.22,20,Saturday,1,Winter,0,6
2025-01-25,P005,Milk,Dairy,44,39.45,108,Saturday,1,Winter,0,2
2025-01-25,P006,Bread,Bakery,36,34.61,47,Saturday,1,Winter,0,2
2025-01-25,P007,Eggs,Dairy,46,6.7,166,Saturday,1,Winter,0,2
2025-01-25,P008,Biscuits,Snacks,26,30.15,106,Saturday,1,Winter,0,4
2025-01-25,P009,Soap,Personal Care,9,35.13,70,Saturday,1,Winter,0,7
2025-01-25,P010,Shampoo,Personal Care,7,121.57,80,Saturday,1,Winter,0,7
2025-01-26,P001,Rice,Grocery,30,60.89,169,Sunday,1,Winter,1,5
2025-01-26,P002,Wheat,Grocery,23,45.92,111,Sunday,1,Winter,1,5
2025-01-26,P003,Sugar,Grocery,34,48.17,115,Sunday,1,Winter,1,4
2025-01-26,P004,Cooking Oil,Grocery,17,115.92,74,Sunday,1,Winter,1,6
2025-01-26,P005,Milk,Dairy,49,41.85,274,Sunday,1,Winter,1,2
2025-01-26,P006,Bread,Bakery,44,34.92,227,Sunday,1,Winter,1,2
2025-01-26,P007,Eggs,Dairy,81,7.16,203,Sunday,1,Winter,1,2
2025-01-26,P008,Biscuits,Snacks,35,31.46,66,Sunday,1,Winter,1,4
2025-01-26,P009,Soap,Personal Care,12,36.04,51,Sunday,1,Winter,1,7
2025-01-26,P010,Shampoo,Personal Care,12,117.93,41,Sunday,1,Winter,1,7
2025-01-27,P001,Rice,Grocery,28,57.58,165,Monday,1,Winter,0,5
2025-01-27,P002,Wheat,Grocery,16,43.44,62,Monday,1,Winter,0,5
2025-01-27,P003,Sugar,Grocery,24,52.35,82,Monday,1,Winter,0,4
2025-01-27,P004,Cooking Oil,Grocery,14,119.49,87,Monday,1,Winter,0,6
2025-01-27,P005,Milk,Dairy,34,38.09,152,Monday,1,Winter,0,2
2025-01-27,P006,Bread,Bakery,29,36.66,129,Monday,1,Winter,0,2
2025-01-27,P007,Eggs,Dairy,34,7.09,169,Monday,1,Winter,0,2
2025-01-27,P008,Biscuits,Snacks,17,30.52,97,Monday,1,Winter,0,4
2025-01-27,P009,Soap,Personal Care,8,33.51,58,Monday,1,Winter,0,7
2025-01-27,P010,Shampoo,Personal Care,6,121.39,56,Monday,1,Winter,0,7
2025-01-28,P001,Rice,Grocery,24,57.14,24,Tuesday,1,Winter,0,5
2025-01-28,P002,Wheat,Grocery,17,45.06,64,Tuesday,1,Winter,0,5
2025-01-28,P003,Sugar,Grocery,21,47.58,28,Tuesday,1,Winter,0,4
2025-01-28,P004,Cooking Oil,Grocery,15,114.46,88,Tuesday,1,Winter,0,6
2025-01-28,P005,Milk,Dairy,36,38.72,125,Tuesday,1,Winter,0,2
2025-01-28,P006,Bread,Bakery,25,33.93,132,Tuesday,1,Winter,0,2
2025-01-28,P007,Eggs,Dairy,44,7.25,84,Tuesday,1,Winter,0,2
2025-01-28,P008,Biscuits,Snacks,21,30.86,106,Tuesday,1,Winter,0,4
2025-01-28,P009,Soap,Personal Care,11,36.45,41,Tuesday,1,Winter,0,7
2025-01-28,P010,Shampoo,Personal Care,6,120.98,90,Tuesday,1,Winter,0,7
2025-01-29,P001,Rice,Grocery,26,60.05,100,Wednesday,1,Winter,0,5
2025-01-29,P002,Wheat,Grocery,13,44.84,47,Wednesday,1,Winter,0,5
2025-01-29,P003,Sugar,Grocery,21,47.86,118,Wednesday,1,Winter,0,4
2025-01-29,P004,Cooking Oil,Grocery,13,119.19,39,Wednesday,1,Winter,0,6
2025-01-29,P005,Milk,Dairy,34,38.16,64,Wednesday,1,Winter,0,2
2025-01-29,P006,Bread,Bakery,26,33.36,125,Wednesday,1,Winter,0,2
2025-01-29,P007,Eggs,Dairy,45,6.81,67,Wednesday,1,Winter,0,2
2025-01-29,P008,Biscuits,Snacks,24,30.8,37,Wednesday,1,Winter,0,4
2025-01-29,P009,Soap,Personal Care,11,34.57,47,Wednesday,1,Winter,0,7
2025-01-29,P010,Shampoo,Personal Care,6,124.92,41,Wednesday,1,Winter,0,7
2025-01-30,P001,Rice,Grocery,21,61.45,47,Thursday,1,Winter,0,5
2025-01-30,P002,Wheat,Grocery,13,46.16,35,Thursday,1,Winter,0,5
2025-01-30,P003,Sugar,Grocery,17,49.54,29,Thursday,1,Winter,0,4
2025-01-30,P004,Cooking Oil,Grocery,13,119.51,53,Thursday,1,Winter,0,6
2025-01-30,P005,Milk,Dairy,29,38.77,43,Thursday,1,Winter,0,2
2025-01-30,P006,Bread,Bakery,31,35.2,112,Thursday,1,Winter,0,2
2025-01-30,P007,Eggs,Dairy,46,6.99,201,Thursday,1,Winter,0,2
2025-01-30,P008,Biscuits,Snacks,19,30.15,27,Thursday,1,Winter,0,4
2025-01-30,P009,Soap,Personal Care,9,36.37,21,Thursday,1,Winter,0,7
2025-01-30,P010,Shampoo,Personal Care,9,121.88,66,Thursday,1,Winter,0,7
2025-01-31,P001,Rice,Grocery,21,62.17,96,Friday,1,Winter,0,5
2025-01-31,P002,Wheat,Grocery,23,43.33,38,Friday,1,Winter,0,5
2025-01-31,P003,Sugar,Grocery,14,48.15,35,Friday,1,Winter,0,4
2025-01-31,P004,Cooking Oil,Grocery,12,122.16,95,Friday,1,Winter,0,6
2025-01-31,P005,Milk,Dairy,39,40.29,224,Friday,1,Winter,0,2
2025-01-31,P006,Bread,Bakery,36,34.25,76,Friday,1,Winter,0,2
2025-01-31,P007,Eggs,Dairy,53,7.14,264,Friday,1,Winter,0,2
2025-01-31,P008,Biscuits,Snacks,17,30.19,49,Friday,1,Winter,0,4
2025-01-31,P009,Soap,Personal Care,9,34.12,82,Friday,1,Winter,0,7
2025-01-31,P010,Shampoo,Personal Care,6,125.2,24,Friday,1,Winter,0,7
2025-02-01,P001,Rice,Grocery,30,60.82,102,Saturday,2,Winter,0,5
2025-02-01,P002,Wheat,Grocery,20,45.62,109,Saturday,2,Winter,0,5
2025-02-01,P003,Sugar,Grocery,21,50.75,31,Saturday,2,Winter,0,4
2025-02-01,P004,Cooking Oil,Grocery,13,117.29,81,Saturday,2,Winter,0,6
2025-02-01,P005,Milk,Dairy,43,41.23,247,Saturday,2,Winter,0,2
2025-02-01,P006,Bread,Bakery,36,33.92,74,Saturday,2,Winter,0,2
2025-02-01,P007,Eggs,Dairy,53,7.31,149,Saturday,2,Winter,0,2
2025-02-01,P008,Biscuits,Snacks,24,29.21,105,Saturday,2,Winter,0,4
2025-02-01,P009,Soap,Personal Care,11,34.14,68,Saturday,2,Winter,0,7
2025-02-01,P010,Shampoo,Personal Care,7,116.4,94,Saturday,2,Winter,0,7
2025-02-02,P001,Rice,Grocery,26,62.02,104,Sunday,2,Winter,0,5
2025-02-02,P002,Wheat,Grocery,26,45.96,129,Sunday,2,Winter,0,5
2025-02-02,P003,Sugar,Grocery,30,48.22,160,Sunday,2,Winter,0,4
2025-02-02,P004,Cooking Oil,Grocery,15,119.06,69,Sunday,2,Winter,0,6
2025-02-02,P005,Milk,Dairy,45,38.43,204,Sunday,2,Winter,0,2
2025-02-02,P006,Bread,Bakery,42,34.93,198,Sunday,2,Winter,0,2
2025-02-02,P007,Eggs,Dairy,63,7.19,240,Sunday,2,Winter,0,2
2025-02-02,P008,Biscuits,Snacks,12,30.36,41,Sunday,2,Winter,0,4
2025-02-02,P009,Soap,Personal Care,11,34.21,61,Sunday,2,Winter,0,7
2025-02-02,P010,Shampoo,Personal Care,8,117.22,36,Sunday,2,Winter,0,7
2025-02-03,P001,Rice,Grocery,21,59.02,111,Monday,2,Winter,0,5
2025-02-03,P002,Wheat,Grocery,14,45.37,93,Monday,2,Winter,0,5
2025-02-03,P003,Sugar,Grocery,18,49.9,79,Monday,2,Winter,0,4
2025-02-03,P004,Cooking Oil,Grocery,12,118.51,90,Monday,2,Winter,0,6
2025-02-03,P005,Milk,Dairy,33,38.78,176,Monday,2,Winter,0,2
2025-02-03,P006,Bread,Bakery,33,33.71,132,Monday,2,Winter,0,2
2025-02-03,P007,Eggs,Dairy,46,6.9,99,Monday,2,Winter,0,2
2025-02-03,P008,Biscuits,Snacks,20,28.64,109,Monday,2,Winter,0,4
2025-02-03,P009,Soap,Personal Care,12,35.32,36,Monday,2,Winter,0,7
2025-02-03,P010,Shampoo,Personal Care,9,118.85,28,Monday,2,Winter,0,7
2025-02-04,P001,Rice,Grocery,16,57.54,77,Tuesday,2,Winter,0,5
2025-02-04,P002,Wheat,Grocery,16,44.48,78,Tuesday,2,Winter,0,5
2025-02-04,P003,Sugar,Grocery,18,52.38,22,Tuesday,2,Winter,0,4
2025-02-04,P004,Cooking Oil,Grocery,13,121.54,47,Tuesday,2,Winter,0,6
2025-02-04,P005,Milk,Dairy,30,39.91,41,Tuesday,2,Winter,0,2
2025-02-04,P006,Bread,Bakery,25,35.45,32,Tuesday,2,Winter,0,2
2025-02-04,P007,Eggs,Dairy,54,6.81,108,Tuesday,2,Winter,0,2
2025-02-04,P008,Biscuits,Snacks,20,30.58,53,Tuesday,2,Winter,0,4
2025-02-04,P009,Soap,Personal Care,8,33.93,81,Tuesday,2,Winter,0,7
2025-02-04,P010,Shampoo,Personal Care,6,119.0,54,Tuesday,2,Winter,0,7
2025-02-05,P001,Rice,Grocery,28,61.43,78,Wednesday,2,Winter,0,5
2025-02-05,P002,Wheat,Grocery,21,45.58,60,Wednesday,2,Winter,0,5
2025-02-05,P003,Sugar,Grocery,19,47.56,91,Wednesday,2,Winter,0,4
2025-02-05,P004,Cooking Oil,Grocery,13,121.74,59,Wednesday,2,Winter,0,6
2025-02-05,P005,Milk,Dairy,41,39.33,70,Wednesday,2,Winter,0,2
2025-02-05,P006,Bread,Bakery,25,33.6,119,Wednesday,2,Winter,0,2
2025-02-05,P007,Eggs,Dairy,39,7.02,129,Wednesday,2,Winter,0,2
2025-02-05,P008,Biscuits,Snacks,25,31.44,27,Wednesday,2,Winter,0,4
2025-02-05,P009,Soap,Personal Care,10,34.55,29,Wednesday,2,Winter,0,7
2025-02-05,P010,Shampoo,Personal Care,4,122.24,66,Wednesday,2,Winter,0,7
2025-02-06,P001,Rice,Grocery,29,57.77,172,Thursday,2,Winter,0,5
2025-02-06,P002,Wheat,Grocery,18,43.33,102,Thursday,2,Winter,0,5
2025-02-06,P003,Sugar,Grocery,19,52.48,28,Thursday,2,Winter,0,4
2025-02-06,P004,Cooking Oil,Grocery,13,119.11,33,Thursday,2,Winter,0,6
2025-02-06,P005,Milk,Dairy,36,40.95,61,Thursday,2,Winter,0,2
2025-02-06,P006,Bread,Bakery,32,33.94,72,Thursday,2,Winter,0,2
2025-02-06,P007,Eggs,Dairy,46,7.21,216,Thursday,2,Winter,0,2
2025-02-06,P008,Biscuits,Snacks,18,29.71,42,Thursday,2,Winter,0,4
2025-02-06,P009,Soap,Personal Care,8,35.86,100,Thursday,2,Winter,0,7
2025-02-06,P010,Shampoo,Personal Care,6,118.54,96,Thursday,2,Winter,0,7
2025-02-07,P001,Rice,Grocery,24,57.36,114,Friday,2,Winter,0,5
2025-02-07,P002,Wheat,Grocery,19,46.63,32,Friday,2,Winter,0,5
2025-02-07,P003,Sugar,Grocery,25,47.83,102,Friday,2,Winter,0,4
2025-02-07,P004,Cooking Oil,Grocery,10,125.32,40,Friday,2,Winter,0,6
2025-02-07,P005,Milk,Dairy,36,41.85,80,Friday,2,Winter,0,2
2025-02-07,P006,Bread,Bakery,32,33.38,130,Friday,2,Winter,0,2
2025-02-07,P007,Eggs,Dairy,43,6.95,159,Friday,2,Winter,0,2
2025-02-07,P008,Biscuits,Snacks,24,29.26,122,Friday,2,Winter,0,4
2025-02-07,P009,Soap,Personal Care,9,34.33,47,Friday,2,Winter,0,7
2025-02-07,P010,Shampoo,Personal Care,6,122.43,43,Friday,2,Winter,0,7
2025-02-08,P001,Rice,Grocery,25,57.33,114,Saturday,2,Winter,0,5
2025-02-08,P002,Wheat,Grocery,21,43.85,105,Saturday,2,Winter,0,5
2025-02-08,P003,Sugar,Grocery,24,52.3,114,Saturday,2,Winter,0,4
2025-02-08,P004,Cooking Oil,Grocery,18,125.68,69,Saturday,2,Winter,0,6
2025-02-08,P005,Milk,Dairy,40,41.06,161,Saturday,2,Winter,0,2
2025-02-08,P006,Bread,Bakery,30,35.73,102,Saturday,2,Winter,0,2
2025-02-08,P007,Eggs,Dairy,46,6.72,228,Saturday,2,Winter,0,2
2025-02-08,P008,Biscuits,Snacks,26,29.07,44,Saturday,2,Winter,0,4
2025-02-08,P009,Soap,Personal Care,15,34.69,78,Saturday,2,Winter,0,7
2025-02-08,P010,Shampoo,Personal Care,8,116.53,95,Saturday,2,Winter,0,7
2025-02-09,P001,Rice,Grocery,25,62.97,134,Sunday,2,Winter,0,5
2025-02-09,P002,Wheat,Grocery,20,46.34,78,Sunday,2,Winter,0,5
2025-02-09,P003,Sugar,Grocery,21,49.37,105,Sunday,2,Winter,0,4
2025-02-09,P004,Cooking Oil,Grocery,14,114.78,61,Sunday,2,Winter,0,6
2025-02-09,P005,Milk,Dairy,39,40.01,106,Sunday,2,Winter,0,2
2025-02-09,P006,Bread,Bakery,34,34.7,144,Sunday,2,Winter,0,2
2025-02-09,P007,Eggs,Dairy,51,7.14,298,Sunday,2,Winter,0,2
2025-02-09,P008,Biscuits,Snacks,25,29.51,97,Sunday,2,Winter,0,4
2025-02-09,P009,Soap,Personal Care,12,33.91,31,Sunday,2,Winter,0,7
2025-02-09,P010,Shampoo,Personal Care,9,124.12,56,Sunday,2,Winter,0,7
2025-02-10,P001,Rice,Grocery,25,62.77,72,Monday,2,Winter,0,5
2025-02-10,P002,Wheat,Grocery,17,46.95,72,Monday,2,Winter,0,5
2025-02-10,P003,Sugar,Grocery,16,48.4,70,Monday,2,Winter,0,4
2025-02-10,P004,Cooking Oil,Grocery,12,121.78,92,Monday,2,Winter,0,6
2025-02-10,P005,Milk,Dairy,31,41.0,33,Monday,2,Winter,0,2
2025-02-10,P006,Bread,Bakery,24,35.68,40,Monday,2,Winter,0,2
2025-02-10,P007,Eggs,Dairy,53,7.33,86,Monday,2,Winter,0,2
2025-02-10,P008,Biscuits,Snacks,18,30.1,74,Monday,2,Winter,0,4
2025-02-10,P009,Soap,Personal Care,11,35.21,32,Monday,2,Winter,0,7
2025-02-10,P010,Shampoo,Personal Care,7,116.38,83,Monday,2,Winter,0,7
2025-02-11,P001,Rice,Grocery,22,57.04,47,Tuesday,2,Winter,0,5
2025-02-11,P002,Wheat,Grocery,18,45.37,54,Tuesday,2,Winter,0,5
2025-02-11,P003,Sugar,Grocery,22,50.82,77,Tuesday,2,Winter,0,4
2025-02-11,P004,Cooking Oil,Grocery,13,122.7,99,Tuesday,2,Winter,0,6
2025-02-11,P005,Milk,Dairy,28,38.76,48,Tuesday,2,Winter,0,2
2025-02-11,P006,Bread,Bakery,36,34.44,121,Tuesday,2,Winter,0,2
2025-02-11,P007,Eggs,Dairy,48,7.05,218,Tuesday,2,Winter,0,2
2025-02-11,P008,Biscuits,Snacks,18,30.43,60,Tuesday,2,Winter,0,4
2025-02-11,P009,Soap,Personal Care,10,33.6,41,Tuesday,2,Winter,0,7
2025-02-11,P010,Shampoo,Personal Care,6,125.13,26,Tuesday,2,Winter,0,7
2025-02-12,P001,Rice,Grocery,25,59.02,132,Wednesday,2,Winter,0,5
2025-02-12,P002,Wheat,Grocery,16,43.22,76,Wednesday,2,Winter,0,5
2025-02-12,P003,Sugar,Grocery,21,51.18,84,Wednesday,2,Winter,0,4
2025-02-12,P004,Cooking Oil,Grocery,12,125.45,37,Wednesday,2,Winter,0,6
2025-02-12,P005,Milk,Dairy,33,38.07,90,Wednesday,2,Winter,0,2
2025-02-12,P006,Bread,Bakery,27,33.73,131,Wednesday,2,Winter,0,2
2025-02-12,P007,Eggs,Dairy,36,6.69,38,Wednesday,2,Winter,0,2
2025-02-12,P008,Biscuits,Snacks,27,30.75,99,Wednesday,2,Winter,0,4
2025-02-12,P009,Soap,Personal Care,6,34.13,88,Wednesday,2,Winter,0,7
2025-02-12,P010,Shampoo,Personal Care,7,116.51,47,Wednesday,2,Winter,0,7
2025-02-13,P001,Rice,Grocery,23,59.59,48,Thursday,2,Winter,0,5
2025-02-13,P002,Wheat,Grocery,10,45.68,25,Thursday,2,Winter,0,5
2025-02-13,P003,Sugar,Grocery,19,52.49,112,Thursday,2,Winter,0,4
2025-02-13,P004,Cooking Oil,Grocery,11,120.15,100,Thursday,2,Winter,0,6
2025-02-13,P005,Milk,Dairy,29,40.97,40,Thursday,2,Winter,0,2
2025-02-13,P006,Bread,Bakery,29,36.74,58,Thursday,2,Winter,0,2
2025-02-13,P007,Eggs,Dairy,52,6.9,112,Thursday,2,Winter,0,2
2025-02-13,P008,Biscuits,Snacks,16,31.32,53,Thursday,2,Winter,0,4
2025-02-13,P009,Soap,Personal Care,10,34.88,61,Thursday,2,Winter,0,7
2025-02-13,P010,Shampoo,Personal Care,7,118.94,28,Thursday,2,Winter,0,7
2025-02-14,P001,Rice,Grocery,26,62.98,86,Friday,2,Winter,0,5
2025-02-14,P002,Wheat,Grocery,14,44.26,99,Friday,2,Winter,0,5
2025-02-14,P003,Sugar,Grocery,19,49.24,74,Friday,2,Winter,0,4
2025-02-14,P004,Cooking Oil,Grocery,14,121.85,100,Friday,2,Winter,0,6
2025-02-14,P005,Milk,Dairy,43,39.92,233,Friday,2,Winter,0,2
2025-02-14,P006,Bread,Bakery,28,34.5,141,Friday,2,Winter,0,2
2025-02-14,P007,Eggs,Dairy,39,7.06,104,Friday,2,Winter,0,2
2025-02-14,P008,Biscuits,Snacks,24,30.31,55,Friday,2,Winter,0,4
2025-02-14,P009,Soap,Personal Care,12,34.79,92,Friday,2,Winter,0,7
2025-02-14,P010,Shampoo,Personal Care,7,116.84,48,Friday,2,Winter,0,7
2025-02-15,P001,Rice,Grocery,30,59.05,153,Saturday,2,Winter,0,5
2025-02-15,P002,Wheat,Grocery,25,43.74,70,Saturday,2,Winter,0,5
2025-02-15,P003,Sugar,Grocery,22,49.86,115,Saturday,2,Winter,0,4
2025-02-15,P004,Cooking Oil,Grocery,14,115.51,28,Saturday,2,Winter,0,6
2025-02-15,P005,Milk,Dairy,39,40.77,71,Saturday,2,Winter,0,2
2025-02-15,P006,Bread,Bakery,39,33.97,137,Saturday,2,Winter,0,2
2025-02-15,P007,Eggs,Dairy,47,7.04,66,Saturday,2,Winter,0,2
2025-02-15,P008,Biscuits,Snacks,24,28.96,140,Saturday,2,Winter,0,4
2025-02-15,P009,Soap,Personal Care,9,35.84,97,Saturday,2,Winter,0,7
2025-02-15,P010,Shampoo,Personal Care,5,120.72,81,Saturday,2,Winter,0,7
2025-02-16,P001,Rice,Grocery,39,58.11,200,Sunday,2,Winter,0,5
2025-02-16,P002,Wheat,Grocery,23,45.27,103,Sunday,2,Winter,0,5
2025-02-16,P003,Sugar,Grocery,24,50.98,117,Sunday,2,Winter,0,4
2025-02-16,P004,Cooking Oil,Grocery,17,125.98,55,Sunday,2,Winter,0,6
2025-02-16,P005,Milk,Dairy,38,41.51,59,Sunday,2,Winter,0,2
2025-02-16,P006,Bread,Bakery,33,33.95,71,Sunday,2,Winter,0,2
2025-02-16,P007,Eggs,Dairy,57,7.28,220,Sunday,2,Winter,0,2
2025-02-16,P008,Biscuits,Snacks,24,30.28,124,Sunday,2,Winter,0,4
2025-02-16,P009,Soap,Personal Care,12,36.71,66,Sunday,2,Winter,0,7
2025-02-16,P010,Shampoo,Personal Care,7,118.13,47,Sunday,2,Winter,0,7
2025-02-17,P001,Rice,Grocery,25,58.41,124,Monday,2,Winter,0,5
2025-02-17,P002,Wheat,Grocery,15,43.55,62,Monday,2,Winter,0,5
2025-02-17,P003,Sugar,Grocery,24,50.21,49,Monday,2,Winter,0,4
2025-02-17,P004,Cooking Oil,Grocery,12,114.32,83,Monday,2,Winter,0,6
2025-02-17,P005,Milk,Dairy,32,41.08,56,Monday,2,Winter,0,2
2025-02-17,P006,Bread,Bakery,23,34.56,61,Monday,2,Winter,0,2
2025-02-17,P007,Eggs,Dairy,52,7.33,170,Monday,2,Winter,0,2
2025-02-17,P008,Biscuits,Snacks,18,28.83,20,Monday,2,Winter,0,4
2025-02-17,P009,Soap,Personal Care,11,36.71,52,Monday,2,Winter,0,7
2025-02-17,P010,Shampoo,Personal Care,6,119.61,80,Monday,2,Winter,0,7
2025-02-18,P001,Rice,Grocery,24,57.52,33,Tuesday,2,Winter,0,5
2025-02-18,P002,Wheat,Grocery,20,43.95,100,Tuesday,2,Winter,0,5
2025-02-18,P003,Sugar,Grocery,20,49.05,86,Tuesday,2,Winter,0,4
2025-02-18,P004,Cooking Oil,Grocery,13,123.88,90,Tuesday,2,Winter,0,6
2025-02-18,P005,Milk,Dairy,44,41.47,194,Tuesday,2,Winter,0,2
2025-02-18,P006,Bread,Bakery,34,35.96,98,Tuesday,2,Winter,0,2
2025-02-18,P007,Eggs,Dairy,52,7.09,73,Tuesday,2,Winter,0,2
2025-02-18,P008,Biscuits,Snacks,20,30.77,98,Tuesday,2,Winter,0,4
2025-02-18,P009,Soap,Personal Care,9,33.38,30,Tuesday,2,Winter,0,7
2025-02-18,P010,Shampoo,Personal Care,6,119.18,63,Tuesday,2,Winter,0,7
2025-02-19,P001,Rice,Grocery,27,60.34,95,Wednesday,2,Winter,0,5
2025-02-19,P002,Wheat,Grocery,14,43.12,35,Wednesday,2,Winter,0,5
2025-02-19,P003,Sugar,Grocery,23,48.42,137,Wednesday,2,Winter,0,4
2025-02-19,P004,Cooking Oil,Grocery,14,125.43,85,Wednesday,2,Winter,0,6
2025-02-19,P005,Milk,Dairy,39,38.64,93,Wednesday,2,Winter,0,2
2025-02-19,P006,Bread,Bakery,28,35.95,90,Wednesday,2,Winter,0,2
2025-02-19,P007,Eggs,Dairy,43,7.07,181,Wednesday,2,Winter,0,2
2025-02-19,P008,Biscuits,Snacks,23,29.88,55,Wednesday,2,Winter,0,4
2025-02-19,P009,Soap,Personal Care,12,36.27,22,Wednesday,2,Winter,0,7
2025-02-19,P010,Shampoo,Personal Care,6,123.02,36,Wednesday,2,Winter,0,7
2025-02-20,P001,Rice,Grocery,23,61.47,125,Thursday,2,Winter,0,5
2025-02-20,P002,Wheat,Grocery,19,46.54,28,Thursday,2,Winter,0,5
2025-02-20,P003,Sugar,Grocery,20,51.65,65,Thursday,2,Winter,0,4
2025-02-20,P004,Cooking Oil,Grocery,11,122.83,68,Thursday,2,Winter,0,6
2025-02-20,P005,Milk,Dairy,32,39.64,38,Thursday,2,Winter,0,2
2025-02-20,P006,Bread,Bakery,31,36.61,114,Thursday,2,Winter,0,2
2025-02-20,P007,Eggs,Dairy,39,6.72,42,Thursday,2,Winter,0,2
2025-02-20,P008,Biscuits,Snacks,23,29.99,73,Thursday,2,Winter,0,4
2025-02-20,P009,Soap,Personal Care,10,36.6,25,Thursday,2,Winter,0,7
2025-02-20,P010,Shampoo,Personal Care,5,115.71,49,Thursday,2,Winter,0,7
2025-02-21,P001,Rice,Grocery,26,61.23,88,Friday,2,Winter,0,5
2025-02-21,P002,Wheat,Grocery,18,43.9,75,Friday,2,Winter,0,5
2025-02-21,P003,Sugar,Grocery,20,48.1,94,Friday,2,Winter,0,4
2025-02-21,P004,Cooking Oil,Grocery,13,123.55,76,Friday,2,Winter,0,6
2025-02-21,P005,Milk,Dairy,37,39.74,43,Friday,2,Winter,0,2
2025-02-21,P006,Bread,Bakery,25,36.58,139,Friday,2,Winter,0,2
2025-02-21,P007,Eggs,Dairy,48,6.92,58,Friday,2,Winter,0,2
2025-02-21,P008,Biscuits,Snacks,19,31.39,42,Friday,2,Winter,0,4
2025-02-21,P009,Soap,Personal Care,10,35.02,34,Friday,2,Winter,0,7
2025-02-21,P010,Shampoo,Personal Care,7,119.33,58,Friday,2,Winter,0,7
2025-02-22,P001,Rice,Grocery,34,59.44,48,Saturday,2,Winter,0,5
2025-02-22,P002,Wheat,Grocery,19,46.27,59,Saturday,2,Winter,0,5
2025-02-22,P003,Sugar,Grocery,23,48.93,25,Saturday,2,Winter,0,4
2025-02-22,P004,Cooking Oil,Grocery,11,116.89,44,Saturday,2,Winter,0,6
2025-02-22,P005,Milk,Dairy,40,39.25,103,Saturday,2,Winter,0,2
2025-02-22,P006,Bread,Bakery,31,35.24,56,Saturday,2,Winter,0,2
2025-02-22,P007,Eggs,Dairy,53,7.31,66,Saturday,2,Winter,0,2
2025-02-22,P008,Biscuits,Snacks,29,29.53,144,Saturday,2,Winter,0,4
2025-02-22,P009,Soap,Personal Care,10,36.04,41,Saturday,2,Winter,0,7
2025-02-22,P010,Shampoo,Personal Care,8,124.96,96,Saturday,2,Winter,0,7
2025-02-23,P001,Rice,Grocery,28,62.99,117,Sunday,2,Winter,0,5
2025-02-23,P002,Wheat,Grocery,16,45.16,42,Sunday,2,Winter,0,5
2025-02-23,P003,Sugar,Grocery,20,49.81,72,Sunday,2,Winter,0,4
2025-02-23,P004,Cooking Oil,Grocery,13,122.11,66,Sunday,2,Winter,0,6
2025-02-23,P005,Milk,Dairy,42,39.06,245,Sunday,2,Winter,0,2
2025-02-23,P006,Bread,Bakery,34,35.85,159,Sunday,2,Winter,0,2
2025-02-23,P007,Eggs,Dairy,57,7.27,60,Sunday,2,Winter,0,2
2025-02-23,P008,Biscuits,Snacks,23,30.5,112,Sunday,2,Winter,0,4
2025-02-23,P009,Soap,Personal Care,8,36.47,89,Sunday,2,Winter,0,7
2025-02-23,P010,Shampoo,Personal Care,7,123.24,63,Sunday,2,Winter,0,7
2025-02-24,P001,Rice,Grocery,23,60.74,29,Monday,2,Winter,0,5
2025-02-24,P002,Wheat,Grocery,20,43.92,97,Monday,2,Winter,0,5
2025-02-24,P003,Sugar,Grocery,19,48.61,45,Monday,2,Winter,0,4
2025-02-24,P004,Cooking Oil,Grocery,8,120.84,99,Monday,2,Winter,0,6
2025-02-24,P005,Milk,Dairy,38,39.49,119,Monday,2,Winter,0,2
2025-02-24,P006,Bread,Bakery,26,36.22,123,Monday,2,Winter,0,2
2025-02-24,P007,Eggs,Dairy,53,6.9,232,Monday,2,Winter,0,2
2025-02-24,P008,Biscuits,Snacks,24,28.62,67,Monday,2,Winter,0,4
2025-02-24,P009,Soap,Personal Care,13,35.84,48,Monday,2,Winter,0,7
2025-02-24,P010,Shampoo,Personal Care,7,124.46,84,Monday,2,Winter,0,7
2025-02-25,P001,Rice,Grocery,21,60.18,28,Tuesday,2,Winter,0,5
2025-02-25,P002,Wheat,Grocery,17,45.42,99,Tuesday,2,Winter,0,5
2025-02-25,P003,Sugar,Grocery,20,50.3,45,Tuesday,2,Winter,0,4
2025-02-25,P004,Cooking Oil,Grocery,12,122.17,28,Tuesday,2,Winter,0,6
2025-02-25,P005,Milk,Dairy,35,41.07,92,Tuesday,2,Winter,0,2
2025-02-25,P006,Bread,Bakery,25,35.54,136,Tuesday,2,Winter,0,2
2025-02-25,P007,Eggs,Dairy,44,6.97,66,Tuesday,2,Winter,0,2
2025-02-25,P008,Biscuits,Snacks,22,30.51,73,Tuesday,2,Winter,0,4
2025-02-25,P009,Soap,Personal Care,8,35.74,44,Tuesday,2,Winter,0,7
2025-02-25,P010,Shampoo,Personal Care,7,123.18,99,Tuesday,2,Winter,0,7
2025-02-26,P001,Rice,Grocery,23,59.79,132,Wednesday,2,Winter,0,5
2025-02-26,P002,Wheat,Grocery,20,45.03,73,Wednesday,2,Winter,0,5
2025-02-26,P003,Sugar,Grocery,22,51.49,113,Wednesday,2,Winter,0,4
2025-02-26,P004,Cooking Oil,Grocery,11,115.15,80,Wednesday,2,Winter,0,6
2025-02-26,P005,Milk,Dairy,30,41.51,60,Wednesday,2,Winter,0,2
2025-02-26,P006,Bread,Bakery,30,34.14,180,Wednesday,2,Winter,0,2
2025-02-26,P007,Eggs,Dairy,47,7.25,242,Wednesday,2,Winter,0,2
2025-02-26,P008,Biscuits,Snacks,26,29.92,127,Wednesday,2,Winter,0,4
2025-02-26,P009,Soap,Personal Care,7,36.58,39,Wednesday,2,Winter,0,7
2025-02-26,P010,Shampoo,Personal Care,7,124.64,71,Wednesday,2,Winter,0,7
2025-02-27,P001,Rice,Grocery,17,59.42,81,Thursday,2,Winter,0,5
2025-02-27,P002,Wheat,Grocery,14,43.31,42,Thursday,2,Winter,0,5
2025-02-27,P003,Sugar,Grocery,17,48.58,64,Thursday,2,Winter,0,4
2025-02-27,P004,Cooking Oil,Grocery,12,125.05,76,Thursday,2,Winter,0,6
2025-02-27,P005,Milk,Dairy,37,38.91,120,Thursday,2,Winter,0,2
2025-02-27,P006,Bread,Bakery,26,34.43,97,Thursday,2,Winter,0,2
2025-02-27,P007,Eggs,Dairy,44,6.85,122,Thursday,2,Winter,0,2
2025-02-27,P008,Biscuits,Snacks,20,31.03,46,Thursday,2,Winter,0,4
2025-02-27,P009,Soap,Personal Care,7,36.35,56,Thursday,2,Winter,0,7
2025-02-27,P010,Shampoo,Personal Care,6,118.89,27,Thursday,2,Winter,0,7
2025-02-28,P001,Rice,Grocery,20,61.37,82,Friday,2,Winter,0,5
2025-02-28,P002,Wheat,Grocery,14,44.66,84,Friday,2,Winter,0,5
2025-02-28,P003,Sugar,Grocery,20,48.88,52,Friday,2,Winter,0,4
2025-02-28,P004,Cooking Oil,Grocery,14,123.88,94,Friday,2,Winter,0,6
2025-02-28,P005,Milk,Dairy,30,40.01,44,Friday,2,Winter,0,2
2025-02-28,P006,Bread,Bakery,27,33.74,142,Friday,2,Winter,0,2
2025-02-28,P007,Eggs,Dairy,43,7.24,221,Friday,2,Winter,0,2
2025-02-28,P008,Biscuits,Snacks,17,30.47,33,Friday,2,Winter,0,4
2025-02-28,P009,Soap,Personal Care,8,33.9,52,Friday,2,Winter,0,7
2025-02-28,P010,Shampoo,Personal Care,4,117.99,65,Friday,2,Winter,0,7
2025-03-01,P001,Rice,Grocery,25,61.22,54,Saturday,3,Summer,0,5
2025-03-01,P002,Wheat,Grocery,20,45.51,40,Saturday,3,Summer,0,5
2025-03-01,P003,Sugar,Grocery,23,48.78,97,Saturday,3,Summer,0,4
2025-03-01,P004,Cooking Oil,Grocery,17,115.52,87,Saturday,3,Summer,0,6
2025-03-01,P005,Milk,Dairy,40,41.51,89,Saturday,3,Summer,0,2
2025-03-01,P006,Bread,Bakery,27,33.4,51,Saturday,3,Summer,0,2
2025-03-01,P007,Eggs,Dairy,40,6.68,148,Saturday,3,Summer,0,2
2025-03-01,P008,Biscuits,Snacks,26,29.99,45,Saturday,3,Summer,0,4
2025-03-01,P009,Soap,Personal Care,11,36.32,66,Saturday,3,Summer,0,7
2025-03-01,P010,Shampoo,Personal Care,7,121.43,90,Saturday,3,Summer,0,7
2025-03-02,P001,Rice,Grocery,28,61.03,78,Sunday,3,Summer,0,5
2025-03-02,P002,Wheat,Grocery,20,47.09,31,Sunday,3,Summer,0,5
2025-03-02,P003,Sugar,Grocery,16,48.03,86,Sunday,3,Summer,0,4
2025-03-02,P004,Cooking Oil,Grocery,19,123.01,46,Sunday,3,Summer,0,6
2025-03-02,P005,Milk,Dairy,43,39.86,49,Sunday,3,Summer,0,2
2025-03-02,P006,Bread,Bakery,35,35.6,153,Sunday,3,Summer,0,2
2025-03-02,P007,Eggs,Dairy,50,7.24,80,Sunday,3,Summer,0,2
2025-03-02,P008,Biscuits,Snacks,31,31.05,125,Sunday,3,Summer,0,4
2025-03-02,P009,Soap,Personal Care,9,34.52,81,Sunday,3,Summer,0,7
2025-03-02,P010,Shampoo,Personal Care,7,122.4,58,Sunday,3,Summer,0,7
2025-03-03,P001,Rice,Grocery,24,62.03,132,Monday,3,Summer,0,5
2025-03-03,P002,Wheat,Grocery,17,44.78,73,Monday,3,Summer,0,5
2025-03-03,P003,Sugar,Grocery,22,49.04,45,Monday,3,Summer,0,4
2025-03-03,P004,Cooking Oil,Grocery,11,125.95,50,Monday,3,Summer,0,6
2025-03-03,P005,Milk,Dairy,41,40.91,69,Monday,3,Summer,0,2
2025-03-03,P006,Bread,Bakery,36,34.56,75,Monday,3,Summer,0,2
2025-03-03,P007,Eggs,Dairy,40,6.89,92,Monday,3,Summer,0,2
2025-03-03,P008,Biscuits,Snacks,28,31.19,34,Monday,3,Summer,0,4
2025-03-03,P009,Soap,Personal Care,6,34.39,29,Monday,3,Summer,0,7
2025-03-03,P010,Shampoo,Personal Care,7,122.54,41,Monday,3,Summer,0,7
2025-03-04,P001,Rice,Grocery,23,62.46,92,Tuesday,3,Summer,0,5
2025-03-04,P002,Wheat,Grocery,16,43.98,61,Tuesday,3,Summer,0,5
2025-03-04,P003,Sugar,Grocery,20,47.52,73,Tuesday,3,Summer,0,4
2025-03-04,P004,Cooking Oil,Grocery,12,120.48,72,Tuesday,3,Summer,0,6
2025-03-04,P005,Milk,Dairy,38,38.15,171,Tuesday,3,Summer,0,2
2025-03-04,P006,Bread,Bakery,30,35.73,155,Tuesday,3,Summer,0,2
2025-03-04,P007,Eggs,Dairy,42,7.24,56,Tuesday,3,Summer,0,2
2025-03-04,P008,Biscuits,Snacks,26,29.12,127,Tuesday,3,Summer,0,4
2025-03-04,P009,Soap,Personal Care,9,35.8,66,Tuesday,3,Summer,0,7
2025-03-04,P010,Shampoo,Personal Care,7,121.01,31,Tuesday,3,Summer,0,7
2025-03-05,P001,Rice,Grocery,24,62.82,138,Wednesday,3,Summer,0,5
2025-03-05,P002,Wheat,Grocery,21,43.43,67,Wednesday,3,Summer,0,5
2025-03-05,P003,Sugar,Grocery,20,52.0,117,Wednesday,3,Summer,0,4
2025-03-05,P004,Cooking Oil,Grocery,17,125.61,96,Wednesday,3,Summer,0,6
2025-03-05,P005,Milk,Dairy,48,41.78,238,Wednesday,3,Summer,0,2
2025-03-05,P006,Bread,Bakery,30,34.09,101,Wednesday,3,Summer,0,2
2025-03-05,P007,Eggs,Dairy,50,6.88,125,Wednesday,3,Summer,0,2
2025-03-05,P008,Biscuits,Snacks,23,31.22,71,Wednesday,3,Summer,0,4
2025-03-05,P009,Soap,Personal Care,8,36.75,94,Wednesday,3,Summer,0,7
2025-03-05,P010,Shampoo,Personal Care,8,117.08,98,Wednesday,3,Summer,0,7
2025-03-06,P001,Rice,Grocery,29,61.56,145,Thursday,3,Summer,0,5
2025-03-06,P002,Wheat,Grocery,19,44.16,48,Thursday,3,Summer,0,5
2025-03-06,P003,Sugar,Grocery,18,48.51,90,Thursday,3,Summer,0,4
2025-03-06,P004,Cooking Oil,Grocery,15,115.89,74,Thursday,3,Summer,0,6
2025-03-06,P005,Milk,Dairy,41,40.46,112,Thursday,3,Summer,0,2
2025-03-06,P006,Bread,Bakery,27,35.66,59,Thursday,3,Summer,0,2
2025-03-06,P007,Eggs,Dairy,46,6.71,235,Thursday,3,Summer,0,2
2025-03-06,P008,Biscuits,Snacks,27,30.75,38,Thursday,3,Summer,0,4
2025-03-06,P009,Soap,Personal Care,10,35.28,59,Thursday,3,Summer,0,7
2025-03-06,P010,Shampoo,Personal Care,5,120.39,94,Thursday,3,Summer,0,7
2025-03-07,P001,Rice,Grocery,25,61.75,83,Friday,3,Summer,0,5
2025-03-07,P002,Wheat,Grocery,9,44.11,40,Friday,3,Summer,0,5
2025-03-07,P003,Sugar,Grocery,22,49.98,124,Friday,3,Summer,0,4
2025-03-07,P004,Cooking Oil,Grocery,14,114.78,26,Friday,3,Summer,0,6
2025-03-07,P005,Milk,Dairy,50,40.1,289,Friday,3,Summer,0,2
2025-03-07,P006,Bread,Bakery,33,35.52,48,Friday,3,Summer,0,2
2025-03-07,P007,Eggs,Dairy,47,6.81,264,Friday,3,Summer,0,2
2025-03-07,P008,Biscuits,Snacks,16,30.15,84,Friday,3,Summer,0,4
2025-03-07,P009,Soap,Personal Care,10,36.2,58,Friday,3,Summer,0,7
2025-03-07,P010,Shampoo,Personal Care,8,120.04,77,Friday,3,Summer,0,7
2025-03-08,P001,Rice,Grocery,27,57.5,74,Saturday,3,Summer,0,5
2025-03-08,P002,Wheat,Grocery,23,43.65,92,Saturday,3,Summer,0,5
2025-03-08,P003,Sugar,Grocery,29,49.0,92,Saturday,3,Summer,0,4
2025-03-08,P004,Cooking Oil,Grocery,15,121.46,41,Saturday,3,Summer,0,6
2025-03-08,P005,Milk,Dairy,33,39.97,136,Saturday,3,Summer,0,2
2025-03-08,P006,Bread,Bakery,40,34.8,72,Saturday,3,Summer,0,2
2025-03-08,P007,Eggs,Dairy,48,6.9,191,Saturday,3,Summer,0,2
2025-03-08,P008,Biscuits,Snacks,25,30.67,26,Saturday,3,Summer,0,4
2025-03-08,P009,Soap,Personal Care,12,34.77,95,Saturday,3,Summer,0,7
2025-03-08,P010,Shampoo,Personal Care,7,119.5,22,Saturday,3,Summer,0,7
2025-03-09,P001,Rice,Grocery,25,60.2,145,Sunday,3,Summer,0,5
2025-03-09,P002,Wheat,Grocery,24,46.47,81,Sunday,3,Summer,0,5
2025-03-09,P003,Sugar,Grocery,23,50.07,43,Sunday,3,Summer,0,4
2025-03-09,P004,Cooking Oil,Grocery,16,114.06,38,Sunday,3,Summer,0,6
2025-03-09,P005,Milk,Dairy,44,39.39,44,Sunday,3,Summer,0,2
2025-03-09,P006,Bread,Bakery,23,33.54,90,Sunday,3,Summer,0,2
2025-03-09,P007,Eggs,Dairy,61,7.13,115,Sunday,3,Summer,0,2
2025-03-09,P008,Biscuits,Snacks,23,30.44,73,Sunday,3,Summer,0,4
2025-03-09,P009,Soap,Personal Care,8,35.63,43,Sunday,3,Summer,0,7
2025-03-09,P010,Shampoo,Personal Care,8,124.11,90,Sunday,3,Summer,0,7
2025-03-10,P001,Rice,Grocery,21,59.15,59,Monday,3,Summer,0,5
2025-03-10,P002,Wheat,Grocery,14,45.84,69,Monday,3,Summer,0,5
2025-03-10,P003,Sugar,Grocery,14,49.36,57,Monday,3,Summer,0,4
2025-03-10,P004,Cooking Oil,Grocery,12,115.6,55,Monday,3,Summer,0,6
2025-03-10,P005,Milk,Dairy,38,38.05,56,Monday,3,Summer,0,2
2025-03-10,P006,Bread,Bakery,31,34.49,101,Monday,3,Summer,0,2
2025-03-10,P007,Eggs,Dairy,47,6.92,136,Monday,3,Summer,0,2
2025-03-10,P008,Biscuits,Snacks,25,30.35,26,Monday,3,Summer,0,4
2025-03-10,P009,Soap,Personal Care,13,33.62,50,Monday,3,Summer,0,7
2025-03-10,P010,Shampoo,Personal Care,5,114.07,29,Monday,3,Summer,0,7
2025-03-11,P001,Rice,Grocery,23,59.49,46,Tuesday,3,Summer,0,5
2025-03-11,P002,Wheat,Grocery,20,43.54,80,Tuesday,3,Summer,0,5
2025-03-11,P003,Sugar,Grocery,18,51.53,93,Tuesday,3,Summer,0,4
2025-03-11,P004,Cooking Oil,Grocery,14,121.95,37,Tuesday,3,Summer,0,6
2025-03-11,P005,Milk,Dairy,40,39.4,49,Tuesday,3,Summer,0,2
2025-03-11,P006,Bread,Bakery,31,34.87,137,Tuesday,3,Summer,0,2
2025-03-11,P007,Eggs,Dairy,37,6.83,216,Tuesday,3,Summer,0,2
2025-03-11,P008,Biscuits,Snacks,26,29.92,145,Tuesday,3,Summer,0,4
2025-03-11,P009,Soap,Personal Care,10,35.23,45,Tuesday,3,Summer,0,7
2025-03-11,P010,Shampoo,Personal Care,8,122.75,33,Tuesday,3,Summer,0,7
2025-03-12,P001,Rice,Grocery,22,61.03,55,Wednesday,3,Summer,0,5
2025-03-12,P002,Wheat,Grocery,17,44.36,84,Wednesday,3,Summer,0,5
2025-03-12,P003,Sugar,Grocery,24,50.7,144,Wednesday,3,Summer,0,4
2025-03-12,P004,Cooking Oil,Grocery,16,115.71,61,Wednesday,3,Summer,0,6
2025-03-12,P005,Milk,Dairy,42,38.6,125,Wednesday,3,Summer,0,2
2025-03-12,P006,Bread,Bakery,35,33.93,56,Wednesday,3,Summer,0,2
2025-03-12,P007,Eggs,Dairy,48,6.76,69,Wednesday,3,Summer,0,2
2025-03-12,P008,Biscuits,Snacks,28,29.45,45,Wednesday,3,Summer,0,4
2025-03-12,P009,Soap,Personal Care,10,34.65,55,Wednesday,3,Summer,0,7
2025-03-12,P010,Shampoo,Personal Care,6,122.68,24,Wednesday,3,Summer,0,7
2025-03-13,P001,Rice,Grocery,25,61.51,86,Thursday,3,Summer,0,5
2025-03-13,P002,Wheat,Grocery,13,43.75,57,Thursday,3,Summer,0,5
2025-03-13,P003,Sugar,Grocery,21,49.95,63,Thursday,3,Summer,0,4
2025-03-13,P004,Cooking Oil,Grocery,15,125.49,78,Thursday,3,Summer,0,6
2025-03-13,P005,Milk,Dairy,44,39.68,104,Thursday,3,Summer,0,2
2025-03-13,P006,Bread,Bakery,24,34.62,70,Thursday,3,Summer,0,2
2025-03-13,P007,Eggs,Dairy,55,6.76,179,Thursday,3,Summer,0,2
2025-03-13,P008,Biscuits,Snacks,27,30.26,149,Thursday,3,Summer,0,4
2025-03-13,P009,Soap,Personal Care,7,33.41,58,Thursday,3,Summer,0,7
2025-03-13,P010,Shampoo,Personal Care,8,120.4,74,Thursday,3,Summer,0,7
2025-03-14,P001,Rice,Grocery,28,61.11,148,Friday,3,Summer,0,5
2025-03-14,P002,Wheat,Grocery,17,45.59,70,Friday,3,Summer,0,5
2025-03-14,P003,Sugar,Grocery,19,48.09,32,Friday,3,Summer,0,4
2025-03-14,P004,Cooking Oil,Grocery,11,115.84,28,Friday,3,Summer,0,6
2025-03-14,P005,Milk,Dairy,34,40.88,61,Friday,3,Summer,0,2
2025-03-14,P006,Bread,Bakery,24,33.37,108,Friday,3,Summer,0,2
2025-03-14,P007,Eggs,Dairy,43,7.31,166,Friday,3,Summer,0,2
2025-03-14,P008,Biscuits,Snacks,19,29.28,23,Friday,3,Summer,0,4
2025-03-14,P009,Soap,Personal Care,10,35.35,84,Friday,3,Summer,0,7
2025-03-14,P010,Shampoo,Personal Care,7,124.32,42,Friday,3,Summer,0,7
2025-03-15,P001,Rice,Grocery,27,57.02,71,Saturday,3,Summer,0,5
2025-03-15,P002,Wheat,Grocery,24,45.23,90,Saturday,3,Summer,0,5
2025-03-15,P003,Sugar,Grocery,24,51.16,123,Saturday,3,Summer,0,4
2025-03-15,P004,Cooking Oil,Grocery,17,124.75,26,Saturday,3,Summer,0,6
2025-03-15,P005,Milk,Dairy,47,39.73,161,Saturday,3,Summer,0,2
2025-03-15,P006,Bread,Bakery,44,33.42,52,Saturday,3,Summer,0,2
2025-03-15,P007,Eggs,Dairy,56,7.22,189,Saturday,3,Summer,0,2
2025-03-15,P008,Biscuits,Snacks,32,29.95,152,Saturday,3,Summer,0,4
2025-03-15,P009,Soap,Personal Care,11,36.01,93,Saturday,3,Summer,0,7
2025-03-15,P010,Shampoo,Personal Care,5,124.79,89,Saturday,3,Summer,0,7
2025-03-16,P001,Rice,Grocery,28,62.17,60,Sunday,3,Summer,0,5
2025-03-16,P002,Wheat,Grocery,20,44.99,26,Sunday,3,Summer,0,5
2025-03-16,P003,Sugar,Grocery,18,51.28,67,Sunday,3,Summer,0,4
2025-03-16,P004,Cooking Oil,Grocery,14,121.66,52,Sunday,3,Summer,0,6
2025-03-16,P005,Milk,Dairy,46,39.59,72,Sunday,3,Summer,0,2
2025-03-16,P006,Bread,Bakery,37,33.37,88,Sunday,3,Summer,0,2
2025-03-16,P007,Eggs,Dairy,45,6.95,187,Sunday,3,Summer,0,2
2025-03-16,P008,Biscuits,Snacks,33,29.87,196,Sunday,3,Summer,0,4
2025-03-16,P009,Soap,Personal Care,9,33.78,46,Sunday,3,Summer,0,7
2025-03-16,P010,Shampoo,Personal Care,8,119.26,65,Sunday,3,Summer,0,7
2025-03-17,P001,Rice,Grocery,28,58.79,118,Monday,3,Summer,0,5
2025-03-17,P002,Wheat,Grocery,18,45.63,78,Monday,3,Summer,0,5
2025-03-17,P003,Sugar,Grocery,15,49.17,54,Monday,3,Summer,0,4
2025-03-17,P004,Cooking Oil,Grocery,13,116.51,83,Monday,3,Summer,0,6
2025-03-17,P005,Milk,Dairy,36,40.21,195,Monday,3,Summer,0,2
2025-03-17,P006,Bread,Bakery,29,35.32,65,Monday,3,Summer,0,2
2025-03-17,P007,Eggs,Dairy,48,7.11,215,Monday,3,Summer,0,2
2025-03-17,P008,Biscuits,Snacks,29,29.19,110,Monday,3,Summer,0,4
2025-03-17,P009,Soap,Personal Care,10,35.39,36,Monday,3,Summer,0,7
2025-03-17,P010,Shampoo,Personal Care,5,114.86,62,Monday,3,Summer,0,7
2025-03-18,P001,Rice,Grocery,24,59.39,49,Tuesday,3,Summer,0,5
2025-03-18,P002,Wheat,Grocery,20,46.78,46,Tuesday,3,Summer,0,5
2025-03-18,P003,Sugar,Grocery,20,51.24,34,Tuesday,3,Summer,0,4
2025-03-18,P004,Cooking Oil,Grocery,16,125.6,43,Tuesday,3,Summer,0,6
2025-03-18,P005,Milk,Dairy,35,39.96,181,Tuesday,3,Summer,0,2
2025-03-18,P006,Bread,Bakery,37,35.59,92,Tuesday,3,Summer,0,2
2025-03-18,P007,Eggs,Dairy,37,6.9,204,Tuesday,3,Summer,0,2
2025-03-18,P008,Biscuits,Snacks,25,31.33,38,Tuesday,3,Summer,0,4
2025-03-18,P009,Soap,Personal Care,9,35.6,80,Tuesday,3,Summer,0,7
2025-03-18,P010,Shampoo,Personal Care,5,124.93,30,Tuesday,3,Summer,0,7
2025-03-19,P001,Rice,Grocery,24,59.17,77,Wednesday,3,Summer,0,5
2025-03-19,P002,Wheat,Grocery,18,44.26,48,Wednesday,3,Summer,0,5
2025-03-19,P003,Sugar,Grocery,22,48.68,92,Wednesday,3,Summer,0,4
2025-03-19,P004,Cooking Oil,Grocery,18,121.53,44,Wednesday,3,Summer,0,6
2025-03-19,P005,Milk,Dairy,29,41.04,94,Wednesday,3,Summer,0,2
2025-03-19,P006,Bread,Bakery,33,35.42,110,Wednesday,3,Summer,0,2
2025-03-19,P007,Eggs,Dairy,35,6.85,143,Wednesday,3,Summer,0,2
2025-03-19,P008,Biscuits,Snacks,25,28.71,50,Wednesday,3,Summer,0,4
2025-03-19,P009,Soap,Personal Care,9,33.72,22,Wednesday,3,Summer,0,7
2025-03-19,P010,Shampoo,Personal Care,5,123.31,45,Wednesday,3,Summer,0,7
2025-03-20,P001,Rice,Grocery,26,61.18,49,Thursday,3,Summer,0,5
2025-03-20,P002,Wheat,Grocery,18,47.01,66,Thursday,3,Summer,0,5
2025-03-20,P003,Sugar,Grocery,18,47.82,101,Thursday,3,Summer,0,4
2025-03-20,P004,Cooking Oil,Grocery,13,116.96,28,Thursday,3,Summer,0,6
2025-03-20,P005,Milk,Dairy,33,40.05,176,Thursday,3,Summer,0,2
2025-03-20,P006,Bread,Bakery,26,34.93,93,Thursday,3,Summer,0,2
2025-03-20,P007,Eggs,Dairy,40,6.89,223,Thursday,3,Summer,0,2
2025-03-20,P008,Biscuits,Snacks,21,31.17,54,Thursday,3,Summer,0,4
2025-03-20,P009,Soap,Personal Care,10,34.05,22,Thursday,3,Summer,0,7
2025-03-20,P010,Shampoo,Personal Care,6,115.63,22,Thursday,3,Summer,0,7
2025-03-21,P001,Rice,Grocery,30,60.27,126,Friday,3,Summer,0,5
2025-03-21,P002,Wheat,Grocery,16,46.93,53,Friday,3,Summer,0,5
2025-03-21,P003,Sugar,Grocery,23,52.44,35,Friday,3,Summer,0,4
2025-03-21,P004,Cooking Oil,Grocery,12,125.4,75,Friday,3,Summer,0,6
2025-03-21,P005,Milk,Dairy,32,38.23,75,Friday,3,Summer,0,2
2025-03-21,P006,Bread,Bakery,30,33.27,63,Friday,3,Summer,0,2
2025-03-21,P007,Eggs,Dairy,33,7.13,193,Friday,3,Summer,0,2
2025-03-21,P008,Biscuits,Snacks,27,29.29,82,Friday,3,Summer,0,4
2025-03-21,P009,Soap,Personal Care,7,36.0,61,Friday,3,Summer,0,7
2025-03-21,P010,Shampoo,Personal Care,6,118.74,37,Friday,3,Summer,0,7
2025-03-22,P001,Rice,Grocery,24,59.93,82,Saturday,3,Summer,0,5
2025-03-22,P002,Wheat,Grocery,20,44.57,47,Saturday,3,Summer,0,5
2025-03-22,P003,Sugar,Grocery,22,52.49,90,Saturday,3,Summer,0,4
2025-03-22,P004,Cooking Oil,Grocery,18,120.64,29,Saturday,3,Summer,0,6
2025-03-22,P005,Milk,Dairy,41,40.39,197,Saturday,3,Summer,0,2
2025-03-22,P006,Bread,Bakery,43,33.67,254,Saturday,3,Summer,0,2
2025-03-22,P007,Eggs,Dairy,52,7.09,159,Saturday,3,Summer,0,2
2025-03-22,P008,Biscuits,Snacks,26,30.71,143,Saturday,3,Summer,0,4
2025-03-22,P009,Soap,Personal Care,11,34.2,55,Saturday,3,Summer,0,7
2025-03-22,P010,Shampoo,Personal Care,7,119.32,39,Saturday,3,Summer,0,7
2025-03-23,P001,Rice,Grocery,24,60.48,31,Sunday,3,Summer,0,5
2025-03-23,P002,Wheat,Grocery,26,46.47,68,Sunday,3,Summer,0,5
2025-03-23,P003,Sugar,Grocery,25,50.43,98,Sunday,3,Summer,0,4
2025-03-23,P004,Cooking Oil,Grocery,18,122.52,27,Sunday,3,Summer,0,6
2025-03-23,P005,Milk,Dairy,39,39.79,148,Sunday,3,Summer,0,2
2025-03-23,P006,Bread,Bakery,40,34.3,49,Sunday,3,Summer,0,2
2025-03-23,P007,Eggs,Dairy,64,6.81,350,Sunday,3,Summer,0,2
2025-03-23,P008,Biscuits,Snacks,25,31.25,134,Sunday,3,Summer,0,4
2025-03-23,P009,Soap,Personal Care,11,35.45,46,Sunday,3,Summer,0,7
2025-03-23,P010,Shampoo,Personal Care,6,120.14,27,Sunday,3,Summer,0,7
2025-03-24,P001,Rice,Grocery,25,58.45,94,Monday,3,Summer,0,5
2025-03-24,P002,Wheat,Grocery,21,43.57,78,Monday,3,Summer,0,5
2025-03-24,P003,Sugar,Grocery,18,50.57,82,Monday,3,Summer,0,4
2025-03-24,P004,Cooking Oil,Grocery,11,116.9,42,Monday,3,Summer,0,6
2025-03-24,P005,Milk,Dairy,33,40.98,35,Monday,3,Summer,0,2
2025-03-24,P006,Bread,Bakery,25,34.76,140,Monday,3,Summer,0,2
2025-03-24,P007,Eggs,Dairy,42,7.16,61,Monday,3,Summer,0,2
2025-03-24,P008,Biscuits,Snacks,24,30.95,114,Monday,3,Summer,0,4
2025-03-24,P009,Soap,Personal Care,9,33.58,92,Monday,3,Summer,0,7
2025-03-24,P010,Shampoo,Personal Care,8,116.75,55,Monday,3,Summer,0,7
2025-03-25,P001,Rice,Grocery,23,61.57,34,Tuesday,3,Summer,0,5
2025-03-25,P002,Wheat,Grocery,16,45.84,66,Tuesday,3,Summer,0,5
2025-03-25,P003,Sugar,Grocery,25,51.23,75,Tuesday,3,Summer,0,4
2025-03-25,P004,Cooking Oil,Grocery,10,116.14,51,Tuesday,3,Summer,0,6
2025-03-25,P005,Milk,Dairy,30,41.75,75,Tuesday,3,Summer,0,2
2025-03-25,P006,Bread,Bakery,37,35.27,65,Tuesday,3,Summer,0,2
2025-03-25,P007,Eggs,Dairy,25,7.19,59,Tuesday,3,Summer,0,2
2025-03-25,P008,Biscuits,Snacks,29,28.76,133,Tuesday,3,Summer,0,4
2025-03-25,P009,Soap,Personal Care,9,35.21,74,Tuesday,3,Summer,0,7
2025-03-25,P010,Shampoo,Personal Care,6,114.32,26,Tuesday,3,Summer,0,7
2025-03-26,P001,Rice,Grocery,26,61.67,30,Wednesday,3,Summer,0,5
2025-03-26,P002,Wheat,Grocery,18,45.1,89,Wednesday,3,Summer,0,5
2025-03-26,P003,Sugar,Grocery,17,51.1,20,Wednesday,3,Summer,0,4
2025-03-26,P004,Cooking Oil,Grocery,10,120.07,90,Wednesday,3,Summer,0,6
2025-03-26,P005,Milk,Dairy,48,39.7,216,Wednesday,3,Summer,0,2
2025-03-26,P006,Bread,Bakery,18,34.23,45,Wednesday,3,Summer,0,2
2025-03-26,P007,Eggs,Dairy,32,7.22,155,Wednesday,3,Summer,0,2
2025-03-26,P008,Biscuits,Snacks,22,29.01,23,Wednesday,3,Summer,0,4
2025-03-26,P009,Soap,Personal Care,10,36.73,89,Wednesday,3,Summer,0,7
2025-03-26,P010,Shampoo,Personal Care,4,115.91,40,Wednesday,3,Summer,0,7
2025-03-27,P001,Rice,Grocery,24,62.39,78,Thursday,3,Summer,0,5
2025-03-27,P002,Wheat,Grocery,20,44.56,68,Thursday,3,Summer,0,5
2025-03-27,P003,Sugar,Grocery,16,50.76,21,Thursday,3,Summer,0,4
2025-03-27,P004,Cooking Oil,Grocery,12,117.63,41,Thursday,3,Summer,0,6
2025-03-27,P005,Milk,Dairy,26,39.54,115,Thursday,3,Summer,0,2
2025-03-27,P006,Bread,Bakery,21,36.3,57,Thursday,3,Summer,0,2
2025-03-27,P007,Eggs,Dairy,50,7.26,85,Thursday,3,Summer,0,2
2025-03-27,P008,Biscuits,Snacks,25,31.15,69,Thursday,3,Summer,0,4
2025-03-27,P009,Soap,Personal Care,9,35.26,35,Thursday,3,Summer,0,7
2025-03-27,P010,Shampoo,Personal Care,6,115.74,76,Thursday,3,Summer,0,7
2025-03-28,P001,Rice,Grocery,26,61.74,107,Friday,3,Summer,0,5
2025-03-28,P002,Wheat,Grocery,16,43.18,71,Friday,3,Summer,0,5
2025-03-28,P003,Sugar,Grocery,24,50.69,79,Friday,3,Summer,0,4
2025-03-28,P004,Cooking Oil,Grocery,7,117.43,56,Friday,3,Summer,0,6
2025-03-28,P005,Milk,Dairy,49,38.44,187,Friday,3,Summer,0,2
2025-03-28,P006,Bread,Bakery,34,34.48,71,Friday,3,Summer,0,2
2025-03-28,P007,Eggs,Dairy,48,6.79,109,Friday,3,Summer,0,2
2025-03-28,P008,Biscuits,Snacks,20,30.32,54,Friday,3,Summer,0,4
2025-03-28,P009,Soap,Personal Care,11,36.0,44,Friday,3,Summer,0,7
2025-03-28,P010,Shampoo,Personal Care,8,123.94,76,Friday,3,Summer,0,7
2025-03-29,P001,Rice,Grocery,31,59.47,109,Saturday,3,Summer,0,5
2025-03-29,P002,Wheat,Grocery,18,44.85,48,Saturday,3,Summer,0,5
2025-03-29,P003,Sugar,Grocery,20,49.15,105,Saturday,3,Summer,0,4
2025-03-29,P004,Cooking Oil,Grocery,12,119.1,79,Saturday,3,Summer,0,6
2025-03-29,P005,Milk,Dairy,59,40.7,215,Saturday,3,Summer,0,2
2025-03-29,P006,Bread,Bakery,29,35.38,62,Saturday,3,Summer,0,2
2025-03-29,P007,Eggs,Dairy,50,7.1,251,Saturday,3,Summer,0,2
2025-03-29,P008,Biscuits,Snacks,23,29.11,35,Saturday,3,Summer,0,4
2025-03-29,P009,Soap,Personal Care,10,34.44,52,Saturday,3,Summer,0,7
2025-03-29,P010,Shampoo,Personal Care,10,121.47,91,Saturday,3,Summer,0,7
2025-03-30,P001,Rice,Grocery,28,62.35,127,Sunday,3,Summer,0,5
2025-03-30,P002,Wheat,Grocery,23,47.2,30,Sunday,3,Summer,0,5
2025-03-30,P003,Sugar,Grocery,21,48.84,95,Sunday,3,Summer,0,4
2025-03-30,P004,Cooking Oil,Grocery,15,115.87,43,Sunday,3,Summer,0,6
2025-03-30,P005,Milk,Dairy,54,41.84,158,Sunday,3,Summer,0,2
2025-03-30,P006,Bread,Bakery,38,33.71,88,Sunday,3,Summer,0,2
2025-03-30,P007,Eggs,Dairy,42,6.95,219,Sunday,3,Summer,0,2
2025-03-30,P008,Biscuits,Snacks,23,30.02,48,Sunday,3,Summer,0,4
2025-03-30,P009,Soap,Personal Care,11,36.27,34,Sunday,3,Summer,0,7
2025-03-30,P010,Shampoo,Personal Care,6,114.41,95,Sunday,3,Summer,0,7
2025-03-31,P001,Rice,Grocery,23,59.98,136,Monday,3,Summer,0,5
2025-03-31,P002,Wheat,Grocery,15,46.23,94,Monday,3,Summer,0,5
2025-03-31,P003,Sugar,Grocery,21,49.85,106,Monday,3,Summer,0,4
2025-03-31,P004,Cooking Oil,Grocery,12,118.32,97,Monday,3,Summer,0,6
2025-03-31,P005,Milk,Dairy,39,39.47,161,Monday,3,Summer,0,2
2025-03-31,P006,Bread,Bakery,31,33.49,40,Monday,3,Summer,0,2
2025-03-31,P007,Eggs,Dairy,53,7.21,120,Monday,3,Summer,0,2
2025-03-31,P008,Biscuits,Snacks,26,29.36,108,Monday,3,Summer,0,4
2025-03-31,P009,Soap,Personal Care,10,34.86,46,Monday,3,Summer,0,7
2025-03-31,P010,Shampoo,Personal Care,8,122.38,72,Monday,3,Summer,0,7
2025-04-01,P001,Rice,Grocery,25,59.3,110,Tuesday,4,Summer,0,5
2025-04-01,P002,Wheat,Grocery,14,44.34,99,Tuesday,4,Summer,0,5
2025-04-01,P003,Sugar,Grocery,25,51.53,57,Tuesday,4,Summer,0,4
2025-04-01,P004,Cooking Oil,Grocery,13,125.07,23,Tuesday,4,Summer,0,6
2025-04-01,P005,Milk,Dairy,36,41.77,213,Tuesday,4,Summer,0,2
2025-04-01,P006,Bread,Bakery,30,36.3,161,Tuesday,4,Summer,0,2
2025-04-01,P007,Eggs,Dairy,44,7.18,165,Tuesday,4,Summer,0,2
2025-04-01,P008,Biscuits,Snacks,21,29.59,112,Tuesday,4,Summer,0,4
2025-04-01,P009,Soap,Personal Care,10,36.06,70,Tuesday,4,Summer,0,7
2025-04-01,P010,Shampoo,Personal Care,7,120.47,22,Tuesday,4,Summer,0,7
2025-04-02,P001,Rice,Grocery,24,59.72,28,Wednesday,4,Summer,0,5
2025-04-02,P002,Wheat,Grocery,14,44.55,59,Wednesday,4,Summer,0,5
2025-04-02,P003,Sugar,Grocery,18,50.78,83,Wednesday,4,Summer,0,4
2025-04-02,P004,Cooking Oil,Grocery,12,123.13,66,Wednesday,4,Summer,0,6
2025-04-02,P005,Milk,Dairy,46,38.69,93,Wednesday,4,Summer,0,2
2025-04-02,P006,Bread,Bakery,25,34.64,124,Wednesday,4,Summer,0,2
2025-04-02,P007,Eggs,Dairy,51,6.91,117,Wednesday,4,Summer,0,2
2025-04-02,P008,Biscuits,Snacks,28,29.77,43,Wednesday,4,Summer,0,4
2025-04-02,P009,Soap,Personal Care,13,35.33,85,Wednesday,4,Summer,0,7
2025-04-02,P010,Shampoo,Personal Care,6,123.44,95,Wednesday,4,Summer,0,7
2025-04-03,P001,Rice,Grocery,21,58.18,118,Thursday,4,Summer,0,5
2025-04-03,P002,Wheat,Grocery,18,43.93,96,Thursday,4,Summer,0,5
2025-04-03,P003,Sugar,Grocery,19,49.17,32,Thursday,4,Summer,0,4
2025-04-03,P004,Cooking Oil,Grocery,13,119.97,97,Thursday,4,Summer,0,6
2025-04-03,P005,Milk,Dairy,42,40.08,238,Thursday,4,Summer,0,2
2025-04-03,P006,Bread,Bakery,27,34.1,71,Thursday,4,Summer,0,2
2025-04-03,P007,Eggs,Dairy,41,7.23,107,Thursday,4,Summer,0,2
2025-04-03,P008,Biscuits,Snacks,25,31.29,128,Thursday,4,Summer,0,4
2025-04-03,P009,Soap,Personal Care,9,36.68,90,Thursday,4,Summer,0,7
2025-04-03,P010,Shampoo,Personal Care,6,119.54,97,Thursday,4,Summer,0,7
2025-04-04,P001,Rice,Grocery,22,58.65,73,Friday,4,Summer,0,5
2025-04-04,P002,Wheat,Grocery,14,43.48,27,Friday,4,Summer,0,5
2025-04-04,P003,Sugar,Grocery,15,51.77,26,Friday,4,Summer,0,4
2025-04-04,P004,Cooking Oil,Grocery,12,124.92,92,Friday,4,Summer,0,6
2025-04-04,P005,Milk,Dairy,38,39.1,48,Friday,4,Summer,0,2
2025-04-04,P006,Bread,Bakery,32,35.35,87,Friday,4,Summer,0,2
2025-04-04,P007,Eggs,Dairy,49,7.13,113,Friday,4,Summer,0,2
2025-04-04,P008,Biscuits,Snacks,22,28.95,36,Friday,4,Summer,0,4
2025-04-04,P009,Soap,Personal Care,9,36.0,83,Friday,4,Summer,0,7
2025-04-04,P010,Shampoo,Personal Care,7,117.0,51,Friday,4,Summer,0,7
2025-04-05,P001,Rice,Grocery,23,58.5,99,Saturday,4,Summer,0,5
2025-04-05,P002,Wheat,Grocery,23,46.41,79,Saturday,4,Summer,0,5
2025-04-05,P003,Sugar,Grocery,20,51.74,114,Saturday,4,Summer,0,4
2025-04-05,P004,Cooking Oil,Grocery,15,117.34,70,Saturday,4,Summer,0,6
2025-04-05,P005,Milk,Dairy,49,40.21,210,Saturday,4,Summer,0,2
2025-04-05,P006,Bread,Bakery,26,35.6,101,Saturday,4,Summer,0,2
2025-04-05,P007,Eggs,Dairy,53,6.91,76,Saturday,4,Summer,0,2
2025-04-05,P008,Biscuits,Snacks,28,30.01,163,Saturday,4,Summer,0,4
2025-04-05,P009,Soap,Personal Care,10,35.7,86,Saturday,4,Summer,0,7
2025-04-05,P010,Shampoo,Personal Care,5,124.02,55,Saturday,4,Summer,0,7
2025-04-06,P001,Rice,Grocery,27,57.19,106,Sunday,4,Summer,0,5
2025-04-06,P002,Wheat,Grocery,22,45.01,34,Sunday,4,Summer,0,5
2025-04-06,P003,Sugar,Grocery,13,52.03,92,Sunday,4,Summer,0,4
2025-04-06,P004,Cooking Oil,Grocery,15,118.6,77,Sunday,4,Summer,0,6
2025-04-06,P005,Milk,Dairy,34,38.53,68,Sunday,4,Summer,0,2
2025-04-06,P006,Bread,Bakery,32,36.44,55,Sunday,4,Summer,0,2
2025-04-06,P007,Eggs,Dairy,62,7.12,293,Sunday,4,Summer,0,2
2025-04-06,P008,Biscuits,Snacks,23,31.37,121,Sunday,4,Summer,0,4
2025-04-06,P009,Soap,Personal Care,11,35.75,95,Sunday,4,Summer,0,7
2025-04-06,P010,Shampoo,Personal Care,8,120.46,21,Sunday,4,Summer,0,7
2025-04-07,P001,Rice,Grocery,28,58.26,68,Monday,4,Summer,0,5
2025-04-07,P002,Wheat,Grocery,13,44.68,87,Monday,4,Summer,0,5
2025-04-07,P003,Sugar,Grocery,22,48.72,117,Monday,4,Summer,0,4
2025-04-07,P004,Cooking Oil,Grocery,14,114.48,48,Monday,4,Summer,0,6
2025-04-07,P005,Milk,Dairy,42,38.91,215,Monday,4,Summer,0,2
2025-04-07,P006,Bread,Bakery,32,35.2,50,Monday,4,Summer,0,2
2025-04-07,P007,Eggs,Dairy,46,7.09,73,Monday,4,Summer,0,2
2025-04-07,P008,Biscuits,Snacks,26,29.42,138,Monday,4,Summer,0,4
2025-04-07,P009,Soap,Personal Care,12,34.39,30,Monday,4,Summer,0,7
2025-04-07,P010,Shampoo,Personal Care,7,123.23,65,Monday,4,Summer,0,7
2025-04-08,P001,Rice,Grocery,26,59.54,48,Tuesday,4,Summer,0,5
2025-04-08,P002,Wheat,Grocery,13,47.04,74,Tuesday,4,Summer,0,5
2025-04-08,P003,Sugar,Grocery,20,51.09,67,Tuesday,4,Summer,0,4
2025-04-08,P004,Cooking Oil,Grocery,15,122.93,54,Tuesday,4,Summer,0,6
2025-04-08,P005,Milk,Dairy,44,39.59,129,Tuesday,4,Summer,0,2
2025-04-08,P006,Bread,Bakery,30,35.5,167,Tuesday,4,Summer,0,2
2025-04-08,P007,Eggs,Dairy,45,6.76,224,Tuesday,4,Summer,0,2
2025-04-08,P008,Biscuits,Snacks,17,29.86,34,Tuesday,4,Summer,0,4
2025-04-08,P009,Soap,Personal Care,10,36.38,79,Tuesday,4,Summer,0,7
2025-04-08,P010,Shampoo,Personal Care,5,123.8,89,Tuesday,4,Summer,0,7
2025-04-09,P001,Rice,Grocery,29,61.54,148,Wednesday,4,Summer,0,5
2025-04-09,P002,Wheat,Grocery,18,47.24,84,Wednesday,4,Summer,0,5
2025-04-09,P003,Sugar,Grocery,25,49.2,89,Wednesday,4,Summer,0,4
2025-04-09,P004,Cooking Oil,Grocery,11,115.24,78,Wednesday,4,Summer,0,6
2025-04-09,P005,Milk,Dairy,44,40.17,126,Wednesday,4,Summer,0,2
2025-04-09,P006,Bread,Bakery,30,33.33,128,Wednesday,4,Summer,0,2
2025-04-09,P007,Eggs,Dairy,52,6.99,146,Wednesday,4,Summer,0,2
2025-04-09,P008,Biscuits,Snacks,31,31.04,93,Wednesday,4,Summer,0,4
2025-04-09,P009,Soap,Personal Care,8,35.05,21,Wednesday,4,Summer,0,7
2025-04-09,P010,Shampoo,Personal Care,6,114.39,29,Wednesday,4,Summer,0,7
2025-04-10,P001,Rice,Grocery,22,58.05,47,Thursday,4,Summer,0,5
2025-04-10,P002,Wheat,Grocery,8,45.42,50,Thursday,4,Summer,0,5
2025-04-10,P003,Sugar,Grocery,22,47.78,27,Thursday,4,Summer,0,4
2025-04-10,P004,Cooking Oil,Grocery,14,125.57,28,Thursday,4,Summer,0,6
2025-04-10,P005,Milk,Dairy,28,40.74,29,Thursday,4,Summer,0,2
2025-04-10,P006,Bread,Bakery,30,36.68,62,Thursday,4,Summer,0,2
2025-04-10,P007,Eggs,Dairy,39,7.35,78,Thursday,4,Summer,0,2
2025-04-10,P008,Biscuits,Snacks,23,29.92,56,Thursday,4,Summer,0,4
2025-04-10,P009,Soap,Personal Care,7,35.64,70,Thursday,4,Summer,0,7
2025-04-10,P010,Shampoo,Personal Care,7,121.06,23,Thursday,4,Summer,0,7
2025-04-11,P001,Rice,Grocery,25,60.12,111,Friday,4,Summer,0,5
2025-04-11,P002,Wheat,Grocery,13,44.95,58,Friday,4,Summer,0,5
2025-04-11,P003,Sugar,Grocery,15,48.45,88,Friday,4,Summer,0,4
2025-04-11,P004,Cooking Oil,Grocery,15,120.67,90,Friday,4,Summer,0,6
2025-04-11,P005,Milk,Dairy,40,38.92,127,Friday,4,Summer,0,2
2025-04-11,P006,Bread,Bakery,24,36.59,59,Friday,4,Summer,0,2
2025-04-11,P007,Eggs,Dairy,31,7.1,94,Friday,4,Summer,0,2
2025-04-11,P008,Biscuits,Snacks,20,30.63,116,Friday,4,Summer,0,4
2025-04-11,P009,Soap,Personal Care,12,36.27,80,Friday,4,Summer,0,7
2025-04-11,P010,Shampoo,Personal Care,9,115.87,35,Friday,4,Summer,0,7
2025-04-12,P001,Rice,Grocery,26,62.01,51,Saturday,4,Summer,0,5
2025-04-12,P002,Wheat,Grocery,17,43.28,89,Saturday,4,Summer,0,5
2025-04-12,P003,Sugar,Grocery,25,47.83,136,Saturday,4,Summer,0,4
2025-04-12,P004,Cooking Oil,Grocery,15,124.46,73,Saturday,4,Summer,0,6
2025-04-12,P005,Milk,Dairy,45,40.51,141,Saturday,4,Summer,0,2
2025-04-12,P006,Bread,Bakery,40,36.48,200,Saturday,4,Summer,0,2
2025-04-12,P007,Eggs,Dairy,58,7.27,157,Saturday,4,Summer,0,2
2025-04-12,P008,Biscuits,Snacks,26,30.77,28,Saturday,4,Summer,0,4
2025-04-12,P009,Soap,Personal Care,9,35.55,51,Saturday,4,Summer,0,7
2025-04-12,P010,Shampoo,Personal Care,7,120.42,35,Saturday,4,Summer,0,7
2025-04-13,P001,Rice,Grocery,29,57.82,40,Sunday,4,Summer,0,5
2025-04-13,P002,Wheat,Grocery,16,46.59,64,Sunday,4,Summer,0,5
2025-04-13,P003,Sugar,Grocery,29,50.05,29,Sunday,4,Summer,0,4
2025-04-13,P004,Cooking Oil,Grocery,12,125.59,39,Sunday,4,Summer,0,6
2025-04-13,P005,Milk,Dairy,41,40.2,150,Sunday,4,Summer,0,2
2025-04-13,P006,Bread,Bakery,33,33.26,66,Sunday,4,Summer,0,2
2025-04-13,P007,Eggs,Dairy,38,6.76,116,Sunday,4,Summer,0,2
2025-04-13,P008,Biscuits,Snacks,25,31.04,101,Sunday,4,Summer,0,4
2025-04-13,P009,Soap,Personal Care,11,36.41,78,Sunday,4,Summer,0,7
2025-04-13,P010,Shampoo,Personal Care,6,125.01,67,Sunday,4,Summer,0,7
2025-04-14,P001,Rice,Grocery,29,59.54,64,Monday,4,Summer,0,5
2025-04-14,P002,Wheat,Grocery,16,45.41,94,Monday,4,Summer,0,5
2025-04-14,P003,Sugar,Grocery,19,51.48,48,Monday,4,Summer,0,4
2025-04-14,P004,Cooking Oil,Grocery,9,115.68,76,Monday,4,Summer,0,6
2025-04-14,P005,Milk,Dairy,47,40.25,157,Monday,4,Summer,0,2
2025-04-14,P006,Bread,Bakery,34,36.07,55,Monday,4,Summer,0,2
2025-04-14,P007,Eggs,Dairy,48,6.9,161,Monday,4,Summer,0,2
2025-04-14,P008,Biscuits,Snacks,20,30.95,118,Monday,4,Summer,0,4
2025-04-14,P009,Soap,Personal Care,9,34.59,71,Monday,4,Summer,0,7
2025-04-14,P010,Shampoo,Personal Care,6,114.57,45,Monday,4,Summer,0,7
2025-04-15,P001,Rice,Grocery,27,60.71,143,Tuesday,4,Summer,0,5
2025-04-15,P002,Wheat,Grocery,16,43.77,30,Tuesday,4,Summer,0,5
2025-04-15,P003,Sugar,Grocery,18,51.69,101,Tuesday,4,Summer,0,4
2025-04-15,P004,Cooking Oil,Grocery,12,120.93,31,Tuesday,4,Summer,0,6
2025-04-15,P005,Milk,Dairy,42,41.77,83,Tuesday,4,Summer,0,2
2025-04-15,P006,Bread,Bakery,31,34.11,127,Tuesday,4,Summer,0,2
2025-04-15,P007,Eggs,Dairy,56,6.89,58,Tuesday,4,Summer,0,2
2025-04-15,P008,Biscuits,Snacks,25,30.16,49,Tuesday,4,Summer,0,4
2025-04-15,P009,Soap,Personal Care,8,35.4,40,Tuesday,4,Summer,0,7
2025-04-15,P010,Shampoo,Personal Care,7,114.12,87,Tuesday,4,Summer,0,7
2025-04-16,P001,Rice,Grocery,23,59.62,83,Wednesday,4,Summer,0,5
2025-04-16,P002,Wheat,Grocery,18,43.85,66,Wednesday,4,Summer,0,5
2025-04-16,P003,Sugar,Grocery,24,48.18,89,Wednesday,4,Summer,0,4
2025-04-16,P004,Cooking Oil,Grocery,9,124.9,29,Wednesday,4,Summer,0,6
2025-04-16,P005,Milk,Dairy,41,38.95,49,Wednesday,4,Summer,0,2
2025-04-16,P006,Bread,Bakery,29,34.53,156,Wednesday,4,Summer,0,2
2025-04-16,P007,Eggs,Dairy,56,6.77,227,Wednesday,4,Summer,0,2
2025-04-16,P008,Biscuits,Snacks,24,29.28,143,Wednesday,4,Summer,0,4
2025-04-16,P009,Soap,Personal Care,11,33.45,45,Wednesday,4,Summer,0,7
2025-04-16,P010,Shampoo,Personal Care,6,116.19,98,Wednesday,4,Summer,0,7
2025-04-17,P001,Rice,Grocery,25,58.99,65,Thursday,4,Summer,0,5
2025-04-17,P002,Wheat,Grocery,13,45.47,50,Thursday,4,Summer,0,5
2025-04-17,P003,Sugar,Grocery,14,52.35,80,Thursday,4,Summer,0,4
2025-04-17,P004,Cooking Oil,Grocery,15,118.48,93,Thursday,4,Summer,0,6
2025-04-17,P005,Milk,Dairy,34,41.69,113,Thursday,4,Summer,0,2
2025-04-17,P006,Bread,Bakery,33,36.39,62,Thursday,4,Summer,0,2
2025-04-17,P007,Eggs,Dairy,38,6.7,116,Thursday,4,Summer,0,2
2025-04-17,P008,Biscuits,Snacks,27,31.37,116,Thursday,4,Summer,0,4
2025-04-17,P009,Soap,Personal Care,9,34.09,90,Thursday,4,Summer,0,7
2025-04-17,P010,Shampoo,Personal Care,6,115.41,30,Thursday,4,Summer,0,7
2025-04-18,P001,Rice,Grocery,23,60.48,78,Friday,4,Summer,0,5
2025-04-18,P002,Wheat,Grocery,16,44.25,83,Friday,4,Summer,0,5
2025-04-18,P003,Sugar,Grocery,19,48.7,69,Friday,4,Summer,0,4
2025-04-18,P004,Cooking Oil,Grocery,10,123.51,68,Friday,4,Summer,0,6
2025-04-18,P005,Milk,Dairy,44,38.84,148,Friday,4,Summer,0,2
2025-04-18,P006,Bread,Bakery,26,36.33,41,Friday,4,Summer,0,2
2025-04-18,P007,Eggs,Dairy,40,6.69,177,Friday,4,Summer,0,2
2025-04-18,P008,Biscuits,Snacks,29,28.98,113,Friday,4,Summer,0,4
2025-04-18,P009,Soap,Personal Care,10,35.05,69,Friday,4,Summer,0,7
2025-04-18,P010,Shampoo,Personal Care,10,118.39,89,Friday,4,Summer,0,7
2025-04-19,P001,Rice,Grocery,27,59.69,48,Saturday,4,Summer,0,5
2025-04-19,P002,Wheat,Grocery,22,45.96,105,Saturday,4,Summer,0,5
2025-04-19,P003,Sugar,Grocery,17,50.42,67,Saturday,4,Summer,0,4
2025-04-19,P004,Cooking Oil,Grocery,16,125.9,87,Saturday,4,Summer,0,6
2025-04-19,P005,Milk,Dairy,35,40.28,49,Saturday,4,Summer,0,2
2025-04-19,P006,Bread,Bakery,37,34.48,155,Saturday,4,Summer,0,2
2025-04-19,P007,Eggs,Dairy,50,7.02,220,Saturday,4,Summer,0,2
2025-04-19,P008,Biscuits,Snacks,24,30.06,25,Saturday,4,Summer,0,4
2025-04-19,P009,Soap,Personal Care,12,34.18,66,Saturday,4,Summer,0,7
2025-04-19,P010,Shampoo,Personal Care,8,117.68,69,Saturday,4,Summer,0,7
2025-04-20,P001,Rice,Grocery,17,62.05,53,Sunday,4,Summer,0,5
2025-04-20,P002,Wheat,Grocery,23,44.05,84,Sunday,4,Summer,0,5
2025-04-20,P003,Sugar,Grocery,21,47.89,61,Sunday,4,Summer,0,4
2025-04-20,P004,Cooking Oil,Grocery,14,119.28,42,Sunday,4,Summer,0,6
2025-04-20,P005,Milk,Dairy,39,38.67,118,Sunday,4,Summer,0,2
2025-04-20,P006,Bread,Bakery,38,34.39,100,Sunday,4,Summer,0,2
2025-04-20,P007,Eggs,Dairy,67,7.2,376,Sunday,4,Summer,0,2
2025-04-20,P008,Biscuits,Snacks,22,30.17,64,Sunday,4,Summer,0,4
2025-04-20,P009,Soap,Personal Care,14,34.12,85,Sunday,4,Summer,0,7
2025-04-20,P010,Shampoo,Personal Care,9,121.74,23,Sunday,4,Summer,0,7
2025-04-21,P001,Rice,Grocery,27,61.21,149,Monday,4,Summer,0,5
2025-04-21,P002,Wheat,Grocery,20,43.88,100,Monday,4,Summer,0,5
2025-04-21,P003,Sugar,Grocery,24,48.63,128,Monday,4,Summer,0,4
2025-04-21,P004,Cooking Oil,Grocery,13,116.6,69,Monday,4,Summer,0,6
2025-04-21,P005,Milk,Dairy,38,41.38,137,Monday,4,Summer,0,2
2025-04-21,P006,Bread,Bakery,34,33.3,80,Monday,4,Summer,0,2
2025-04-21,P007,Eggs,Dairy,50,7.09,239,Monday,4,Summer,0,2
2025-04-21,P008,Biscuits,Snacks,26,28.52,29,Monday,4,Summer,0,4
2025-04-21,P009,Soap,Personal Care,7,35.92,99,Monday,4,Summer,0,7
2025-04-21,P010,Shampoo,Personal Care,6,123.89,25,Monday,4,Summer,0,7
2025-04-22,P001,Rice,Grocery,25,57.7,121,Tuesday,4,Summer,0,5
2025-04-22,P002,Wheat,Grocery,16,44.64,50,Tuesday,4,Summer,0,5
2025-04-22,P003,Sugar,Grocery,19,49.81,46,Tuesday,4,Summer,0,4
2025-04-22,P004,Cooking Oil,Grocery,9,122.41,64,Tuesday,4,Summer,0,6
2025-04-22,P005,Milk,Dairy,34,38.55,192,Tuesday,4,Summer,0,2
2025-04-22,P006,Bread,Bakery,29,35.18,138,Tuesday,4,Summer,0,2
2025-04-22,P007,Eggs,Dairy,40,6.99,173,Tuesday,4,Summer,0,2
2025-04-22,P008,Biscuits,Snacks,21,28.94,105,Tuesday,4,Summer,0,4
2025-04-22,P009,Soap,Personal Care,9,35.74,66,Tuesday,4,Summer,0,7
2025-04-22,P010,Shampoo,Personal Care,5,125.96,72,Tuesday,4,Summer,0,7
2025-04-23,P001,Rice,Grocery,29,59.46,135,Wednesday,4,Summer,0,5
2025-04-23,P002,Wheat,Grocery,17,44.27,30,Wednesday,4,Summer,0,5
2025-04-23,P003,Sugar,Grocery,11,47.72,87,Wednesday,4,Summer,0,4
2025-04-23,P004,Cooking Oil,Grocery,10,121.15,95,Wednesday,4,Summer,0,6
2025-04-23,P005,Milk,Dairy,34,40.8,124,Wednesday,4,Summer,0,2
2025-04-23,P006,Bread,Bakery,24,34.96,72,Wednesday,4,Summer,0,2
2025-04-23,P007,Eggs,Dairy,54,7.06,161,Wednesday,4,Summer,0,2
2025-04-23,P008,Biscuits,Snacks,30,28.51,115,Wednesday,4,Summer,0,4
2025-04-23,P009,Soap,Personal Care,10,36.38,33,Wednesday,4,Summer,0,7
2025-04-23,P010,Shampoo,Personal Care,6,125.35,99,Wednesday,4,Summer,0,7
2025-04-24,P001,Rice,Grocery,23,61.0,119,Thursday,4,Summer,0,5
2025-04-24,P002,Wheat,Grocery,18,44.16,88,Thursday,4,Summer,0,5
2025-04-24,P003,Sugar,Grocery,21,50.41,93,Thursday,4,Summer,0,4
2025-04-24,P004,Cooking Oil,Grocery,11,118.62,39,Thursday,4,Summer,0,6
2025-04-24,P005,Milk,Dairy,40,41.71,226,Thursday,4,Summer,0,2
2025-04-24,P006,Bread,Bakery,27,33.78,55,Thursday,4,Summer,0,2
2025-04-24,P007,Eggs,Dairy,41,6.72,74,Thursday,4,Summer,0,2
2025-04-24,P008,Biscuits,Snacks,33,28.52,187,Thursday,4,Summer,0,4
2025-04-24,P009,Soap,Personal Care,10,34.12,23,Thursday,4,Summer,0,7
2025-04-24,P010,Shampoo,Personal Care,6,117.13,37,Thursday,4,Summer,0,7
2025-04-25,P001,Rice,Grocery,20,59.39,92,Friday,4,Summer,0,5
2025-04-25,P002,Wheat,Grocery,19,44.91,56,Friday,4,Summer,0,5
2025-04-25,P003,Sugar,Grocery,19,50.01,85,Friday,4,Summer,0,4
2025-04-25,P004,Cooking Oil,Grocery,13,118.32,62,Friday,4,Summer,0,6
2025-04-25,P005,Milk,Dairy,40,39.04,52,Friday,4,Summer,0,2
2025-04-25,P006,Bread,Bakery,21,34.51,102,Friday,4,Summer,0,2
2025-04-25,P007,Eggs,Dairy,41,7.04,81,Friday,4,Summer,0,2
2025-04-25,P008,Biscuits,Snacks,16,29.48,21,Friday,4,Summer,0,4
2025-04-25,P009,Soap,Personal Care,5,35.64,88,Friday,4,Summer,0,7
2025-04-25,P010,Shampoo,Personal Care,7,114.36,91,Friday,4,Summer,0,7
2025-04-26,P001,Rice,Grocery,30,57.61,142,Saturday,4,Summer,0,5
2025-04-26,P002,Wheat,Grocery,14,43.79,68,Saturday,4,Summer,0,5
2025-04-26,P003,Sugar,Grocery,21,49.64,104,Saturday,4,Summer,0,4
2025-04-26,P004,Cooking Oil,Grocery,18,125.93,22,Saturday,4,Summer,0,6
2025-04-26,P005,Milk,Dairy,42,41.22,91,Saturday,4,Summer,0,2
2025-04-26,P006,Bread,Bakery,33,34.03,168,Saturday,4,Summer,0,2
2025-04-26,P007,Eggs,Dairy,54,6.75,177,Saturday,4,Summer,0,2
2025-04-26,P008,Biscuits,Snacks,18,28.86,30,Saturday,4,Summer,0,4
2025-04-26,P009,Soap,Personal Care,11,34.04,86,Saturday,4,Summer,0,7
2025-04-26,P010,Shampoo,Personal Care,8,121.28,57,Saturday,4,Summer,0,7
2025-04-27,P001,Rice,Grocery,29,62.05,66,Sunday,4,Summer,0,5
2025-04-27,P002,Wheat,Grocery,24,42.87,142,Sunday,4,Summer,0,5
2025-04-27,P003,Sugar,Grocery,27,52.19,56,Sunday,4,Summer,0,4
2025-04-27,P004,Cooking Oil,Grocery,9,123.45,75,Sunday,4,Summer,0,6
2025-04-27,P005,Milk,Dairy,42,39.61,85,Sunday,4,Summer,0,2
2025-04-27,P006,Bread,Bakery,30,33.92,41,Sunday,4,Summer,0,2
2025-04-27,P007,Eggs,Dairy,58,7.01,257,Sunday,4,Summer,0,2
2025-04-27,P008,Biscuits,Snacks,32,30.18,35,Sunday,4,Summer,0,4
2025-04-27,P009,Soap,Personal Care,12,35.94,72,Sunday,4,Summer,0,7
2025-04-27,P010,Shampoo,Personal Care,9,117.86,54,Sunday,4,Summer,0,7
2025-04-28,P001,Rice,Grocery,30,61.83,175,Monday,4,Summer,0,5
2025-04-28,P002,Wheat,Grocery,19,46.85,62,Monday,4,Summer,0,5
2025-04-28,P003,Sugar,Grocery,21,49.63,76,Monday,4,Summer,0,4
2025-04-28,P004,Cooking Oil,Grocery,11,118.98,66,Monday,4,Summer,0,6
2025-04-28,P005,Milk,Dairy,42,39.97,63,Monday,4,Summer,0,2
2025-04-28,P006,Bread,Bakery,29,33.87,47,Monday,4,Summer,0,2
2025-04-28,P007,Eggs,Dairy,43,7.29,170,Monday,4,Summer,0,2
2025-04-28,P008,Biscuits,Snacks,23,30.7,129,Monday,4,Summer,0,4
2025-04-28,P009,Soap,Personal Care,7,34.01,30,Monday,4,Summer,0,7
2025-04-28,P010,Shampoo,Personal Care,7,118.07,64,Monday,4,Summer,0,7
2025-04-29,P001,Rice,Grocery,29,60.28,143,Tuesday,4,Summer,0,5
2025-04-29,P002,Wheat,Grocery,17,44.2,35,Tuesday,4,Summer,0,5
2025-04-29,P003,Sugar,Grocery,24,48.77,97,Tuesday,4,Summer,0,4
2025-04-29,P004,Cooking Oil,Grocery,14,125.6,56,Tuesday,4,Summer,0,6
2025-04-29,P005,Milk,Dairy,31,41.35,90,Tuesday,4,Summer,0,2
2025-04-29,P006,Bread,Bakery,28,36.6,124,Tuesday,4,Summer,0,2
2025-04-29,P007,Eggs,Dairy,52,6.94,87,Tuesday,4,Summer,0,2
2025-04-29,P008,Biscuits,Snacks,15,30.95,31,Tuesday,4,Summer,0,4
2025-04-29,P009,Soap,Personal Care,11,35.44,58,Tuesday,4,Summer,0,7
2025-04-29,P010,Shampoo,Personal Care,6,122.94,72,Tuesday,4,Summer,0,7
2025-04-30,P001,Rice,Grocery,19,57.55,54,Wednesday,4,Summer,0,5
2025-04-30,P002,Wheat,Grocery,15,44.33,31,Wednesday,4,Summer,0,5
2025-04-30,P003,Sugar,Grocery,20,49.88,69,Wednesday,4,Summer,0,4
2025-04-30,P004,Cooking Oil,Grocery,16,125.38,100,Wednesday,4,Summer,0,6
2025-04-30,P005,Milk,Dairy,36,40.04,118,Wednesday,4,Summer,0,2
2025-04-30,P006,Bread,Bakery,25,36.5,107,Wednesday,4,Summer,0,2
2025-04-30,P007,Eggs,Dairy,50,6.72,91,Wednesday,4,Summer,0,2
2025-04-30,P008,Biscuits,Snacks,22,29.6,93,Wednesday,4,Summer,0,4
2025-04-30,P009,Soap,Personal Care,10,34.06,61,Wednesday,4,Summer,0,7
2025-04-30,P010,Shampoo,Personal Care,6,116.65,46,Wednesday,4,Summer,0,7
2025-05-01,P001,Rice,Grocery,33,62.31,107,Thursday,5,Summer,0,5
2025-05-01,P002,Wheat,Grocery,17,46.57,44,Thursday,5,Summer,0,5
2025-05-01,P003,Sugar,Grocery,16,48.17,88,Thursday,5,Summer,0,4
2025-05-01,P004,Cooking Oil,Grocery,15,124.59,21,Thursday,5,Summer,0,6
2025-05-01,P005,Milk,Dairy,32,41.4,190,Thursday,5,Summer,0,2
2025-05-01,P006,Bread,Bakery,33,34.81,130,Thursday,5,Summer,0,2
2025-05-01,P007,Eggs,Dairy,46,7.15,199,Thursday,5,Summer,0,2
2025-05-01,P008,Biscuits,Snacks,19,28.52,86,Thursday,5,Summer,0,4
2025-05-01,P009,Soap,Personal Care,9,36.3,72,Thursday,5,Summer,0,7
2025-05-01,P010,Shampoo,Personal Care,6,115.68,51,Thursday,5,Summer,0,7
2025-05-02,P001,Rice,Grocery,21,57.67,69,Friday,5,Summer,0,5
2025-05-02,P002,Wheat,Grocery,23,43.99,59,Friday,5,Summer,0,5
2025-05-02,P003,Sugar,Grocery,18,50.08,39,Friday,5,Summer,0,4
2025-05-02,P004,Cooking Oil,Grocery,12,122.49,98,Friday,5,Summer,0,6
2025-05-02,P005,Milk,Dairy,40,39.13,79,Friday,5,Summer,0,2
2025-05-02,P006,Bread,Bakery,30,35.73,146,Friday,5,Summer,0,2
2025-05-02,P007,Eggs,Dairy,52,6.79,201,Friday,5,Summer,0,2
2025-05-02,P008,Biscuits,Snacks,21,29.94,109,Friday,5,Summer,0,4
2025-05-02,P009,Soap,Personal Care,12,34.82,50,Friday,5,Summer,0,7
2025-05-02,P010,Shampoo,Personal Care,5,118.75,52,Friday,5,Summer,0,7
2025-05-03,P001,Rice,Grocery,31,57.74,183,Saturday,5,Summer,0,5
2025-05-03,P002,Wheat,Grocery,21,44.64,65,Saturday,5,Summer,0,5
2025-05-03,P003,Sugar,Grocery,21,50.11,69,Saturday,5,Summer,0,4
2025-05-03,P004,Cooking Oil,Grocery,12,125.4,54,Saturday,5,Summer,0,6
2025-05-03,P005,Milk,Dairy,42,40.99,135,Saturday,5,Summer,0,2
2025-05-03,P006,Bread,Bakery,44,35.65,215,Saturday,5,Summer,0,2
2025-05-03,P007,Eggs,Dairy,57,7.13,242,Saturday,5,Summer,0,2
2025-05-03,P008,Biscuits,Snacks,33,29.89,162,Saturday,5,Summer,0,4
2025-05-03,P009,Soap,Personal Care,9,35.73,63,Saturday,5,Summer,0,7
2025-05-03,P010,Shampoo,Personal Care,6,115.78,23,Saturday,5,Summer,0,7
2025-05-04,P001,Rice,Grocery,25,59.35,68,Sunday,5,Summer,0,5
2025-05-04,P002,Wheat,Grocery,20,46.17,108,Sunday,5,Summer,0,5
2025-05-04,P003,Sugar,Grocery,24,51.74,40,Sunday,5,Summer,0,4
2025-05-04,P004,Cooking Oil,Grocery,12,120.24,80,Sunday,5,Summer,0,6
2025-05-04,P005,Milk,Dairy,40,40.09,98,Sunday,5,Summer,0,2
2025-05-04,P006,Bread,Bakery,35,34.83,90,Sunday,5,Summer,0,2
2025-05-04,P007,Eggs,Dairy,46,7.19,130,Sunday,5,Summer,0,2
2025-05-04,P008,Biscuits,Snacks,23,28.68,96,Sunday,5,Summer,0,4
2025-05-04,P009,Soap,Personal Care,9,35.31,21,Sunday,5,Summer,0,7
2025-05-04,P010,Shampoo,Personal Care,7,119.46,74,Sunday,5,Summer,0,7
2025-05-05,P001,Rice,Grocery,28,62.94,117,Monday,5,Summer,0,5
2025-05-05,P002,Wheat,Grocery,19,46.88,113,Monday,5,Summer,0,5
2025-05-05,P003,Sugar,Grocery,23,49.95,55,Monday,5,Summer,0,4
2025-05-05,P004,Cooking Oil,Grocery,15,122.67,70,Monday,5,Summer,0,6
2025-05-05,P005,Milk,Dairy,37,38.96,184,Monday,5,Summer,0,2
2025-05-05,P006,Bread,Bakery,29,36.37,162,Monday,5,Summer,0,2
2025-05-05,P007,Eggs,Dairy,46,7.11,128,Monday,5,Summer,0,2
2025-05-05,P008,Biscuits,Snacks,23,28.71,53,Monday,5,Summer,0,4
2025-05-05,P009,Soap,Personal Care,9,35.05,97,Monday,5,Summer,0,7
2025-05-05,P010,Shampoo,Personal Care,6,114.02,39,Monday,5,Summer,0,7
2025-05-06,P001,Rice,Grocery,20,61.08,113,Tuesday,5,Summer,0,5
2025-05-06,P002,Wheat,Grocery,14,45.42,39,Tuesday,5,Summer,0,5
2025-05-06,P003,Sugar,Grocery,20,52.49,120,Tuesday,5,Summer,0,4
2025-05-06,P004,Cooking Oil,Grocery,12,116.74,68,Tuesday,5,Summer,0,6
2025-05-06,P005,Milk,Dairy,34,40.82,124,Tuesday,5,Summer,0,2
2025-05-06,P006,Bread,Bakery,23,34.4,127,Tuesday,5,Summer,0,2
2025-05-06,P007,Eggs,Dairy,50,7.19,205,Tuesday,5,Summer,0,2
2025-05-06,P008,Biscuits,Snacks,19,30.82,51,Tuesday,5,Summer,0,4
2025-05-06,P009,Soap,Personal Care,9,34.66,61,Tuesday,5,Summer,0,7
2025-05-06,P010,Shampoo,Personal Care,8,122.62,53,Tuesday,5,Summer,0,7
2025-05-07,P001,Rice,Grocery,29,59.98,148,Wednesday,5,Summer,0,5
2025-05-07,P002,Wheat,Grocery,21,45.75,33,Wednesday,5,Summer,0,5
2025-05-07,P003,Sugar,Grocery,19,49.01,92,Wednesday,5,Summer,0,4
2025-05-07,P004,Cooking Oil,Grocery,15,125.91,71,Wednesday,5,Summer,0,6
2025-05-07,P005,Milk,Dairy,40,39.27,116,Wednesday,5,Summer,0,2
2025-05-07,P006,Bread,Bakery,32,35.17,39,Wednesday,5,Summer,0,2
2025-05-07,P007,Eggs,Dairy,52,6.69,148,Wednesday,5,Summer,0,2
2025-05-07,P008,Biscuits,Snacks,27,28.75,148,Wednesday,5,Summer,0,4
2025-05-07,P009,Soap,Personal Care,7,36.31,39,Wednesday,5,Summer,0,7
2025-05-07,P010,Shampoo,Personal Care,8,125.34,93,Wednesday,5,Summer,0,7
2025-05-08,P001,Rice,Grocery,23,62.21,23,Thursday,5,Summer,0,5
2025-05-08,P002,Wheat,Grocery,17,45.45,26,Thursday,5,Summer,0,5
2025-05-08,P003,Sugar,Grocery,18,49.78,55,Thursday,5,Summer,0,4
2025-05-08,P004,Cooking Oil,Grocery,13,118.44,46,Thursday,5,Summer,0,6
2025-05-08,P005,Milk,Dairy,47,40.55,160,Thursday,5,Summer,0,2
2025-05-08,P006,Bread,Bakery,26,33.44,152,Thursday,5,Summer,0,2
2025-05-08,P007,Eggs,Dairy,52,7.15,148,Thursday,5,Summer,0,2
2025-05-08,P008,Biscuits,Snacks,20,30.12,42,Thursday,5,Summer,0,4
2025-05-08,P009,Soap,Personal Care,13,35.19,61,Thursday,5,Summer,0,7
2025-05-08,P010,Shampoo,Personal Care,5,125.37,64,Thursday,5,Summer,0,7
2025-05-09,P001,Rice,Grocery,26,57.78,111,Friday,5,Summer,0,5
2025-05-09,P002,Wheat,Grocery,13,46.5,77,Friday,5,Summer,0,5
2025-05-09,P003,Sugar,Grocery,22,51.52,84,Friday,5,Summer,0,4
2025-05-09,P004,Cooking Oil,Grocery,13,115.49,23,Friday,5,Summer,0,6
2025-05-09,P005,Milk,Dairy,33,39.26,90,Friday,5,Summer,0,2
2025-05-09,P006,Bread,Bakery,34,34.64,183,Friday,5,Summer,0,2
2025-05-09,P007,Eggs,Dairy,45,7.05,256,Friday,5,Summer,0,2
2025-05-09,P008,Biscuits,Snacks,21,31.3,73,Friday,5,Summer,0,4
2025-05-09,P009,Soap,Personal Care,12,34.13,69,Friday,5,Summer,0,7
2025-05-09,P010,Shampoo,Personal Care,7,120.06,49,Friday,5,Summer,0,7
2025-05-10,P001,Rice,Grocery,38,57.61,170,Saturday,5,Summer,0,5
2025-05-10,P002,Wheat,Grocery,21,43.57,46,Saturday,5,Summer,0,5
2025-05-10,P003,Sugar,Grocery,19,52.24,41,Saturday,5,Summer,0,4
2025-05-10,P004,Cooking Oil,Grocery,15,115.43,35,Saturday,5,Summer,0,6
2025-05-10,P005,Milk,Dairy,38,38.87,58,Saturday,5,Summer,0,2
2025-05-10,P006,Bread,Bakery,33,35.98,174,Saturday,5,Summer,0,2
2025-05-10,P007,Eggs,Dairy,57,6.99,150,Saturday,5,Summer,0,2
2025-05-10,P008,Biscuits,Snacks,40,29.74,71,Saturday,5,Summer,0,4
2025-05-10,P009,Soap,Personal Care,11,34.6,74,Saturday,5,Summer,0,7
2025-05-10,P010,Shampoo,Personal Care,9,120.49,24,Saturday,5,Summer,0,7
2025-05-11,P001,Rice,Grocery,36,61.61,71,Sunday,5,Summer,0,5
2025-05-11,P002,Wheat,Grocery,18,45.34,45,Sunday,5,Summer,0,5
2025-05-11,P003,Sugar,Grocery,20,48.06,20,Sunday,5,Summer,0,4
2025-05-11,P004,Cooking Oil,Grocery,16,115.23,75,Sunday,5,Summer,0,6
2025-05-11,P005,Milk,Dairy,39,40.71,199,Sunday,5,Summer,0,2
2025-05-11,P006,Bread,Bakery,37,36.45,166,Sunday,5,Summer,0,2
2025-05-11,P007,Eggs,Dairy,59,7.1,87,Sunday,5,Summer,0,2
2025-05-11,P008,Biscuits,Snacks,30,29.79,55,Sunday,5,Summer,0,4
2025-05-11,P009,Soap,Personal Care,10,34.83,86,Sunday,5,Summer,0,7
2025-05-11,P010,Shampoo,Personal Care,8,114.62,100,Sunday,5,Summer,0,7
2025-05-12,P001,Rice,Grocery,20,59.64,46,Monday,5,Summer,0,5
2025-05-12,P002,Wheat,Grocery,17,45.88,49,Monday,5,Summer,0,5
2025-05-12,P003,Sugar,Grocery,19,52.22,62,Monday,5,Summer,0,4
2025-05-12,P004,Cooking Oil,Grocery,10,125.65,71,Monday,5,Summer,0,6
2025-05-12,P005,Milk,Dairy,43,38.22,212,Monday,5,Summer,0,2
2025-05-12,P006,Bread,Bakery,23,33.72,124,Monday,5,Summer,0,2
2025-05-12,P007,Eggs,Dairy,42,7.33,155,Monday,5,Summer,0,2
2025-05-12,P008,Biscuits,Snacks,27,31.35,131,Monday,5,Summer,0,4
2025-05-12,P009,Soap,Personal Care,10,35.59,79,Monday,5,Summer,0,7
2025-05-12,P010,Shampoo,Personal Care,6,115.94,29,Monday,5,Summer,0,7
2025-05-13,P001,Rice,Grocery,28,60.56,85,Tuesday,5,Summer,0,5
2025-05-13,P002,Wheat,Grocery,15,46.99,98,Tuesday,5,Summer,0,5
2025-05-13,P003,Sugar,Grocery,20,48.11,95,Tuesday,5,Summer,0,4
2025-05-13,P004,Cooking Oil,Grocery,14,117.64,37,Tuesday,5,Summer,0,6
2025-05-13,P005,Milk,Dairy,42,38.05,134,Tuesday,5,Summer,0,2
2025-05-13,P006,Bread,Bakery,23,34.85,62,Tuesday,5,Summer,0,2
2025-05-13,P007,Eggs,Dairy,37,6.72,218,Tuesday,5,Summer,0,2
2025-05-13,P008,Biscuits,Snacks,27,30.5,127,Tuesday,5,Summer,0,4
2025-05-13,P009,Soap,Personal Care,9,35.94,35,Tuesday,5,Summer,0,7
2025-05-13,P010,Shampoo,Personal Care,7,114.33,41,Tuesday,5,Summer,0,7
2025-05-14,P001,Rice,Grocery,20,59.01,98,Wednesday,5,Summer,0,5
2025-05-14,P002,Wheat,Grocery,18,44.57,102,Wednesday,5,Summer,0,5
2025-05-14,P003,Sugar,Grocery,22,51.9,29,Wednesday,5,Summer,0,4
2025-05-14,P004,Cooking Oil,Grocery,13,125.52,100,Wednesday,5,Summer,0,6
2025-05-14,P005,Milk,Dairy,44,38.16,102,Wednesday,5,Summer,0,2
2025-05-14,P006,Bread,Bakery,26,33.66,53,Wednesday,5,Summer,0,2
2025-05-14,P007,Eggs,Dairy,40,6.96,158,Wednesday,5,Summer,0,2
2025-05-14,P008,Biscuits,Snacks,27,30.98,61,Wednesday,5,Summer,0,4
2025-05-14,P009,Soap,Personal Care,12,34.71,91,Wednesday,5,Summer,0,7
2025-05-14,P010,Shampoo,Personal Care,6,117.92,64,Wednesday,5,Summer,0,7
2025-05-15,P001,Rice,Grocery,22,58.19,114,Thursday,5,Summer,0,5
2025-05-15,P002,Wheat,Grocery,18,44.98,78,Thursday,5,Summer,0,5
2025-05-15,P003,Sugar,Grocery,23,51.04,25,Thursday,5,Summer,0,4
2025-05-15,P004,Cooking Oil,Grocery,14,115.91,20,Thursday,5,Summer,0,6
2025-05-15,P005,Milk,Dairy,41,39.26,194,Thursday,5,Summer,0,2
2025-05-15,P006,Bread,Bakery,21,34.19,43,Thursday,5,Summer,0,2
2025-05-15,P007,Eggs,Dairy,41,6.83,172,Thursday,5,Summer,0,2
2025-05-15,P008,Biscuits,Snacks,32,30.86,156,Thursday,5,Summer,0,4
2025-05-15,P009,Soap,Personal Care,9,34.98,66,Thursday,5,Summer,0,7
2025-05-15,P010,Shampoo,Personal Care,7,125.57,20,Thursday,5,Summer,0,7
2025-05-16,P001,Rice,Grocery,21,59.05,119,Friday,5,Summer,0,5
2025-05-16,P002,Wheat,Grocery,16,45.55,57,Friday,5,Summer,0,5
2025-05-16,P003,Sugar,Grocery,20,49.52,95,Friday,5,Summer,0,4
2025-05-16,P004,Cooking Oil,Grocery,14,120.9,80,Friday,5,Summer,0,6
2025-05-16,P005,Milk,Dairy,33,39.84,191,Friday,5,Summer,0,2
2025-05-16,P006,Bread,Bakery,33,35.54,190,Friday,5,Summer,0,2
2025-05-16,P007,Eggs,Dairy,47,7.16,151,Friday,5,Summer,0,2
2025-05-16,P008,Biscuits,Snacks,26,30.05,156,Friday,5,Summer,0,4
2025-05-16,P009,Soap,Personal Care,8,35.08,28,Friday,5,Summer,0,7
2025-05-16,P010,Shampoo,Personal Care,7,117.38,56,Friday,5,Summer,0,7
2025-05-17,P001,Rice,Grocery,30,58.76,77,Saturday,5,Summer,0,5
2025-05-17,P002,Wheat,Grocery,24,43.19,71,Saturday,5,Summer,0,5
2025-05-17,P003,Sugar,Grocery,24,52.0,109,Saturday,5,Summer,0,4
2025-05-17,P004,Cooking Oil,Grocery,16,121.51,96,Saturday,5,Summer,0,6
2025-05-17,P005,Milk,Dairy,38,38.92,145,Saturday,5,Summer,0,2
2025-05-17,P006,Bread,Bakery,40,36.16,97,Saturday,5,Summer,0,2
2025-05-17,P007,Eggs,Dairy,53,6.88,222,Saturday,5,Summer,0,2
2025-05-17,P008,Biscuits,Snacks,23,28.71,105,Saturday,5,Summer,0,4
2025-05-17,P009,Soap,Personal Care,12,36.04,45,Saturday,5,Summer,0,7
2025-05-17,P010,Shampoo,Personal Care,5,119.22,97,Saturday,5,Summer,0,7
2025-05-18,P001,Rice,Grocery,30,58.47,119,Sunday,5,Summer,0,5
2025-05-18,P002,Wheat,Grocery,22,46.74,117,Sunday,5,Summer,0,5
2025-05-18,P003,Sugar,Grocery,19,50.3,108,Sunday,5,Summer,0,4
2025-05-18,P004,Cooking Oil,Grocery,16,115.48,39,Sunday,5,Summer,0,6
2025-05-18,P005,Milk,Dairy,40,41.41,222,Sunday,5,Summer,0,2
2025-05-18,P006,Bread,Bakery,44,34.46,179,Sunday,5,Summer,0,2
2025-05-18,P007,Eggs,Dairy,39,7.27,163,Sunday,5,Summer,0,2
2025-05-18,P008,Biscuits,Snacks,24,30.28,136,Sunday,5,Summer,0,4
2025-05-18,P009,Soap,Personal Care,10,35.69,95,Sunday,5,Summer,0,7
2025-05-18,P010,Shampoo,Personal Care,8,121.9,68,Sunday,5,Summer,0,7
2025-05-19,P001,Rice,Grocery,25,60.12,80,Monday,5,Summer,0,5
2025-05-19,P002,Wheat,Grocery,20,47.03,84,Monday,5,Summer,0,5
2025-05-19,P003,Sugar,Grocery,19,47.51,96,Monday,5,Summer,0,4
2025-05-19,P004,Cooking Oil,Grocery,14,124.97,94,Monday,5,Summer,0,6
2025-05-19,P005,Milk,Dairy,40,38.55,45,Monday,5,Summer,0,2
2025-05-19,P006,Bread,Bakery,20,34.46,39,Monday,5,Summer,0,2
2025-05-19,P007,Eggs,Dairy,41,7.08,77,Monday,5,Summer,0,2
2025-05-19,P008,Biscuits,Snacks,22,29.66,103,Monday,5,Summer,0,4
2025-05-19,P009,Soap,Personal Care,11,35.43,82,Monday,5,Summer,0,7
2025-05-19,P010,Shampoo,Personal Care,7,117.06,52,Monday,5,Summer,0,7
2025-05-20,P001,Rice,Grocery,30,61.35,100,Tuesday,5,Summer,0,5
2025-05-20,P002,Wheat,Grocery,11,45.12,58,Tuesday,5,Summer,0,5
2025-05-20,P003,Sugar,Grocery,16,50.36,58,Tuesday,5,Summer,0,4
2025-05-20,P004,Cooking Oil,Grocery,12,114.33,65,Tuesday,5,Summer,0,6
2025-05-20,P005,Milk,Dairy,40,39.82,200,Tuesday,5,Summer,0,2
2025-05-20,P006,Bread,Bakery,27,35.22,44,Tuesday,5,Summer,0,2
2025-05-20,P007,Eggs,Dairy,46,7.04,170,Tuesday,5,Summer,0,2
2025-05-20,P008,Biscuits,Snacks,25,29.12,113,Tuesday,5,Summer,0,4
2025-05-20,P009,Soap,Personal Care,10,35.79,94,Tuesday,5,Summer,0,7
2025-05-20,P010,Shampoo,Personal Care,6,118.21,25,Tuesday,5,Summer,0,7
2025-05-21,P001,Rice,Grocery,31,57.91,152,Wednesday,5,Summer,0,5
2025-05-21,P002,Wheat,Grocery,17,44.96,70,Wednesday,5,Summer,0,5
2025-05-21,P003,Sugar,Grocery,18,50.37,95,Wednesday,5,Summer,0,4
2025-05-21,P004,Cooking Oil,Grocery,11,121.6,70,Wednesday,5,Summer,0,6
2025-05-21,P005,Milk,Dairy,43,38.18,251,Wednesday,5,Summer,0,2
2025-05-21,P006,Bread,Bakery,36,36.35,139,Wednesday,5,Summer,0,2
2025-05-21,P007,Eggs,Dairy,41,6.69,143,Wednesday,5,Summer,0,2
2025-05-21,P008,Biscuits,Snacks,20,31.32,108,Wednesday,5,Summer,0,4
2025-05-21,P009,Soap,Personal Care,10,36.72,69,Wednesday,5,Summer,0,7
2025-05-21,P010,Shampoo,Personal Care,5,115.18,82,Wednesday,5,Summer,0,7
2025-05-22,P001,Rice,Grocery,25,60.58,41,Thursday,5,Summer,0,5
2025-05-22,P002,Wheat,Grocery,16,43.8,83,Thursday,5,Summer,0,5
2025-05-22,P003,Sugar,Grocery,18,49.39,62,Thursday,5,Summer,0,4
2025-05-22,P004,Cooking Oil,Grocery,11,123.71,83,Thursday,5,Summer,0,6
2025-05-22,P005,Milk,Dairy,37,40.75,168,Thursday,5,Summer,0,2
2025-05-22,P006,Bread,Bakery,28,33.99,119,Thursday,5,Summer,0,2
2025-05-22,P007,Eggs,Dairy,53,6.86,256,Thursday,5,Summer,0,2
2025-05-22,P008,Biscuits,Snacks,29,30.58,53,Thursday,5,Summer,0,4
2025-05-22,P009,Soap,Personal Care,9,33.41,90,Thursday,5,Summer,0,7
2025-05-22,P010,Shampoo,Personal Care,5,119.06,100,Thursday,5,Summer,0,7
2025-05-23,P001,Rice,Grocery,32,58.18,85,Friday,5,Summer,0,5
2025-05-23,P002,Wheat,Grocery,16,43.68,23,Friday,5,Summer,0,5
2025-05-23,P003,Sugar,Grocery,17,48.1,37,Friday,5,Summer,0,4
2025-05-23,P004,Cooking Oil,Grocery,12,119.34,80,Friday,5,Summer,0,6
2025-05-23,P005,Milk,Dairy,31,40.68,140,Friday,5,Summer,0,2
2025-05-23,P006,Bread,Bakery,31,35.87,87,Friday,5,Summer,0,2
2025-05-23,P007,Eggs,Dairy,46,7.32,224,Friday,5,Summer,0,2
2025-05-23,P008,Biscuits,Snacks,21,29.57,50,Friday,5,Summer,0,4
2025-05-23,P009,Soap,Personal Care,8,36.41,43,Friday,5,Summer,0,7
2025-05-23,P010,Shampoo,Personal Care,7,118.19,24,Friday,5,Summer,0,7
2025-05-24,P001,Rice,Grocery,34,61.55,124,Saturday,5,Summer,0,5
2025-05-24,P002,Wheat,Grocery,21,45.15,126,Saturday,5,Summer,0,5
2025-05-24,P003,Sugar,Grocery,25,47.84,81,Saturday,5,Summer,0,4
2025-05-24,P004,Cooking Oil,Grocery,17,120.84,86,Saturday,5,Summer,0,6
2025-05-24,P005,Milk,Dairy,45,39.74,163,Saturday,5,Summer,0,2
2025-05-24,P006,Bread,Bakery,34,36.72,140,Saturday,5,Summer,0,2
2025-05-24,P007,Eggs,Dairy,60,6.77,144,Saturday,5,Summer,0,2
2025-05-24,P008,Biscuits,Snacks,33,28.64,49,Saturday,5,Summer,0,4
2025-05-24,P009,Soap,Personal Care,12,33.81,41,Saturday,5,Summer,0,7
2025-05-24,P010,Shampoo,Personal Care,9,115.34,26,Saturday,5,Summer,0,7
2025-05-25,P001,Rice,Grocery,29,62.5,50,Sunday,5,Summer,0,5
2025-05-25,P002,Wheat,Grocery,19,45.66,68,Sunday,5,Summer,0,5
2025-05-25,P003,Sugar,Grocery,24,47.59,29,Sunday,5,Summer,0,4
2025-05-25,P004,Cooking Oil,Grocery,13,115.23,36,Sunday,5,Summer,0,6
2025-05-25,P005,Milk,Dairy,39,40.52,186,Sunday,5,Summer,0,2
2025-05-25,P006,Bread,Bakery,36,35.91,129,Sunday,5,Summer,0,2
2025-05-25,P007,Eggs,Dairy,45,7.14,49,Sunday,5,Summer,0,2
2025-05-25,P008,Biscuits,Snacks,26,29.19,124,Sunday,5,Summer,0,4
2025-05-25,P009,Soap,Personal Care,14,35.18,33,Sunday,5,Summer,0,7
2025-05-25,P010,Shampoo,Personal Care,9,120.77,21,Sunday,5,Summer,0,7
2025-05-26,P001,Rice,Grocery,25,59.75,144,Monday,5,Summer,0,5
2025-05-26,P002,Wheat,Grocery,14,43.71,23,Monday,5,Summer,0,5
2025-05-26,P003,Sugar,Grocery,16,49.12,61,Monday,5,Summer,0,4
2025-05-26,P004,Cooking Oil,Grocery,12,118.98,33,Monday,5,Summer,0,6
2025-05-26,P005,Milk,Dairy,36,39.2,76,Monday,5,Summer,0,2
2025-05-26,P006,Bread,Bakery,32,34.91,93,Monday,5,Summer,0,2
2025-05-26,P007,Eggs,Dairy,46,6.91,187,Monday,5,Summer,0,2
2025-05-26,P008,Biscuits,Snacks,26,29.97,106,Monday,5,Summer,0,4
2025-05-26,P009,Soap,Personal Care,9,36.12,43,Monday,5,Summer,0,7
2025-05-26,P010,Shampoo,Personal Care,6,116.56,59,Monday,5,Summer,0,7
2025-05-27,P001,Rice,Grocery,24,60.83,140,Tuesday,5,Summer,0,5
2025-05-27,P002,Wheat,Grocery,15,44.89,20,Tuesday,5,Summer,0,5
2025-05-27,P003,Sugar,Grocery,15,51.01,99,Tuesday,5,Summer,0,4
2025-05-27,P004,Cooking Oil,Grocery,12,114.83,21,Tuesday,5,Summer,0,6
2025-05-27,P005,Milk,Dairy,34,39.54,112,Tuesday,5,Summer,0,2
2025-05-27,P006,Bread,Bakery,35,35.65,194,Tuesday,5,Summer,0,2
2025-05-27,P007,Eggs,Dairy,47,6.92,181,Tuesday,5,Summer,0,2
2025-05-27,P008,Biscuits,Snacks,26,31.04,104,Tuesday,5,Summer,0,4
2025-05-27,P009,Soap,Personal Care,9,34.06,68,Tuesday,5,Summer,0,7
2025-05-27,P010,Shampoo,Personal Care,7,124.44,81,Tuesday,5,Summer,0,7
2025-05-28,P001,Rice,Grocery,25,60.67,38,Wednesday,5,Summer,0,5
2025-05-28,P002,Wheat,Grocery,15,43.97,71,Wednesday,5,Summer,0,5
2025-05-28,P003,Sugar,Grocery,18,50.26,34,Wednesday,5,Summer,0,4
2025-05-28,P004,Cooking Oil,Grocery,15,123.15,53,Wednesday,5,Summer,0,6
2025-05-28,P005,Milk,Dairy,44,41.59,73,Wednesday,5,Summer,0,2
2025-05-28,P006,Bread,Bakery,35,33.52,124,Wednesday,5,Summer,0,2
2025-05-28,P007,Eggs,Dairy,40,6.68,92,Wednesday,5,Summer,0,2
2025-05-28,P008,Biscuits,Snacks,22,31.32,75,Wednesday,5,Summer,0,4
2025-05-28,P009,Soap,Personal Care,9,36.72,85,Wednesday,5,Summer,0,7
2025-05-28,P010,Shampoo,Personal Care,6,115.41,78,Wednesday,5,Summer,0,7
2025-05-29,P001,Rice,Grocery,20,61.73,74,Thursday,5,Summer,0,5
2025-05-29,P002,Wheat,Grocery,16,43.64,50,Thursday,5,Summer,0,5
2025-05-29,P003,Sugar,Grocery,28,48.71,116,Thursday,5,Summer,0,4
2025-05-29,P004,Cooking Oil,Grocery,15,120.29,77,Thursday,5,Summer,0,6
2025-05-29,P005,Milk,Dairy,38,38.39,166,Thursday,5,Summer,0,2
2025-05-29,P006,Bread,Bakery,25,36.66,76,Thursday,5,Summer,0,2
2025-05-29,P007,Eggs,Dairy,43,7.23,121,Thursday,5,Summer,0,2
2025-05-29,P008,Biscuits,Snacks,21,29.58,24,Thursday,5,Summer,0,4
2025-05-29,P009,Soap,Personal Care,7,35.37,93,Thursday,5,Summer,0,7
2025-05-29,P010,Shampoo,Personal Care,7,120.72,63,Thursday,5,Summer,0,7
2025-05-30,P001,Rice,Grocery,25,57.14,27,Friday,5,Summer,0,5
2025-05-30,P002,Wheat,Grocery,17,44.62,26,Friday,5,Summer,0,5
2025-05-30,P003,Sugar,Grocery,20,49.59,74,Friday,5,Summer,0,4
2025-05-30,P004,Cooking Oil,Grocery,14,118.89,42,Friday,5,Summer,0,6
2025-05-30,P005,Milk,Dairy,44,39.21,83,Friday,5,Summer,0,2
2025-05-30,P006,Bread,Bakery,32,34.66,142,Friday,5,Summer,0,2
2025-05-30,P007,Eggs,Dairy,40,6.68,189,Friday,5,Summer,0,2
2025-05-30,P008,Biscuits,Snacks,28,31.26,33,Friday,5,Summer,0,4
2025-05-30,P009,Soap,Personal Care,10,33.74,74,Friday,5,Summer,0,7
2025-05-30,P010,Shampoo,Personal Care,6,123.26,27,Friday,5,Summer,0,7
2025-05-31,P001,Rice,Grocery,39,59.59,68,Saturday,5,Summer,0,5
2025-05-31,P002,Wheat,Grocery,23,44.39,29,Saturday,5,Summer,0,5
2025-05-31,P003,Sugar,Grocery,17,51.97,69,Saturday,5,Summer,0,4
2025-05-31,P004,Cooking Oil,Grocery,15,123.85,74,Saturday,5,Summer,0,6
2025-05-31,P005,Milk,Dairy,38,41.0,71,Saturday,5,Summer,0,2
2025-05-31,P006,Bread,Bakery,33,33.69,197,Saturday,5,Summer,0,2
2025-05-31,P007,Eggs,Dairy,48,6.92,104,Saturday,5,Summer,0,2
2025-05-31,P008,Biscuits,Snacks,25,30.91,74,Saturday,5,Summer,0,4
2025-05-31,P009,Soap,Personal Care,12,33.77,94,Saturday,5,Summer,0,7
2025-05-31,P010,Shampoo,Personal Care,10,117.88,80,Saturday,5,Summer,0,7
2025-06-01,P001,Rice,Grocery,28,61.01,76,Sunday,6,Monsoon,0,5
2025-06-01,P002,Wheat,Grocery,18,46.1,40,Sunday,6,Monsoon,0,5
2025-06-01,P003,Sugar,Grocery,20,47.8,26,Sunday,6,Monsoon,0,4
2025-06-01,P004,Cooking Oil,Grocery,12,115.58,58,Sunday,6,Monsoon,0,6
2025-06-01,P005,Milk,Dairy,51,41.87,165,Sunday,6,Monsoon,0,2
2025-06-01,P006,Bread,Bakery,32,35.62,77,Sunday,6,Monsoon,0,2
2025-06-01,P007,Eggs,Dairy,53,6.96,242,Sunday,6,Monsoon,0,2
2025-06-01,P008,Biscuits,Snacks,31,30.21,66,Sunday,6,Monsoon,0,4
2025-06-01,P009,Soap,Personal Care,11,36.41,94,Sunday,6,Monsoon,0,7
2025-06-01,P010,Shampoo,Personal Care,11,121.02,54,Sunday,6,Monsoon,0,7
2025-06-02,P001,Rice,Grocery,19,58.52,34,Monday,6,Monsoon,0,5
2025-06-02,P002,Wheat,Grocery,18,46.39,95,Monday,6,Monsoon,0,5
2025-06-02,P003,Sugar,Grocery,20,47.81,32,Monday,6,Monsoon,0,4
2025-06-02,P004,Cooking Oil,Grocery,8,119.36,83,Monday,6,Monsoon,0,6
2025-06-02,P005,Milk,Dairy,38,40.23,40,Monday,6,Monsoon,0,2
2025-06-02,P006,Bread,Bakery,20,34.9,22,Monday,6,Monsoon,0,2
2025-06-02,P007,Eggs,Dairy,51,7.11,271,Monday,6,Monsoon,0,2
2025-06-02,P008,Biscuits,Snacks,25,30.57,96,Monday,6,Monsoon,0,4
2025-06-02,P009,Soap,Personal Care,10,35.22,25,Monday,6,Monsoon,0,7
2025-06-02,P010,Shampoo,Personal Care,6,117.84,32,Monday,6,Monsoon,0,7
2025-06-03,P001,Rice,Grocery,23,58.99,135,Tuesday,6,Monsoon,0,5
2025-06-03,P002,Wheat,Grocery,17,46.95,76,Tuesday,6,Monsoon,0,5
2025-06-03,P003,Sugar,Grocery,17,48.14,90,Tuesday,6,Monsoon,0,4
2025-06-03,P004,Cooking Oil,Grocery,10,115.11,54,Tuesday,6,Monsoon,0,6
2025-06-03,P005,Milk,Dairy,39,41.51,83,Tuesday,6,Monsoon,0,2
2025-06-03,P006,Bread,Bakery,33,35.95,136,Tuesday,6,Monsoon,0,2
2025-06-03,P007,Eggs,Dairy,39,7.24,226,Tuesday,6,Monsoon,0,2
2025-06-03,P008,Biscuits,Snacks,22,31.48,119,Tuesday,6,Monsoon,0,4
2025-06-03,P009,Soap,Personal Care,9,36.69,22,Tuesday,6,Monsoon,0,7
2025-06-03,P010,Shampoo,Personal Care,7,121.45,66,Tuesday,6,Monsoon,0,7
2025-06-04,P001,Rice,Grocery,24,62.92,113,Wednesday,6,Monsoon,0,5
2025-06-04,P002,Wheat,Grocery,16,43.66,51,Wednesday,6,Monsoon,0,5
2025-06-04,P003,Sugar,Grocery,16,50.94,84,Wednesday,6,Monsoon,0,4
2025-06-04,P004,Cooking Oil,Grocery,13,116.11,61,Wednesday,6,Monsoon,0,6
2025-06-04,P005,Milk,Dairy,35,38.14,190,Wednesday,6,Monsoon,0,2
2025-06-04,P006,Bread,Bakery,30,35.25,153,Wednesday,6,Monsoon,0,2
2025-06-04,P007,Eggs,Dairy,50,6.79,292,Wednesday,6,Monsoon,0,2
2025-06-04,P008,Biscuits,Snacks,21,29.93,78,Wednesday,6,Monsoon,0,4
2025-06-04,P009,Soap,Personal Care,6,35.91,33,Wednesday,6,Monsoon,0,7
2025-06-04,P010,Shampoo,Personal Care,7,122.85,20,Wednesday,6,Monsoon,0,7
2025-06-05,P001,Rice,Grocery,22,61.36,43,Thursday,6,Monsoon,0,5
2025-06-05,P002,Wheat,Grocery,13,44.2,27,Thursday,6,Monsoon,0,5
2025-06-05,P003,Sugar,Grocery,15,48.29,49,Thursday,6,Monsoon,0,4
2025-06-05,P004,Cooking Oil,Grocery,13,115.03,40,Thursday,6,Monsoon,0,6
2025-06-05,P005,Milk,Dairy,27,40.92,30,Thursday,6,Monsoon,0,2
2025-06-05,P006,Bread,Bakery,27,35.16,117,Thursday,6,Monsoon,0,2
2025-06-05,P007,Eggs,Dairy,42,6.75,149,Thursday,6,Monsoon,0,2
2025-06-05,P008,Biscuits,Snacks,21,30.93,60,Thursday,6,Monsoon,0,4
2025-06-05,P009,Soap,Personal Care,11,35.77,54,Thursday,6,Monsoon,0,7
2025-06-05,P010,Shampoo,Personal Care,9,115.8,80,Thursday,6,Monsoon,0,7
2025-06-06,P001,Rice,Grocery,25,59.85,136,Friday,6,Monsoon,0,5
2025-06-06,P002,Wheat,Grocery,11,45.8,24,Friday,6,Monsoon,0,5
2025-06-06,P003,Sugar,Grocery,17,52.22,26,Friday,6,Monsoon,0,4
2025-06-06,P004,Cooking Oil,Grocery,15,115.88,40,Friday,6,Monsoon,0,6
2025-06-06,P005,Milk,Dairy,41,40.71,149,Friday,6,Monsoon,0,2
2025-06-06,P006,Bread,Bakery,31,36.38,78,Friday,6,Monsoon,0,2
2025-06-06,P007,Eggs,Dairy,56,6.7,94,Friday,6,Monsoon,0,2
2025-06-06,P008,Biscuits,Snacks,24,30.54,76,Friday,6,Monsoon,0,4
2025-06-06,P009,Soap,Personal Care,12,34.06,51,Friday,6,Monsoon,0,7
2025-06-06,P010,Shampoo,Personal Care,7,124.85,63,Friday,6,Monsoon,0,7
2025-06-07,P001,Rice,Grocery,23,61.05,127,Saturday,6,Monsoon,0,5
2025-06-07,P002,Wheat,Grocery,22,46.43,33,Saturday,6,Monsoon,0,5
2025-06-07,P003,Sugar,Grocery,22,48.17,96,Saturday,6,Monsoon,0,4
2025-06-07,P004,Cooking Oil,Grocery,11,123.0,89,Saturday,6,Monsoon,0,6
2025-06-07,P005,Milk,Dairy,39,39.45,44,Saturday,6,Monsoon,0,2
2025-06-07,P006,Bread,Bakery,30,35.01,122,Saturday,6,Monsoon,0,2
2025-06-07,P007,Eggs,Dairy,46,7.15,184,Saturday,6,Monsoon,0,2
2025-06-07,P008,Biscuits,Snacks,28,30.34,35,Saturday,6,Monsoon,0,4
2025-06-07,P009,Soap,Personal Care,14,34.9,87,Saturday,6,Monsoon,0,7
2025-06-07,P010,Shampoo,Personal Care,9,121.12,70,Saturday,6,Monsoon,0,7
2025-06-08,P001,Rice,Grocery,27,59.2,94,Sunday,6,Monsoon,0,5
2025-06-08,P002,Wheat,Grocery,24,45.7,109,Sunday,6,Monsoon,0,5
2025-06-08,P003,Sugar,Grocery,21,48.16,22,Sunday,6,Monsoon,0,4
2025-06-08,P004,Cooking Oil,Grocery,12,118.7,61,Sunday,6,Monsoon,0,6
2025-06-08,P005,Milk,Dairy,44,39.75,262,Sunday,6,Monsoon,0,2
2025-06-08,P006,Bread,Bakery,26,34.53,109,Sunday,6,Monsoon,0,2
2025-06-08,P007,Eggs,Dairy,41,7.23,198,Sunday,6,Monsoon,0,2
2025-06-08,P008,Biscuits,Snacks,28,29.49,121,Sunday,6,Monsoon,0,4
2025-06-08,P009,Soap,Personal Care,15,35.98,47,Sunday,6,Monsoon,0,7
2025-06-08,P010,Shampoo,Personal Care,10,120.79,80,Sunday,6,Monsoon,0,7
2025-06-09,P001,Rice,Grocery,22,58.15,22,Monday,6,Monsoon,0,5
2025-06-09,P002,Wheat,Grocery,17,43.36,73,Monday,6,Monsoon,0,5
2025-06-09,P003,Sugar,Grocery,22,47.55,28,Monday,6,Monsoon,0,4
2025-06-09,P004,Cooking Oil,Grocery,11,118.93,44,Monday,6,Monsoon,0,6
2025-06-09,P005,Milk,Dairy,39,39.82,203,Monday,6,Monsoon,0,2
2025-06-09,P006,Bread,Bakery,20,33.75,26,Monday,6,Monsoon,0,2
2025-06-09,P007,Eggs,Dairy,46,7.06,119,Monday,6,Monsoon,0,2
2025-06-09,P008,Biscuits,Snacks,31,29.32,97,Monday,6,Monsoon,0,4
2025-06-09,P009,Soap,Personal Care,7,35.67,49,Monday,6,Monsoon,0,7
2025-06-09,P010,Shampoo,Personal Care,8,114.02,90,Monday,6,Monsoon,0,7
2025-06-10,P001,Rice,Grocery,25,62.45,148,Tuesday,6,Monsoon,0,5
2025-06-10,P002,Wheat,Grocery,14,47.07,41,Tuesday,6,Monsoon,0,5
2025-06-10,P003,Sugar,Grocery,21,50.12,25,Tuesday,6,Monsoon,0,4
2025-06-10,P004,Cooking Oil,Grocery,10,121.69,31,Tuesday,6,Monsoon,0,6
2025-06-10,P005,Milk,Dairy,32,39.77,103,Tuesday,6,Monsoon,0,2
2025-06-10,P006,Bread,Bakery,35,35.11,129,Tuesday,6,Monsoon,0,2
2025-06-10,P007,Eggs,Dairy,40,7.1,238,Tuesday,6,Monsoon,0,2
2025-06-10,P008,Biscuits,Snacks,21,30.96,72,Tuesday,6,Monsoon,0,4
2025-06-10,P009,Soap,Personal Care,10,35.63,25,Tuesday,6,Monsoon,0,7
2025-06-10,P010,Shampoo,Personal Care,7,125.04,72,Tuesday,6,Monsoon,0,7
2025-06-11,P001,Rice,Grocery,24,59.95,132,Wednesday,6,Monsoon,0,5
2025-06-11,P002,Wheat,Grocery,21,44.88,39,Wednesday,6,Monsoon,0,5
2025-06-11,P003,Sugar,Grocery,22,50.8,23,Wednesday,6,Monsoon,0,4
2025-06-11,P004,Cooking Oil,Grocery,12,118.23,50,Wednesday,6,Monsoon,0,6
2025-06-11,P005,Milk,Dairy,28,41.88,51,Wednesday,6,Monsoon,0,2
2025-06-11,P006,Bread,Bakery,31,33.59,40,Wednesday,6,Monsoon,0,2
2025-06-11,P007,Eggs,Dairy,42,6.91,170,Wednesday,6,Monsoon,0,2
2025-06-11,P008,Biscuits,Snacks,26,30.83,71,Wednesday,6,Monsoon,0,4
2025-06-11,P009,Soap,Personal Care,12,36.05,47,Wednesday,6,Monsoon,0,7
2025-06-11,P010,Shampoo,Personal Care,8,117.32,21,Wednesday,6,Monsoon,0,7
2025-06-12,P001,Rice,Grocery,21,61.47,99,Thursday,6,Monsoon,0,5
2025-06-12,P002,Wheat,Grocery,17,46.73,34,Thursday,6,Monsoon,0,5
2025-06-12,P003,Sugar,Grocery,19,49.17,48,Thursday,6,Monsoon,0,4
2025-06-12,P004,Cooking Oil,Grocery,14,118.86,60,Thursday,6,Monsoon,0,6
2025-06-12,P005,Milk,Dairy,35,40.88,210,Thursday,6,Monsoon,0,2
2025-06-12,P006,Bread,Bakery,31,35.74,157,Thursday,6,Monsoon,0,2
2025-06-12,P007,Eggs,Dairy,43,7.19,103,Thursday,6,Monsoon,0,2
2025-06-12,P008,Biscuits,Snacks,24,30.37,96,Thursday,6,Monsoon,0,4
2025-06-12,P009,Soap,Personal Care,12,34.53,78,Thursday,6,Monsoon,0,7
2025-06-12,P010,Shampoo,Personal Care,7,118.07,88,Thursday,6,Monsoon,0,7
2025-06-13,P001,Rice,Grocery,23,61.7,91,Friday,6,Monsoon,0,5
2025-06-13,P002,Wheat,Grocery,19,46.25,100,Friday,6,Monsoon,0,5
2025-06-13,P003,Sugar,Grocery,20,49.52,40,Friday,6,Monsoon,0,4
2025-06-13,P004,Cooking Oil,Grocery,9,124.7,44,Friday,6,Monsoon,0,6
2025-06-13,P005,Milk,Dairy,35,40.53,51,Friday,6,Monsoon,0,2
2025-06-13,P006,Bread,Bakery,29,35.46,128,Friday,6,Monsoon,0,2
2025-06-13,P007,Eggs,Dairy,36,7.14,42,Friday,6,Monsoon,0,2
2025-06-13,P008,Biscuits,Snacks,19,30.44,39,Friday,6,Monsoon,0,4
2025-06-13,P009,Soap,Personal Care,8,35.93,20,Friday,6,Monsoon,0,7
2025-06-13,P010,Shampoo,Personal Care,6,115.6,27,Friday,6,Monsoon,0,7
2025-06-14,P001,Rice,Grocery,29,57.35,168,Saturday,6,Monsoon,0,5
2025-06-14,P002,Wheat,Grocery,18,43.75,108,Saturday,6,Monsoon,0,5
2025-06-14,P003,Sugar,Grocery,27,51.67,32,Saturday,6,Monsoon,0,4
2025-06-14,P004,Cooking Oil,Grocery,11,114.27,87,Saturday,6,Monsoon,0,6
2025-06-14,P005,Milk,Dairy,39,40.72,127,Saturday,6,Monsoon,0,2
2025-06-14,P006,Bread,Bakery,41,34.25,242,Saturday,6,Monsoon,0,2
2025-06-14,P007,Eggs,Dairy,57,6.93,148,Saturday,6,Monsoon,0,2
2025-06-14,P008,Biscuits,Snacks,33,30.15,124,Saturday,6,Monsoon,0,4
2025-06-14,P009,Soap,Personal Care,13,35.57,53,Saturday,6,Monsoon,0,7
2025-06-14,P010,Shampoo,Personal Care,7,123.04,93,Saturday,6,Monsoon,0,7
2025-06-15,P001,Rice,Grocery,31,57.37,128,Sunday,6,Monsoon,0,5
2025-06-15,P002,Wheat,Grocery,22,44.58,109,Sunday,6,Monsoon,0,5
2025-06-15,P003,Sugar,Grocery,18,52.37,30,Sunday,6,Monsoon,0,4
2025-06-15,P004,Cooking Oil,Grocery,14,121.84,60,Sunday,6,Monsoon,0,6
2025-06-15,P005,Milk,Dairy,44,40.24,146,Sunday,6,Monsoon,0,2
2025-06-15,P006,Bread,Bakery,30,36.4,110,Sunday,6,Monsoon,0,2
2025-06-15,P007,Eggs,Dairy,65,6.82,164,Sunday,6,Monsoon,0,2
2025-06-15,P008,Biscuits,Snacks,26,29.32,101,Sunday,6,Monsoon,0,4
2025-06-15,P009,Soap,Personal Care,13,36.45,43,Sunday,6,Monsoon,0,7
2025-06-15,P010,Shampoo,Personal Care,12,123.26,57,Sunday,6,Monsoon,0,7
2025-06-16,P001,Rice,Grocery,24,59.22,98,Monday,6,Monsoon,0,5
2025-06-16,P002,Wheat,Grocery,13,46.69,74,Monday,6,Monsoon,0,5
2025-06-16,P003,Sugar,Grocery,24,49.26,113,Monday,6,Monsoon,0,4
2025-06-16,P004,Cooking Oil,Grocery,9,123.42,53,Monday,6,Monsoon,0,6
2025-06-16,P005,Milk,Dairy,33,40.66,168,Monday,6,Monsoon,0,2
2025-06-16,P006,Bread,Bakery,31,33.92,36,Monday,6,Monsoon,0,2
2025-06-16,P007,Eggs,Dairy,48,7.02,59,Monday,6,Monsoon,0,2
2025-06-16,P008,Biscuits,Snacks,27,29.97,125,Monday,6,Monsoon,0,4
2025-06-16,P009,Soap,Personal Care,9,35.86,34,Monday,6,Monsoon,0,7
2025-06-16,P010,Shampoo,Personal Care,8,125.76,79,Monday,6,Monsoon,0,7
2025-06-17,P001,Rice,Grocery,27,60.27,113,Tuesday,6,Monsoon,0,5
2025-06-17,P002,Wheat,Grocery,17,47.15,72,Tuesday,6,Monsoon,0,5
2025-06-17,P003,Sugar,Grocery,16,51.96,63,Tuesday,6,Monsoon,0,4
2025-06-17,P004,Cooking Oil,Grocery,14,125.01,100,Tuesday,6,Monsoon,0,6
2025-06-17,P005,Milk,Dairy,43,41.94,252,Tuesday,6,Monsoon,0,2
2025-06-17,P006,Bread,Bakery,32,34.47,156,Tuesday,6,Monsoon,0,2
2025-06-17,P007,Eggs,Dairy,42,7.25,89,Tuesday,6,Monsoon,0,2
2025-06-17,P008,Biscuits,Snacks,26,28.9,105,Tuesday,6,Monsoon,0,4
2025-06-17,P009,Soap,Personal Care,10,34.74,40,Tuesday,6,Monsoon,0,7
2025-06-17,P010,Shampoo,Personal Care,7,123.86,20,Tuesday,6,Monsoon,0,7
2025-06-18,P001,Rice,Grocery,24,60.99,143,Wednesday,6,Monsoon,0,5
2025-06-18,P002,Wheat,Grocery,14,43.13,64,Wednesday,6,Monsoon,0,5
2025-06-18,P003,Sugar,Grocery,19,47.74,34,Wednesday,6,Monsoon,0,4
2025-06-18,P004,Cooking Oil,Grocery,10,118.37,76,Wednesday,6,Monsoon,0,6
2025-06-18,P005,Milk,Dairy,33,41.04,33,Wednesday,6,Monsoon,0,2
2025-06-18,P006,Bread,Bakery,30,34.5,43,Wednesday,6,Monsoon,0,2
2025-06-18,P007,Eggs,Dairy,42,6.78,213,Wednesday,6,Monsoon,0,2
2025-06-18,P008,Biscuits,Snacks,27,28.59,72,Wednesday,6,Monsoon,0,4
2025-06-18,P009,Soap,Personal Care,12,35.63,55,Wednesday,6,Monsoon,0,7
2025-06-18,P010,Shampoo,Personal Care,7,115.29,79,Wednesday,6,Monsoon,0,7
2025-06-19,P001,Rice,Grocery,23,59.06,102,Thursday,6,Monsoon,0,5
2025-06-19,P002,Wheat,Grocery,15,46.76,50,Thursday,6,Monsoon,0,5
2025-06-19,P003,Sugar,Grocery,22,49.57,94,Thursday,6,Monsoon,0,4
2025-06-19,P004,Cooking Oil,Grocery,13,115.96,29,Thursday,6,Monsoon,0,6
2025-06-19,P005,Milk,Dairy,33,40.98,56,Thursday,6,Monsoon,0,2
2025-06-19,P006,Bread,Bakery,24,35.4,141,Thursday,6,Monsoon,0,2
2025-06-19,P007,Eggs,Dairy,52,7.11,208,Thursday,6,Monsoon,0,2
2025-06-19,P008,Biscuits,Snacks,27,30.85,106,Thursday,6,Monsoon,0,4
2025-06-19,P009,Soap,Personal Care,11,35.31,56,Thursday,6,Monsoon,0,7
2025-06-19,P010,Shampoo,Personal Care,9,123.59,32,Thursday,6,Monsoon,0,7
2025-06-20,P001,Rice,Grocery,24,58.01,70,Friday,6,Monsoon,0,5
2025-06-20,P002,Wheat,Grocery,16,45.24,61,Friday,6,Monsoon,0,5
2025-06-20,P003,Sugar,Grocery,17,49.71,54,Friday,6,Monsoon,0,4
2025-06-20,P004,Cooking Oil,Grocery,12,124.2,94,Friday,6,Monsoon,0,6
2025-06-20,P005,Milk,Dairy,31,41.56,184,Friday,6,Monsoon,0,2
2025-06-20,P006,Bread,Bakery,32,36.2,128,Friday,6,Monsoon,0,2
2025-06-20,P007,Eggs,Dairy,47,6.8,214,Friday,6,Monsoon,0,2
2025-06-20,P008,Biscuits,Snacks,28,29.79,70,Friday,6,Monsoon,0,4
2025-06-20,P009,Soap,Personal Care,11,34.65,72,Friday,6,Monsoon,0,7
2025-06-20,P010,Shampoo,Personal Care,8,124.74,22,Friday,6,Monsoon,0,7
2025-06-21,P001,Rice,Grocery,31,62.36,52,Saturday,6,Monsoon,0,5
2025-06-21,P002,Wheat,Grocery,18,44.99,26,Saturday,6,Monsoon,0,5
2025-06-21,P003,Sugar,Grocery,25,51.38,130,Saturday,6,Monsoon,0,4
2025-06-21,P004,Cooking Oil,Grocery,15,123.54,94,Saturday,6,Monsoon,0,6
2025-06-21,P005,Milk,Dairy,27,40.78,80,Saturday,6,Monsoon,0,2
2025-06-21,P006,Bread,Bakery,20,34.81,82,Saturday,6,Monsoon,0,2
2025-06-21,P007,Eggs,Dairy,56,7.01,99,Saturday,6,Monsoon,0,2
2025-06-21,P008,Biscuits,Snacks,26,28.86,61,Saturday,6,Monsoon,0,4
2025-06-21,P009,Soap,Personal Care,15,36.1,67,Saturday,6,Monsoon,0,7
2025-06-21,P010,Shampoo,Personal Care,10,122.28,97,Saturday,6,Monsoon,0,7
2025-06-22,P001,Rice,Grocery,27,60.59,43,Sunday,6,Monsoon,0,5
2025-06-22,P002,Wheat,Grocery,21,43.75,49,Sunday,6,Monsoon,0,5
2025-06-22,P003,Sugar,Grocery,25,50.93,129,Sunday,6,Monsoon,0,4
2025-06-22,P004,Cooking Oil,Grocery,11,120.27,77,Sunday,6,Monsoon,0,6
2025-06-22,P005,Milk,Dairy,38,41.69,61,Sunday,6,Monsoon,0,2
2025-06-22,P006,Bread,Bakery,27,35.05,83,Sunday,6,Monsoon,0,2
2025-06-22,P007,Eggs,Dairy,60,6.71,340,Sunday,6,Monsoon,0,2
2025-06-22,P008,Biscuits,Snacks,29,30.51,135,Sunday,6,Monsoon,0,4
2025-06-22,P009,Soap,Personal Care,14,36.24,53,Sunday,6,Monsoon,0,7
2025-06-22,P010,Shampoo,Personal Care,10,114.8,37,Sunday,6,Monsoon,0,7
2025-06-23,P001,Rice,Grocery,29,57.6,147,Monday,6,Monsoon,0,5
2025-06-23,P002,Wheat,Grocery,15,45.54,31,Monday,6,Monsoon,0,5
2025-06-23,P003,Sugar,Grocery,18,49.43,69,Monday,6,Monsoon,0,4
2025-06-23,P004,Cooking Oil,Grocery,11,125.11,89,Monday,6,Monsoon,0,6
2025-06-23,P005,Milk,Dairy,35,41.92,39,Monday,6,Monsoon,0,2
2025-06-23,P006,Bread,Bakery,33,36.54,54,Monday,6,Monsoon,0,2
2025-06-23,P007,Eggs,Dairy,42,7.06,94,Monday,6,Monsoon,0,2
2025-06-23,P008,Biscuits,Snacks,25,29.17,144,Monday,6,Monsoon,0,4
2025-06-23,P009,Soap,Personal Care,10,35.64,74,Monday,6,Monsoon,0,7
2025-06-23,P010,Shampoo,Personal Care,8,118.62,49,Monday,6,Monsoon,0,7
2025-06-24,P001,Rice,Grocery,31,57.8,87,Tuesday,6,Monsoon,0,5
2025-06-24,P002,Wheat,Grocery,15,44.77,59,Tuesday,6,Monsoon,0,5
2025-06-24,P003,Sugar,Grocery,19,49.08,32,Tuesday,6,Monsoon,0,4
2025-06-24,P004,Cooking Oil,Grocery,14,119.44,81,Tuesday,6,Monsoon,0,6
2025-06-24,P005,Milk,Dairy,40,41.62,53,Tuesday,6,Monsoon,0,2
2025-06-24,P006,Bread,Bakery,20,36.41,20,Tuesday,6,Monsoon,0,2
2025-06-24,P007,Eggs,Dairy,39,7.3,188,Tuesday,6,Monsoon,0,2
2025-06-24,P008,Biscuits,Snacks,31,29.51,42,Tuesday,6,Monsoon,0,4
2025-06-24,P009,Soap,Personal Care,9,34.42,23,Tuesday,6,Monsoon,0,7
2025-06-24,P010,Shampoo,Personal Care,10,123.52,83,Tuesday,6,Monsoon,0,7
2025-06-25,P001,Rice,Grocery,24,57.37,72,Wednesday,6,Monsoon,0,5
2025-06-25,P002,Wheat,Grocery,21,42.79,58,Wednesday,6,Monsoon,0,5
2025-06-25,P003,Sugar,Grocery,19,47.84,99,Wednesday,6,Monsoon,0,4
2025-06-25,P004,Cooking Oil,Grocery,12,125.8,76,Wednesday,6,Monsoon,0,6
2025-06-25,P005,Milk,Dairy,31,41.68,165,Wednesday,6,Monsoon,0,2
2025-06-25,P006,Bread,Bakery,29,35.71,30,Wednesday,6,Monsoon,0,2
2025-06-25,P007,Eggs,Dairy,54,7.06,94,Wednesday,6,Monsoon,0,2
2025-06-25,P008,Biscuits,Snacks,26,28.88,66,Wednesday,6,Monsoon,0,4
2025-06-25,P009,Soap,Personal Care,11,35.08,73,Wednesday,6,Monsoon,0,7
2025-06-25,P010,Shampoo,Personal Care,7,118.44,26,Wednesday,6,Monsoon,0,7
2025-06-26,P001,Rice,Grocery,26,62.58,65,Thursday,6,Monsoon,0,5
2025-06-26,P002,Wheat,Grocery,15,44.53,76,Thursday,6,Monsoon,0,5
2025-06-26,P003,Sugar,Grocery,17,50.12,97,Thursday,6,Monsoon,0,4
2025-06-26,P004,Cooking Oil,Grocery,10,122.26,96,Thursday,6,Monsoon,0,6
2025-06-26,P005,Milk,Dairy,42,40.53,252,Thursday,6,Monsoon,0,2
2025-06-26,P006,Bread,Bakery,34,35.15,150,Thursday,6,Monsoon,0,2
2025-06-26,P007,Eggs,Dairy,47,7.28,110,Thursday,6,Monsoon,0,2
2025-06-26,P008,Biscuits,Snacks,22,30.35,32,Thursday,6,Monsoon,0,4
2025-06-26,P009,Soap,Personal Care,9,35.64,93,Thursday,6,Monsoon,0,7
2025-06-26,P010,Shampoo,Personal Care,8,118.71,56,Thursday,6,Monsoon,0,7
2025-06-27,P001,Rice,Grocery,22,61.13,49,Friday,6,Monsoon,0,5
2025-06-27,P002,Wheat,Grocery,19,45.78,94,Friday,6,Monsoon,0,5
2025-06-27,P003,Sugar,Grocery,20,52.1,81,Friday,6,Monsoon,0,4
2025-06-27,P004,Cooking Oil,Grocery,12,114.79,94,Friday,6,Monsoon,0,6
2025-06-27,P005,Milk,Dairy,31,40.48,39,Friday,6,Monsoon,0,2
2025-06-27,P006,Bread,Bakery,36,35.66,193,Friday,6,Monsoon,0,2
2025-06-27,P007,Eggs,Dairy,41,6.84,127,Friday,6,Monsoon,0,2
2025-06-27,P008,Biscuits,Snacks,23,29.46,138,Friday,6,Monsoon,0,4
2025-06-27,P009,Soap,Personal Care,14,33.6,31,Friday,6,Monsoon,0,7
2025-06-27,P010,Shampoo,Personal Care,8,124.43,61,Friday,6,Monsoon,0,7
2025-06-28,P001,Rice,Grocery,27,58.47,110,Saturday,6,Monsoon,0,5
2025-06-28,P002,Wheat,Grocery,19,47.16,23,Saturday,6,Monsoon,0,5
2025-06-28,P003,Sugar,Grocery,25,50.33,114,Saturday,6,Monsoon,0,4
2025-06-28,P004,Cooking Oil,Grocery,14,117.25,38,Saturday,6,Monsoon,0,6
2025-06-28,P005,Milk,Dairy,38,40.88,106,Saturday,6,Monsoon,0,2
2025-06-28,P006,Bread,Bakery,41,33.6,88,Saturday,6,Monsoon,0,2
2025-06-28,P007,Eggs,Dairy,57,7.03,185,Saturday,6,Monsoon,0,2
2025-06-28,P008,Biscuits,Snacks,28,31.4,102,Saturday,6,Monsoon,0,4
2025-06-28,P009,Soap,Personal Care,13,34.26,63,Saturday,6,Monsoon,0,7
2025-06-28,P010,Shampoo,Personal Care,8,114.98,72,Saturday,6,Monsoon,0,7
2025-06-29,P001,Rice,Grocery,34,57.92,190,Sunday,6,Monsoon,0,5
2025-06-29,P002,Wheat,Grocery,19,47.16,32,Sunday,6,Monsoon,0,5
2025-06-29,P003,Sugar,Grocery,26,50.88,106,Sunday,6,Monsoon,0,4
2025-06-29,P004,Cooking Oil,Grocery,14,125.4,62,Sunday,6,Monsoon,0,6
2025-06-29,P005,Milk,Dairy,48,38.47,63,Sunday,6,Monsoon,0,2
2025-06-29,P006,Bread,Bakery,28,33.41,154,Sunday,6,Monsoon,0,2
2025-06-29,P007,Eggs,Dairy,56,7.1,183,Sunday,6,Monsoon,0,2
2025-06-29,P008,Biscuits,Snacks,26,29.2,51,Sunday,6,Monsoon,0,4
2025-06-29,P009,Soap,Personal Care,11,36.04,85,Sunday,6,Monsoon,0,7
2025-06-29,P010,Shampoo,Personal Care,9,114.38,57,Sunday,6,Monsoon,0,7
2025-06-30,P001,Rice,Grocery,25,62.0,50,Monday,6,Monsoon,0,5
2025-06-30,P002,Wheat,Grocery,12,45.27,25,Monday,6,Monsoon,0,5
2025-06-30,P003,Sugar,Grocery,20,52.01,95,Monday,6,Monsoon,0,4
2025-06-30,P004,Cooking Oil,Grocery,8,115.17,53,Monday,6,Monsoon,0,6
2025-06-30,P005,Milk,Dairy,38,40.81,58,Monday,6,Monsoon,0,2
2025-06-30,P006,Bread,Bakery,26,35.11,67,Monday,6,Monsoon,0,2
2025-06-30,P007,Eggs,Dairy,46,6.78,108,Monday,6,Monsoon,0,2
2025-06-30,P008,Biscuits,Snacks,21,28.94,62,Monday,6,Monsoon,0,4
2025-06-30,P009,Soap,Personal Care,14,33.93,49,Monday,6,Monsoon,0,7
2025-06-30,P010,Shampoo,Personal Care,7,119.29,32,Monday,6,Monsoon,0,7
2025-07-01,P001,Rice,Grocery,32,58.35,102,Tuesday,7,Monsoon,0,5
2025-07-01,P002,Wheat,Grocery,18,43.28,64,Tuesday,7,Monsoon,0,5
2025-07-01,P003,Sugar,Grocery,18,48.16,54,Tuesday,7,Monsoon,0,4
2025-07-01,P004,Cooking Oil,Grocery,9,124.97,36,Tuesday,7,Monsoon,0,6
2025-07-01,P005,Milk,Dairy,34,39.8,88,Tuesday,7,Monsoon,0,2
2025-07-01,P006,Bread,Bakery,34,36.59,180,Tuesday,7,Monsoon,0,2
2025-07-01,P007,Eggs,Dairy,38,6.96,201,Tuesday,7,Monsoon,0,2
2025-07-01,P008,Biscuits,Snacks,28,29.12,160,Tuesday,7,Monsoon,0,4
2025-07-01,P009,Soap,Personal Care,11,34.88,89,Tuesday,7,Monsoon,0,7
2025-07-01,P010,Shampoo,Personal Care,6,115.44,66,Tuesday,7,Monsoon,0,7
2025-07-02,P001,Rice,Grocery,29,61.16,169,Wednesday,7,Monsoon,0,5
2025-07-02,P002,Wheat,Grocery,20,47.08,69,Wednesday,7,Monsoon,0,5
2025-07-02,P003,Sugar,Grocery,17,49.15,90,Wednesday,7,Monsoon,0,4
2025-07-02,P004,Cooking Oil,Grocery,12,120.47,35,Wednesday,7,Monsoon,0,6
2025-07-02,P005,Milk,Dairy,32,39.87,178,Wednesday,7,Monsoon,0,2
2025-07-02,P006,Bread,Bakery,29,36.14,39,Wednesday,7,Monsoon,0,2
2025-07-02,P007,Eggs,Dairy,45,7.22,235,Wednesday,7,Monsoon,0,2
2025-07-02,P008,Biscuits,Snacks,29,29.19,46,Wednesday,7,Monsoon,0,4
2025-07-02,P009,Soap,Personal Care,13,33.93,25,Wednesday,7,Monsoon,0,7
2025-07-02,P010,Shampoo,Personal Care,8,119.8,68,Wednesday,7,Monsoon,0,7
2025-07-03,P001,Rice,Grocery,21,60.78,40,Thursday,7,Monsoon,0,5
2025-07-03,P002,Wheat,Grocery,18,45.96,103,Thursday,7,Monsoon,0,5
2025-07-03,P003,Sugar,Grocery,20,50.11,37,Thursday,7,Monsoon,0,4
2025-07-03,P004,Cooking Oil,Grocery,8,116.32,25,Thursday,7,Monsoon,0,6
2025-07-03,P005,Milk,Dairy,35,40.17,99,Thursday,7,Monsoon,0,2
2025-07-03,P006,Bread,Bakery,21,34.63,54,Thursday,7,Monsoon,0,2
2025-07-03,P007,Eggs,Dairy,42,6.95,139,Thursday,7,Monsoon,0,2
2025-07-03,P008,Biscuits,Snacks,20,31.0,76,Thursday,7,Monsoon,0,4
2025-07-03,P009,Soap,Personal Care,12,35.29,77,Thursday,7,Monsoon,0,7
2025-07-03,P010,Shampoo,Personal Care,8,114.43,38,Thursday,7,Monsoon,0,7
2025-07-04,P001,Rice,Grocery,26,59.1,131,Friday,7,Monsoon,0,5
2025-07-04,P002,Wheat,Grocery,17,43.06,65,Friday,7,Monsoon,0,5
2025-07-04,P003,Sugar,Grocery,24,47.76,78,Friday,7,Monsoon,0,4
2025-07-04,P004,Cooking Oil,Grocery,11,114.19,83,Friday,7,Monsoon,0,6
2025-07-04,P005,Milk,Dairy,32,38.17,105,Friday,7,Monsoon,0,2
2025-07-04,P006,Bread,Bakery,26,35.65,34,Friday,7,Monsoon,0,2
2025-07-04,P007,Eggs,Dairy,53,6.81,114,Friday,7,Monsoon,0,2
2025-07-04,P008,Biscuits,Snacks,23,29.05,131,Friday,7,Monsoon,0,4
2025-07-04,P009,Soap,Personal Care,13,34.97,62,Friday,7,Monsoon,0,7
2025-07-04,P010,Shampoo,Personal Care,7,118.94,85,Friday,7,Monsoon,0,7
2025-07-05,P001,Rice,Grocery,24,58.81,108,Saturday,7,Monsoon,0,5
2025-07-05,P002,Wheat,Grocery,20,44.78,39,Saturday,7,Monsoon,0,5
2025-07-05,P003,Sugar,Grocery,22,47.73,32,Saturday,7,Monsoon,0,4
2025-07-05,P004,Cooking Oil,Grocery,16,125.85,96,Saturday,7,Monsoon,0,6
2025-07-05,P005,Milk,Dairy,38,41.19,187,Saturday,7,Monsoon,0,2
2025-07-05,P006,Bread,Bakery,28,34.06,165,Saturday,7,Monsoon,0,2
2025-07-05,P007,Eggs,Dairy,59,6.96,211,Saturday,7,Monsoon,0,2
2025-07-05,P008,Biscuits,Snacks,33,30.16,36,Saturday,7,Monsoon,0,4
2025-07-05,P009,Soap,Personal Care,12,35.72,67,Saturday,7,Monsoon,0,7
2025-07-05,P010,Shampoo,Personal Care,8,119.11,64,Saturday,7,Monsoon,0,7
2025-07-06,P001,Rice,Grocery,29,62.09,41,Sunday,7,Monsoon,0,5
2025-07-06,P002,Wheat,Grocery,19,46.23,32,Sunday,7,Monsoon,0,5
2025-07-06,P003,Sugar,Grocery,20,47.93,106,Sunday,7,Monsoon,0,4
2025-07-06,P004,Cooking Oil,Grocery,16,118.21,38,Sunday,7,Monsoon,0,6
2025-07-06,P005,Milk,Dairy,36,39.33,215,Sunday,7,Monsoon,0,2
2025-07-06,P006,Bread,Bakery,34,34.61,175,Sunday,7,Monsoon,0,2
2025-07-06,P007,Eggs,Dairy,56,6.97,291,Sunday,7,Monsoon,0,2
2025-07-06,P008,Biscuits,Snacks,33,30.33,46,Sunday,7,Monsoon,0,4
2025-07-06,P009,Soap,Personal Care,13,34.51,62,Sunday,7,Monsoon,0,7
2025-07-06,P010,Shampoo,Personal Care,8,125.55,57,Sunday,7,Monsoon,0,7
2025-07-07,P001,Rice,Grocery,20,58.0,46,Monday,7,Monsoon,0,5
2025-07-07,P002,Wheat,Grocery,18,43.87,32,Monday,7,Monsoon,0,5
2025-07-07,P003,Sugar,Grocery,23,47.59,55,Monday,7,Monsoon,0,4
2025-07-07,P004,Cooking Oil,Grocery,10,114.37,99,Monday,7,Monsoon,0,6
2025-07-07,P005,Milk,Dairy,31,38.24,123,Monday,7,Monsoon,0,2
2025-07-07,P006,Bread,Bakery,28,33.5,140,Monday,7,Monsoon,0,2
2025-07-07,P007,Eggs,Dairy,50,7.06,163,Monday,7,Monsoon,0,2
2025-07-07,P008,Biscuits,Snacks,23,31.24,93,Monday,7,Monsoon,0,4
2025-07-07,P009,Soap,Personal Care,9,33.91,89,Monday,7,Monsoon,0,7
2025-07-07,P010,Shampoo,Personal Care,8,123.46,29,Monday,7,Monsoon,0,7
2025-07-08,P001,Rice,Grocery,25,57.43,70,Tuesday,7,Monsoon,0,5
2025-07-08,P002,Wheat,Grocery,17,44.93,77,Tuesday,7,Monsoon,0,5
2025-07-08,P003,Sugar,Grocery,21,52.14,27,Tuesday,7,Monsoon,0,4
2025-07-08,P004,Cooking Oil,Grocery,13,125.99,51,Tuesday,7,Monsoon,0,6
2025-07-08,P005,Milk,Dairy,25,41.5,51,Tuesday,7,Monsoon,0,2
2025-07-08,P006,Bread,Bakery,29,35.95,126,Tuesday,7,Monsoon,0,2
2025-07-08,P007,Eggs,Dairy,49,6.68,185,Tuesday,7,Monsoon,0,2
2025-07-08,P008,Biscuits,Snacks,27,29.58,54,Tuesday,7,Monsoon,0,4
2025-07-08,P009,Soap,Personal Care,11,35.11,38,Tuesday,7,Monsoon,0,7
2025-07-08,P010,Shampoo,Personal Care,7,120.15,38,Tuesday,7,Monsoon,0,7
2025-07-09,P001,Rice,Grocery,23,57.44,112,Wednesday,7,Monsoon,0,5
2025-07-09,P002,Wheat,Grocery,17,45.55,95,Wednesday,7,Monsoon,0,5
2025-07-09,P003,Sugar,Grocery,22,50.23,61,Wednesday,7,Monsoon,0,4
2025-07-09,P004,Cooking Oil,Grocery,15,118.38,48,Wednesday,7,Monsoon,0,6
2025-07-09,P005,Milk,Dairy,32,39.49,67,Wednesday,7,Monsoon,0,2
2025-07-09,P006,Bread,Bakery,33,33.63,37,Wednesday,7,Monsoon,0,2
2025-07-09,P007,Eggs,Dairy,49,6.77,66,Wednesday,7,Monsoon,0,2
2025-07-09,P008,Biscuits,Snacks,22,29.59,37,Wednesday,7,Monsoon,0,4
2025-07-09,P009,Soap,Personal Care,11,33.97,78,Wednesday,7,Monsoon,0,7
2025-07-09,P010,Shampoo,Personal Care,6,121.62,52,Wednesday,7,Monsoon,0,7
2025-07-10,P001,Rice,Grocery,18,61.8,21,Thursday,7,Monsoon,0,5
2025-07-10,P002,Wheat,Grocery,16,46.92,82,Thursday,7,Monsoon,0,5
2025-07-10,P003,Sugar,Grocery,17,48.57,83,Thursday,7,Monsoon,0,4
2025-07-10,P004,Cooking Oil,Grocery,12,119.02,64,Thursday,7,Monsoon,0,6
2025-07-10,P005,Milk,Dairy,39,41.04,122,Thursday,7,Monsoon,0,2
2025-07-10,P006,Bread,Bakery,30,34.59,159,Thursday,7,Monsoon,0,2
2025-07-10,P007,Eggs,Dairy,45,6.79,138,Thursday,7,Monsoon,0,2
2025-07-10,P008,Biscuits,Snacks,27,29.96,46,Thursday,7,Monsoon,0,4
2025-07-10,P009,Soap,Personal Care,13,35.39,87,Thursday,7,Monsoon,0,7
2025-07-10,P010,Shampoo,Personal Care,6,119.89,82,Thursday,7,Monsoon,0,7
2025-07-11,P001,Rice,Grocery,26,59.48,60,Friday,7,Monsoon,0,5
2025-07-11,P002,Wheat,Grocery,16,43.97,74,Friday,7,Monsoon,0,5
2025-07-11,P003,Sugar,Grocery,26,48.38,83,Friday,7,Monsoon,0,4
2025-07-11,P004,Cooking Oil,Grocery,15,120.95,46,Friday,7,Monsoon,0,6
2025-07-11,P005,Milk,Dairy,29,39.86,163,Friday,7,Monsoon,0,2
2025-07-11,P006,Bread,Bakery,28,36.28,79,Friday,7,Monsoon,0,2
2025-07-11,P007,Eggs,Dairy,47,7.11,57,Friday,7,Monsoon,0,2
2025-07-11,P008,Biscuits,Snacks,20,29.28,74,Friday,7,Monsoon,0,4
2025-07-11,P009,Soap,Personal Care,11,34.14,72,Friday,7,Monsoon,0,7
2025-07-11,P010,Shampoo,Personal Care,9,122.37,42,Friday,7,Monsoon,0,7
2025-07-12,P001,Rice,Grocery,29,58.2,147,Saturday,7,Monsoon,0,5
2025-07-12,P002,Wheat,Grocery,17,46.53,64,Saturday,7,Monsoon,0,5
2025-07-12,P003,Sugar,Grocery,24,50.38,112,Saturday,7,Monsoon,0,4
2025-07-12,P004,Cooking Oil,Grocery,15,117.93,27,Saturday,7,Monsoon,0,6
2025-07-12,P005,Milk,Dairy,53,39.06,154,Saturday,7,Monsoon,0,2
2025-07-12,P006,Bread,Bakery,37,35.03,61,Saturday,7,Monsoon,0,2
2025-07-12,P007,Eggs,Dairy,48,6.67,264,Saturday,7,Monsoon,0,2
2025-07-12,P008,Biscuits,Snacks,28,30.28,165,Saturday,7,Monsoon,0,4
2025-07-12,P009,Soap,Personal Care,12,36.5,35,Saturday,7,Monsoon,0,7
2025-07-12,P010,Shampoo,Personal Care,7,123.16,93,Saturday,7,Monsoon,0,7
2025-07-13,P001,Rice,Grocery,41,62.87,208,Sunday,7,Monsoon,0,5
2025-07-13,P002,Wheat,Grocery,23,45.62,138,Sunday,7,Monsoon,0,5
2025-07-13,P003,Sugar,Grocery,21,48.52,78,Sunday,7,Monsoon,0,4
2025-07-13,P004,Cooking Oil,Grocery,13,115.59,64,Sunday,7,Monsoon,0,6
2025-07-13,P005,Milk,Dairy,29,39.54,133,Sunday,7,Monsoon,0,2
2025-07-13,P006,Bread,Bakery,35,33.37,149,Sunday,7,Monsoon,0,2
2025-07-13,P007,Eggs,Dairy,45,7.0,222,Sunday,7,Monsoon,0,2
2025-07-13,P008,Biscuits,Snacks,30,30.97,72,Sunday,7,Monsoon,0,4
2025-07-13,P009,Soap,Personal Care,10,35.78,55,Sunday,7,Monsoon,0,7
2025-07-13,P010,Shampoo,Personal Care,8,122.7,49,Sunday,7,Monsoon,0,7
2025-07-14,P001,Rice,Grocery,29,59.61,56,Monday,7,Monsoon,0,5
2025-07-14,P002,Wheat,Grocery,19,43.57,62,Monday,7,Monsoon,0,5
2025-07-14,P003,Sugar,Grocery,25,48.39,113,Monday,7,Monsoon,0,4
2025-07-14,P004,Cooking Oil,Grocery,12,125.06,41,Monday,7,Monsoon,0,6
2025-07-14,P005,Milk,Dairy,35,38.94,48,Monday,7,Monsoon,0,2
2025-07-14,P006,Bread,Bakery,25,34.09,35,Monday,7,Monsoon,0,2
2025-07-14,P007,Eggs,Dairy,41,7.09,173,Monday,7,Monsoon,0,2
2025-07-14,P008,Biscuits,Snacks,25,30.67,126,Monday,7,Monsoon,0,4
2025-07-14,P009,Soap,Personal Care,13,36.24,71,Monday,7,Monsoon,0,7
2025-07-14,P010,Shampoo,Personal Care,7,115.44,75,Monday,7,Monsoon,0,7
2025-07-15,P001,Rice,Grocery,19,62.75,46,Tuesday,7,Monsoon,0,5
2025-07-15,P002,Wheat,Grocery,17,42.87,33,Tuesday,7,Monsoon,0,5
2025-07-15,P003,Sugar,Grocery,19,49.92,39,Tuesday,7,Monsoon,0,4
2025-07-15,P004,Cooking Oil,Grocery,11,117.3,62,Tuesday,7,Monsoon,0,6
2025-07-15,P005,Milk,Dairy,43,38.32,58,Tuesday,7,Monsoon,0,2
2025-07-15,P006,Bread,Bakery,26,35.75,154,Tuesday,7,Monsoon,0,2
2025-07-15,P007,Eggs,Dairy,24,6.65,107,Tuesday,7,Monsoon,0,2
2025-07-15,P008,Biscuits,Snacks,25,28.6,72,Tuesday,7,Monsoon,0,4
2025-07-15,P009,Soap,Personal Care,11,35.33,60,Tuesday,7,Monsoon,0,7
2025-07-15,P010,Shampoo,Personal Care,6,124.72,53,Tuesday,7,Monsoon,0,7
2025-07-16,P001,Rice,Grocery,16,58.98,94,Wednesday,7,Monsoon,0,5
2025-07-16,P002,Wheat,Grocery,13,46.83,70,Wednesday,7,Monsoon,0,5
2025-07-16,P003,Sugar,Grocery,13,48.68,37,Wednesday,7,Monsoon,0,4
2025-07-16,P004,Cooking Oil,Grocery,13,118.38,20,Wednesday,7,Monsoon,0,6
2025-07-16,P005,Milk,Dairy,35,39.42,187,Wednesday,7,Monsoon,0,2
2025-07-16,P006,Bread,Bakery,33,34.21,81,Wednesday,7,Monsoon,0,2
2025-07-16,P007,Eggs,Dairy,31,6.65,131,Wednesday,7,Monsoon,0,2
2025-07-16,P008,Biscuits,Snacks,22,28.8,83,Wednesday,7,Monsoon,0,4
2025-07-16,P009,Soap,Personal Care,11,36.22,52,Wednesday,7,Monsoon,0,7
2025-07-16,P010,Shampoo,Personal Care,8,120.38,82,Wednesday,7,Monsoon,0,7
2025-07-17,P001,Rice,Grocery,29,59.76,142,Thursday,7,Monsoon,0,5
2025-07-17,P002,Wheat,Grocery,18,44.53,103,Thursday,7,Monsoon,0,5
2025-07-17,P003,Sugar,Grocery,21,49.81,66,Thursday,7,Monsoon,0,4
2025-07-17,P004,Cooking Oil,Grocery,12,115.1,42,Thursday,7,Monsoon,0,6
2025-07-17,P005,Milk,Dairy,34,41.97,91,Thursday,7,Monsoon,0,2
2025-07-17,P006,Bread,Bakery,22,35.93,99,Thursday,7,Monsoon,0,2
2025-07-17,P007,Eggs,Dairy,50,7.22,215,Thursday,7,Monsoon,0,2
2025-07-17,P008,Biscuits,Snacks,28,30.39,124,Thursday,7,Monsoon,0,4
2025-07-17,P009,Soap,Personal Care,12,35.11,65,Thursday,7,Monsoon,0,7
2025-07-17,P010,Shampoo,Personal Care,7,115.81,59,Thursday,7,Monsoon,0,7
2025-07-18,P001,Rice,Grocery,22,61.13,126,Friday,7,Monsoon,0,5
2025-07-18,P002,Wheat,Grocery,13,44.2,32,Friday,7,Monsoon,0,5
2025-07-18,P003,Sugar,Grocery,18,49.12,51,Friday,7,Monsoon,0,4
2025-07-18,P004,Cooking Oil,Grocery,14,115.21,53,Friday,7,Monsoon,0,6
2025-07-18,P005,Milk,Dairy,25,39.66,42,Friday,7,Monsoon,0,2
2025-07-18,P006,Bread,Bakery,22,36.22,108,Friday,7,Monsoon,0,2
2025-07-18,P007,Eggs,Dairy,33,7.06,130,Friday,7,Monsoon,0,2
2025-07-18,P008,Biscuits,Snacks,22,31.25,31,Friday,7,Monsoon,0,4
2025-07-18,P009,Soap,Personal Care,12,35.69,97,Friday,7,Monsoon,0,7
2025-07-18,P010,Shampoo,Personal Care,6,123.38,77,Friday,7,Monsoon,0,7
2025-07-19,P001,Rice,Grocery,27,60.57,128,Saturday,7,Monsoon,0,5
2025-07-19,P002,Wheat,Grocery,24,45.8,98,Saturday,7,Monsoon,0,5
2025-07-19,P003,Sugar,Grocery,17,50.48,54,Saturday,7,Monsoon,0,4
2025-07-19,P004,Cooking Oil,Grocery,15,123.97,82,Saturday,7,Monsoon,0,6
2025-07-19,P005,Milk,Dairy,46,38.15,254,Saturday,7,Monsoon,0,2
2025-07-19,P006,Bread,Bakery,41,33.97,154,Saturday,7,Monsoon,0,2
2025-07-19,P007,Eggs,Dairy,38,6.76,73,Saturday,7,Monsoon,0,2
2025-07-19,P008,Biscuits,Snacks,29,30.43,108,Saturday,7,Monsoon,0,4
2025-07-19,P009,Soap,Personal Care,16,34.18,99,Saturday,7,Monsoon,0,7
2025-07-19,P010,Shampoo,Personal Care,8,119.69,44,Saturday,7,Monsoon,0,7
2025-07-20,P001,Rice,Grocery,21,57.31,97,Sunday,7,Monsoon,0,5
2025-07-20,P002,Wheat,Grocery,25,43.85,54,Sunday,7,Monsoon,0,5
2025-07-20,P003,Sugar,Grocery,28,49.51,112,Sunday,7,Monsoon,0,4
2025-07-20,P004,Cooking Oil,Grocery,12,114.62,80,Sunday,7,Monsoon,0,6
2025-07-20,P005,Milk,Dairy,32,39.72,53,Sunday,7,Monsoon,0,2
2025-07-20,P006,Bread,Bakery,23,36.27,115,Sunday,7,Monsoon,0,2
2025-07-20,P007,Eggs,Dairy,55,7.1,330,Sunday,7,Monsoon,0,2
2025-07-20,P008,Biscuits,Snacks,28,31.12,118,Sunday,7,Monsoon,0,4
2025-07-20,P009,Soap,Personal Care,12,34.63,82,Sunday,7,Monsoon,0,7
2025-07-20,P010,Shampoo,Personal Care,9,122.66,88,Sunday,7,Monsoon,0,7
2025-07-21,P001,Rice,Grocery,26,58.38,100,Monday,7,Monsoon,0,5
2025-07-21,P002,Wheat,Grocery,13,45.22,39,Monday,7,Monsoon,0,5
2025-07-21,P003,Sugar,Grocery,19,51.82,40,Monday,7,Monsoon,0,4
2025-07-21,P004,Cooking Oil,Grocery,9,114.5,91,Monday,7,Monsoon,0,6
2025-07-21,P005,Milk,Dairy,25,40.43,29,Monday,7,Monsoon,0,2
2025-07-21,P006,Bread,Bakery,27,33.53,137,Monday,7,Monsoon,0,2
2025-07-21,P007,Eggs,Dairy,35,6.69,113,Monday,7,Monsoon,0,2
2025-07-21,P008,Biscuits,Snacks,19,30.39,31,Monday,7,Monsoon,0,4
2025-07-21,P009,Soap,Personal Care,13,36.32,34,Monday,7,Monsoon,0,7
2025-07-21,P010,Shampoo,Personal Care,5,117.58,30,Monday,7,Monsoon,0,7
2025-07-22,P001,Rice,Grocery,23,62.3,45,Tuesday,7,Monsoon,0,5
2025-07-22,P002,Wheat,Grocery,18,43.84,97,Tuesday,7,Monsoon,0,5
2025-07-22,P003,Sugar,Grocery,30,47.84,134,Tuesday,7,Monsoon,0,4
2025-07-22,P004,Cooking Oil,Grocery,12,115.47,71,Tuesday,7,Monsoon,0,6
2025-07-22,P005,Milk,Dairy,37,39.52,50,Tuesday,7,Monsoon,0,2
2025-07-22,P006,Bread,Bakery,37,35.24,50,Tuesday,7,Monsoon,0,2
2025-07-22,P007,Eggs,Dairy,35,6.91,43,Tuesday,7,Monsoon,0,2
2025-07-22,P008,Biscuits,Snacks,21,28.8,41,Tuesday,7,Monsoon,0,4
2025-07-22,P009,Soap,Personal Care,6,36.15,99,Tuesday,7,Monsoon,0,7
2025-07-22,P010,Shampoo,Personal Care,8,125.38,38,Tuesday,7,Monsoon,0,7
2025-07-23,P001,Rice,Grocery,26,59.82,113,Wednesday,7,Monsoon,0,5
2025-07-23,P002,Wheat,Grocery,19,47.06,92,Wednesday,7,Monsoon,0,5
2025-07-23,P003,Sugar,Grocery,16,52.45,89,Wednesday,7,Monsoon,0,4
2025-07-23,P004,Cooking Oil,Grocery,12,115.21,97,Wednesday,7,Monsoon,0,6
2025-07-23,P005,Milk,Dairy,35,38.3,133,Wednesday,7,Monsoon,0,2
2025-07-23,P006,Bread,Bakery,23,34.96,99,Wednesday,7,Monsoon,0,2
2025-07-23,P007,Eggs,Dairy,48,7.04,120,Wednesday,7,Monsoon,0,2
2025-07-23,P008,Biscuits,Snacks,27,28.87,79,Wednesday,7,Monsoon,0,4
2025-07-23,P009,Soap,Personal Care,12,34.12,75,Wednesday,7,Monsoon,0,7
2025-07-23,P010,Shampoo,Personal Care,9,117.36,97,Wednesday,7,Monsoon,0,7
2025-07-24,P001,Rice,Grocery,20,58.93,72,Thursday,7,Monsoon,0,5
2025-07-24,P002,Wheat,Grocery,17,44.95,23,Thursday,7,Monsoon,0,5
2025-07-24,P003,Sugar,Grocery,14,49.87,70,Thursday,7,Monsoon,0,4
2025-07-24,P004,Cooking Oil,Grocery,10,116.23,61,Thursday,7,Monsoon,0,6
2025-07-24,P005,Milk,Dairy,30,39.49,52,Thursday,7,Monsoon,0,2
2025-07-24,P006,Bread,Bakery,30,34.44,140,Thursday,7,Monsoon,0,2
2025-07-24,P007,Eggs,Dairy,48,7.11,146,Thursday,7,Monsoon,0,2
2025-07-24,P008,Biscuits,Snacks,23,29.69,126,Thursday,7,Monsoon,0,4
2025-07-24,P009,Soap,Personal Care,11,34.06,70,Thursday,7,Monsoon,0,7
2025-07-24,P010,Shampoo,Personal Care,6,115.18,32,Thursday,7,Monsoon,0,7
2025-07-25,P001,Rice,Grocery,19,57.95,75,Friday,7,Monsoon,0,5
2025-07-25,P002,Wheat,Grocery,18,46.52,103,Friday,7,Monsoon,0,5
2025-07-25,P003,Sugar,Grocery,16,50.24,95,Friday,7,Monsoon,0,4
2025-07-25,P004,Cooking Oil,Grocery,9,124.68,26,Friday,7,Monsoon,0,6
2025-07-25,P005,Milk,Dairy,34,39.79,204,Friday,7,Monsoon,0,2
2025-07-25,P006,Bread,Bakery,32,36.2,53,Friday,7,Monsoon,0,2
2025-07-25,P007,Eggs,Dairy,34,7.32,95,Friday,7,Monsoon,0,2
2025-07-25,P008,Biscuits,Snacks,23,29.91,135,Friday,7,Monsoon,0,4
2025-07-25,P009,Soap,Personal Care,10,35.66,24,Friday,7,Monsoon,0,7
2025-07-25,P010,Shampoo,Personal Care,6,116.14,24,Friday,7,Monsoon,0,7
2025-07-26,P001,Rice,Grocery,31,58.39,170,Saturday,7,Monsoon,0,5
2025-07-26,P002,Wheat,Grocery,24,42.86,135,Saturday,7,Monsoon,0,5
2025-07-26,P003,Sugar,Grocery,19,48.23,26,Saturday,7,Monsoon,0,4
2025-07-26,P004,Cooking Oil,Grocery,13,117.77,26,Saturday,7,Monsoon,0,6
2025-07-26,P005,Milk,Dairy,46,40.51,131,Saturday,7,Monsoon,0,2
2025-07-26,P006,Bread,Bakery,43,34.33,65,Saturday,7,Monsoon,0,2
2025-07-26,P007,Eggs,Dairy,51,6.67,251,Saturday,7,Monsoon,0,2
2025-07-26,P008,Biscuits,Snacks,34,30.91,187,Saturday,7,Monsoon,0,4
2025-07-26,P009,Soap,Personal Care,12,34.87,64,Saturday,7,Monsoon,0,7
2025-07-26,P010,Shampoo,Personal Care,11,125.46,88,Saturday,7,Monsoon,0,7
2025-07-27,P001,Rice,Grocery,29,62.84,163,Sunday,7,Monsoon,0,5
2025-07-27,P002,Wheat,Grocery,22,44.11,38,Sunday,7,Monsoon,0,5
2025-07-27,P003,Sugar,Grocery,26,50.0,37,Sunday,7,Monsoon,0,4
2025-07-27,P004,Cooking Oil,Grocery,11,120.23,24,Sunday,7,Monsoon,0,6
2025-07-27,P005,Milk,Dairy,34,41.56,178,Sunday,7,Monsoon,0,2
2025-07-27,P006,Bread,Bakery,41,34.95,85,Sunday,7,Monsoon,0,2
2025-07-27,P007,Eggs,Dairy,51,7.13,191,Sunday,7,Monsoon,0,2
2025-07-27,P008,Biscuits,Snacks,29,29.57,35,Sunday,7,Monsoon,0,4
2025-07-27,P009,Soap,Personal Care,8,33.92,26,Sunday,7,Monsoon,0,7
2025-07-27,P010,Shampoo,Personal Care,8,124.8,21,Sunday,7,Monsoon,0,7
2025-07-28,P001,Rice,Grocery,22,60.43,97,Monday,7,Monsoon,0,5
2025-07-28,P002,Wheat,Grocery,11,43.96,88,Monday,7,Monsoon,0,5
2025-07-28,P003,Sugar,Grocery,16,47.87,70,Monday,7,Monsoon,0,4
2025-07-28,P004,Cooking Oil,Grocery,14,115.83,49,Monday,7,Monsoon,0,6
2025-07-28,P005,Milk,Dairy,33,41.16,79,Monday,7,Monsoon,0,2
2025-07-28,P006,Bread,Bakery,29,35.6,30,Monday,7,Monsoon,0,2
2025-07-28,P007,Eggs,Dairy,42,7.12,231,Monday,7,Monsoon,0,2
2025-07-28,P008,Biscuits,Snacks,26,28.58,86,Monday,7,Monsoon,0,4
2025-07-28,P009,Soap,Personal Care,10,36.45,85,Monday,7,Monsoon,0,7
2025-07-28,P010,Shampoo,Personal Care,7,118.49,31,Monday,7,Monsoon,0,7
2025-07-29,P001,Rice,Grocery,20,59.92,93,Tuesday,7,Monsoon,0,5
2025-07-29,P002,Wheat,Grocery,18,45.07,36,Tuesday,7,Monsoon,0,5
2025-07-29,P003,Sugar,Grocery,23,47.75,97,Tuesday,7,Monsoon,0,4
2025-07-29,P004,Cooking Oil,Grocery,10,121.35,90,Tuesday,7,Monsoon,0,6
2025-07-29,P005,Milk,Dairy,28,38.3,40,Tuesday,7,Monsoon,0,2
2025-07-29,P006,Bread,Bakery,25,33.37,89,Tuesday,7,Monsoon,0,2
2025-07-29,P007,Eggs,Dairy,36,6.72,159,Tuesday,7,Monsoon,0,2
2025-07-29,P008,Biscuits,Snacks,21,28.68,36,Tuesday,7,Monsoon,0,4
2025-07-29,P009,Soap,Personal Care,10,35.14,52,Tuesday,7,Monsoon,0,7
2025-07-29,P010,Shampoo,Personal Care,7,114.59,50,Tuesday,7,Monsoon,0,7
2025-07-30,P001,Rice,Grocery,24,57.24,64,Wednesday,7,Monsoon,0,5
2025-07-30,P002,Wheat,Grocery,21,45.37,95,Wednesday,7,Monsoon,0,5
2025-07-30,P003,Sugar,Grocery,16,52.17,48,Wednesday,7,Monsoon,0,4
2025-07-30,P004,Cooking Oil,Grocery,13,120.31,80,Wednesday,7,Monsoon,0,6
2025-07-30,P005,Milk,Dairy,33,38.22,114,Wednesday,7,Monsoon,0,2
2025-07-30,P006,Bread,Bakery,26,35.16,126,Wednesday,7,Monsoon,0,2
2025-07-30,P007,Eggs,Dairy,44,7.26,90,Wednesday,7,Monsoon,0,2
2025-07-30,P008,Biscuits,Snacks,24,29.82,56,Wednesday,7,Monsoon,0,4
2025-07-30,P009,Soap,Personal Care,12,36.49,55,Wednesday,7,Monsoon,0,7
2025-07-30,P010,Shampoo,Personal Care,9,125.49,68,Wednesday,7,Monsoon,0,7
2025-07-31,P001,Rice,Grocery,26,57.15,50,Thursday,7,Monsoon,0,5
2025-07-31,P002,Wheat,Grocery,22,45.49,57,Thursday,7,Monsoon,0,5
2025-07-31,P003,Sugar,Grocery,20,51.29,72,Thursday,7,Monsoon,0,4
2025-07-31,P004,Cooking Oil,Grocery,13,114.54,93,Thursday,7,Monsoon,0,6
2025-07-31,P005,Milk,Dairy,28,38.57,55,Thursday,7,Monsoon,0,2
2025-07-31,P006,Bread,Bakery,29,35.48,62,Thursday,7,Monsoon,0,2
2025-07-31,P007,Eggs,Dairy,40,6.96,188,Thursday,7,Monsoon,0,2
2025-07-31,P008,Biscuits,Snacks,25,29.6,25,Thursday,7,Monsoon,0,4
2025-07-31,P009,Soap,Personal Care,11,33.55,48,Thursday,7,Monsoon,0,7
2025-07-31,P010,Shampoo,Personal Care,8,116.59,92,Thursday,7,Monsoon,0,7
2025-08-01,P001,Rice,Grocery,22,60.82,29,Friday,8,Monsoon,0,5
2025-08-01,P002,Wheat,Grocery,22,43.16,105,Friday,8,Monsoon,0,5
2025-08-01,P003,Sugar,Grocery,19,51.28,81,Friday,8,Monsoon,0,4
2025-08-01,P004,Cooking Oil,Grocery,11,121.02,52,Friday,8,Monsoon,0,6
2025-08-01,P005,Milk,Dairy,39,41.92,100,Friday,8,Monsoon,0,2
2025-08-01,P006,Bread,Bakery,33,35.28,56,Friday,8,Monsoon,0,2
2025-08-01,P007,Eggs,Dairy,53,6.98,236,Friday,8,Monsoon,0,2
2025-08-01,P008,Biscuits,Snacks,22,30.28,25,Friday,8,Monsoon,0,4
2025-08-01,P009,Soap,Personal Care,9,35.18,26,Friday,8,Monsoon,0,7
2025-08-01,P010,Shampoo,Personal Care,9,119.35,74,Friday,8,Monsoon,0,7
2025-08-02,P001,Rice,Grocery,36,59.02,75,Saturday,8,Monsoon,0,5
2025-08-02,P002,Wheat,Grocery,16,47.14,28,Saturday,8,Monsoon,0,5
2025-08-02,P003,Sugar,Grocery,23,48.52,135,Saturday,8,Monsoon,0,4
2025-08-02,P004,Cooking Oil,Grocery,19,118.52,64,Saturday,8,Monsoon,0,6
2025-08-02,P005,Milk,Dairy,44,39.22,57,Saturday,8,Monsoon,0,2
2025-08-02,P006,Bread,Bakery,30,33.53,98,Saturday,8,Monsoon,0,2
2025-08-02,P007,Eggs,Dairy,40,6.66,211,Saturday,8,Monsoon,0,2
2025-08-02,P008,Biscuits,Snacks,30,29.65,33,Saturday,8,Monsoon,0,4
2025-08-02,P009,Soap,Personal Care,13,36.57,60,Saturday,8,Monsoon,0,7
2025-08-02,P010,Shampoo,Personal Care,10,117.16,88,Saturday,8,Monsoon,0,7
2025-08-03,P001,Rice,Grocery,16,62.08,93,Sunday,8,Monsoon,0,5
2025-08-03,P002,Wheat,Grocery,19,46.98,33,Sunday,8,Monsoon,0,5
2025-08-03,P003,Sugar,Grocery,25,49.06,108,Sunday,8,Monsoon,0,4
2025-08-03,P004,Cooking Oil,Grocery,14,123.48,75,Sunday,8,Monsoon,0,6
2025-08-03,P005,Milk,Dairy,45,39.04,100,Sunday,8,Monsoon,0,2
2025-08-03,P006,Bread,Bakery,30,34.5,83,Sunday,8,Monsoon,0,2
2025-08-03,P007,Eggs,Dairy,69,6.77,322,Sunday,8,Monsoon,0,2
2025-08-03,P008,Biscuits,Snacks,28,29.2,59,Sunday,8,Monsoon,0,4
2025-08-03,P009,Soap,Personal Care,13,34.56,39,Sunday,8,Monsoon,0,7
2025-08-03,P010,Shampoo,Personal Care,10,118.37,82,Sunday,8,Monsoon,0,7
2025-08-04,P001,Rice,Grocery,27,61.47,76,Monday,8,Monsoon,0,5
2025-08-04,P002,Wheat,Grocery,14,44.79,51,Monday,8,Monsoon,0,5
2025-08-04,P003,Sugar,Grocery,16,50.11,50,Monday,8,Monsoon,0,4
2025-08-04,P004,Cooking Oil,Grocery,11,125.99,38,Monday,8,Monsoon,0,6
2025-08-04,P005,Milk,Dairy,28,41.52,35,Monday,8,Monsoon,0,2
2025-08-04,P006,Bread,Bakery,35,33.61,132,Monday,8,Monsoon,0,2
2025-08-04,P007,Eggs,Dairy,55,6.86,67,Monday,8,Monsoon,0,2
2025-08-04,P008,Biscuits,Snacks,29,31.3,164,Monday,8,Monsoon,0,4
2025-08-04,P009,Soap,Personal Care,11,34.67,97,Monday,8,Monsoon,0,7
2025-08-04,P010,Shampoo,Personal Care,7,123.45,67,Monday,8,Monsoon,0,7
2025-08-05,P001,Rice,Grocery,19,58.46,20,Tuesday,8,Monsoon,0,5
2025-08-05,P002,Wheat,Grocery,11,46.27,25,Tuesday,8,Monsoon,0,5
2025-08-05,P003,Sugar,Grocery,20,49.18,69,Tuesday,8,Monsoon,0,4
2025-08-05,P004,Cooking Oil,Grocery,11,116.66,49,Tuesday,8,Monsoon,0,6
2025-08-05,P005,Milk,Dairy,34,39.75,150,Tuesday,8,Monsoon,0,2
2025-08-05,P006,Bread,Bakery,27,36.74,68,Tuesday,8,Monsoon,0,2
2025-08-05,P007,Eggs,Dairy,57,7.21,241,Tuesday,8,Monsoon,0,2
2025-08-05,P008,Biscuits,Snacks,29,29.57,32,Tuesday,8,Monsoon,0,4
2025-08-05,P009,Soap,Personal Care,12,34.09,79,Tuesday,8,Monsoon,0,7
2025-08-05,P010,Shampoo,Personal Care,9,115.05,54,Tuesday,8,Monsoon,0,7
2025-08-06,P001,Rice,Grocery,22,61.92,100,Wednesday,8,Monsoon,0,5
2025-08-06,P002,Wheat,Grocery,13,46.05,44,Wednesday,8,Monsoon,0,5
2025-08-06,P003,Sugar,Grocery,21,50.54,66,Wednesday,8,Monsoon,0,4
2025-08-06,P004,Cooking Oil,Grocery,14,124.06,97,Wednesday,8,Monsoon,0,6
2025-08-06,P005,Milk,Dairy,43,40.12,92,Wednesday,8,Monsoon,0,2
2025-08-06,P006,Bread,Bakery,28,36.26,107,Wednesday,8,Monsoon,0,2
2025-08-06,P007,Eggs,Dairy,51,7.18,245,Wednesday,8,Monsoon,0,2
2025-08-06,P008,Biscuits,Snacks,18,31.4,22,Wednesday,8,Monsoon,0,4
2025-08-06,P009,Soap,Personal Care,9,34.11,23,Wednesday,8,Monsoon,0,7
2025-08-06,P010,Shampoo,Personal Care,8,123.85,83,Wednesday,8,Monsoon,0,7
2025-08-07,P001,Rice,Grocery,24,57.47,125,Thursday,8,Monsoon,0,5
2025-08-07,P002,Wheat,Grocery,17,46.69,65,Thursday,8,Monsoon,0,5
2025-08-07,P003,Sugar,Grocery,20,50.21,119,Thursday,8,Monsoon,0,4
2025-08-07,P004,Cooking Oil,Grocery,10,114.85,71,Thursday,8,Monsoon,0,6
2025-08-07,P005,Milk,Dairy,40,41.19,79,Thursday,8,Monsoon,0,2
2025-08-07,P006,Bread,Bakery,33,33.38,118,Thursday,8,Monsoon,0,2
2025-08-07,P007,Eggs,Dairy,40,6.98,79,Thursday,8,Monsoon,0,2
2025-08-07,P008,Biscuits,Snacks,24,29.12,66,Thursday,8,Monsoon,0,4
2025-08-07,P009,Soap,Personal Care,10,36.36,79,Thursday,8,Monsoon,0,7
2025-08-07,P010,Shampoo,Personal Care,7,115.04,66,Thursday,8,Monsoon,0,7
2025-08-08,P001,Rice,Grocery,20,57.11,56,Friday,8,Monsoon,0,5
2025-08-08,P002,Wheat,Grocery,14,43.77,92,Friday,8,Monsoon,0,5
2025-08-08,P003,Sugar,Grocery,20,48.55,116,Friday,8,Monsoon,0,4
2025-08-08,P004,Cooking Oil,Grocery,12,125.79,48,Friday,8,Monsoon,0,6
2025-08-08,P005,Milk,Dairy,28,40.16,76,Friday,8,Monsoon,0,2
2025-08-08,P006,Bread,Bakery,29,34.46,32,Friday,8,Monsoon,0,2
2025-08-08,P007,Eggs,Dairy,47,6.71,147,Friday,8,Monsoon,0,2
2025-08-08,P008,Biscuits,Snacks,25,29.7,38,Friday,8,Monsoon,0,4
2025-08-08,P009,Soap,Personal Care,13,35.68,90,Friday,8,Monsoon,0,7
2025-08-08,P010,Shampoo,Personal Care,8,117.49,98,Friday,8,Monsoon,0,7
2025-08-09,P001,Rice,Grocery,30,59.12,177,Saturday,8,Monsoon,0,5
2025-08-09,P002,Wheat,Grocery,16,45.72,41,Saturday,8,Monsoon,0,5
2025-08-09,P003,Sugar,Grocery,24,50.96,50,Saturday,8,Monsoon,0,4
2025-08-09,P004,Cooking Oil,Grocery,14,124.94,63,Saturday,8,Monsoon,0,6
2025-08-09,P005,Milk,Dairy,45,40.34,137,Saturday,8,Monsoon,0,2
2025-08-09,P006,Bread,Bakery,40,33.87,181,Saturday,8,Monsoon,0,2
2025-08-09,P007,Eggs,Dairy,63,6.99,98,Saturday,8,Monsoon,0,2
2025-08-09,P008,Biscuits,Snacks,18,30.69,37,Saturday,8,Monsoon,0,4
2025-08-09,P009,Soap,Personal Care,11,34.03,49,Saturday,8,Monsoon,0,7
2025-08-09,P010,Shampoo,Personal Care,10,116.86,37,Saturday,8,Monsoon,0,7
2025-08-10,P001,Rice,Grocery,33,59.14,92,Sunday,8,Monsoon,0,5
2025-08-10,P002,Wheat,Grocery,24,44.73,89,Sunday,8,Monsoon,0,5
2025-08-10,P003,Sugar,Grocery,25,49.06,131,Sunday,8,Monsoon,0,4
2025-08-10,P004,Cooking Oil,Grocery,14,121.89,41,Sunday,8,Monsoon,0,6
2025-08-10,P005,Milk,Dairy,37,39.69,88,Sunday,8,Monsoon,0,2
2025-08-10,P006,Bread,Bakery,29,33.76,124,Sunday,8,Monsoon,0,2
2025-08-10,P007,Eggs,Dairy,49,7.15,221,Sunday,8,Monsoon,0,2
2025-08-10,P008,Biscuits,Snacks,25,30.53,136,Sunday,8,Monsoon,0,4
2025-08-10,P009,Soap,Personal Care,15,34.84,20,Sunday,8,Monsoon,0,7
2025-08-10,P010,Shampoo,Personal Care,9,124.24,26,Sunday,8,Monsoon,0,7
2025-08-11,P001,Rice,Grocery,29,58.2,75,Monday,8,Monsoon,0,5
2025-08-11,P002,Wheat,Grocery,23,45.69,47,Monday,8,Monsoon,0,5
2025-08-11,P003,Sugar,Grocery,15,51.94,58,Monday,8,Monsoon,0,4
2025-08-11,P004,Cooking Oil,Grocery,9,123.0,64,Monday,8,Monsoon,0,6
2025-08-11,P005,Milk,Dairy,44,39.88,220,Monday,8,Monsoon,0,2
2025-08-11,P006,Bread,Bakery,37,34.39,126,Monday,8,Monsoon,0,2
2025-08-11,P007,Eggs,Dairy,47,7.04,138,Monday,8,Monsoon,0,2
2025-08-11,P008,Biscuits,Snacks,24,28.56,32,Monday,8,Monsoon,0,4
2025-08-11,P009,Soap,Personal Care,11,34.44,49,Monday,8,Monsoon,0,7
2025-08-11,P010,Shampoo,Personal Care,8,114.41,67,Monday,8,Monsoon,0,7
2025-08-12,P001,Rice,Grocery,20,60.08,37,Tuesday,8,Monsoon,0,5
2025-08-12,P002,Wheat,Grocery,23,45.41,57,Tuesday,8,Monsoon,0,5
2025-08-12,P003,Sugar,Grocery,22,49.99,71,Tuesday,8,Monsoon,0,4
2025-08-12,P004,Cooking Oil,Grocery,11,120.12,43,Tuesday,8,Monsoon,0,6
2025-08-12,P005,Milk,Dairy,33,41.67,53,Tuesday,8,Monsoon,0,2
2025-08-12,P006,Bread,Bakery,25,34.55,65,Tuesday,8,Monsoon,0,2
2025-08-12,P007,Eggs,Dairy,34,7.05,65,Tuesday,8,Monsoon,0,2
2025-08-12,P008,Biscuits,Snacks,27,30.89,116,Tuesday,8,Monsoon,0,4
2025-08-12,P009,Soap,Personal Care,9,35.2,78,Tuesday,8,Monsoon,0,7
2025-08-12,P010,Shampoo,Personal Care,6,114.62,85,Tuesday,8,Monsoon,0,7
2025-08-13,P001,Rice,Grocery,29,58.24,44,Wednesday,8,Monsoon,0,5
2025-08-13,P002,Wheat,Grocery,22,46.63,62,Wednesday,8,Monsoon,0,5
2025-08-13,P003,Sugar,Grocery,18,51.15,40,Wednesday,8,Monsoon,0,4
2025-08-13,P004,Cooking Oil,Grocery,11,121.24,49,Wednesday,8,Monsoon,0,6
2025-08-13,P005,Milk,Dairy,31,39.4,132,Wednesday,8,Monsoon,0,2
2025-08-13,P006,Bread,Bakery,38,36.11,176,Wednesday,8,Monsoon,0,2
2025-08-13,P007,Eggs,Dairy,43,7.08,162,Wednesday,8,Monsoon,0,2
2025-08-13,P008,Biscuits,Snacks,21,29.63,76,Wednesday,8,Monsoon,0,4
2025-08-13,P009,Soap,Personal Care,11,34.02,98,Wednesday,8,Monsoon,0,7
2025-08-13,P010,Shampoo,Personal Care,8,120.34,46,Wednesday,8,Monsoon,0,7
2025-08-14,P001,Rice,Grocery,33,59.44,57,Thursday,8,Monsoon,0,5
2025-08-14,P002,Wheat,Grocery,20,45.9,25,Thursday,8,Monsoon,0,5
2025-08-14,P003,Sugar,Grocery,17,52.39,20,Thursday,8,Monsoon,0,4
2025-08-14,P004,Cooking Oil,Grocery,15,116.09,84,Thursday,8,Monsoon,0,6
2025-08-14,P005,Milk,Dairy,38,40.11,179,Thursday,8,Monsoon,0,2
2025-08-14,P006,Bread,Bakery,34,36.51,96,Thursday,8,Monsoon,0,2
2025-08-14,P007,Eggs,Dairy,51,7.1,176,Thursday,8,Monsoon,0,2
2025-08-14,P008,Biscuits,Snacks,17,30.65,24,Thursday,8,Monsoon,0,4
2025-08-14,P009,Soap,Personal Care,9,33.45,46,Thursday,8,Monsoon,0,7
2025-08-14,P010,Shampoo,Personal Care,8,117.82,78,Thursday,8,Monsoon,0,7
2025-08-15,P001,Rice,Grocery,35,59.99,87,Friday,8,Monsoon,1,5
2025-08-15,P002,Wheat,Grocery,26,46.15,147,Friday,8,Monsoon,1,5
2025-08-15,P003,Sugar,Grocery,30,48.36,117,Friday,8,Monsoon,1,4
2025-08-15,P004,Cooking Oil,Grocery,17,124.39,98,Friday,8,Monsoon,1,6
2025-08-15,P005,Milk,Dairy,57,40.21,285,Friday,8,Monsoon,1,2
2025-08-15,P006,Bread,Bakery,48,34.96,82,Friday,8,Monsoon,1,2
2025-08-15,P007,Eggs,Dairy,53,7.04,168,Friday,8,Monsoon,1,2
2025-08-15,P008,Biscuits,Snacks,37,29.43,91,Friday,8,Monsoon,1,4
2025-08-15,P009,Soap,Personal Care,14,35.4,52,Friday,8,Monsoon,1,7
2025-08-15,P010,Shampoo,Personal Care,10,121.49,36,Friday,8,Monsoon,1,7
2025-08-16,P001,Rice,Grocery,21,57.01,96,Saturday,8,Monsoon,0,5
2025-08-16,P002,Wheat,Grocery,15,43.96,70,Saturday,8,Monsoon,0,5
2025-08-16,P003,Sugar,Grocery,19,51.99,82,Saturday,8,Monsoon,0,4
2025-08-16,P004,Cooking Oil,Grocery,10,125.64,50,Saturday,8,Monsoon,0,6
2025-08-16,P005,Milk,Dairy,32,41.63,143,Saturday,8,Monsoon,0,2
2025-08-16,P006,Bread,Bakery,31,34.61,87,Saturday,8,Monsoon,0,2
2025-08-16,P007,Eggs,Dairy,55,7.12,225,Saturday,8,Monsoon,0,2
2025-08-16,P008,Biscuits,Snacks,35,30.42,204,Saturday,8,Monsoon,0,4
2025-08-16,P009,Soap,Personal Care,14,34.16,57,Saturday,8,Monsoon,0,7
2025-08-16,P010,Shampoo,Personal Care,9,115.11,65,Saturday,8,Monsoon,0,7
2025-08-17,P001,Rice,Grocery,31,59.88,178,Sunday,8,Monsoon,0,5
2025-08-17,P002,Wheat,Grocery,21,44.62,80,Sunday,8,Monsoon,0,5
2025-08-17,P003,Sugar,Grocery,23,50.36,67,Sunday,8,Monsoon,0,4
2025-08-17,P004,Cooking Oil,Grocery,13,125.19,58,Sunday,8,Monsoon,0,6
2025-08-17,P005,Milk,Dairy,42,39.72,194,Sunday,8,Monsoon,0,2
2025-08-17,P006,Bread,Bakery,41,35.55,126,Sunday,8,Monsoon,0,2
2025-08-17,P007,Eggs,Dairy,54,6.8,309,Sunday,8,Monsoon,0,2
2025-08-17,P008,Biscuits,Snacks,21,28.75,62,Sunday,8,Monsoon,0,4
2025-08-17,P009,Soap,Personal Care,13,34.07,29,Sunday,8,Monsoon,0,7
2025-08-17,P010,Shampoo,Personal Care,11,121.93,83,Sunday,8,Monsoon,0,7
2025-08-18,P001,Rice,Grocery,20,61.75,104,Monday,8,Monsoon,0,5
2025-08-18,P002,Wheat,Grocery,21,46.48,90,Monday,8,Monsoon,0,5
2025-08-18,P003,Sugar,Grocery,15,50.65,97,Monday,8,Monsoon,0,4
2025-08-18,P004,Cooking Oil,Grocery,11,123.87,41,Monday,8,Monsoon,0,6
2025-08-18,P005,Milk,Dairy,42,40.06,217,Monday,8,Monsoon,0,2
2025-08-18,P006,Bread,Bakery,26,34.24,134,Monday,8,Monsoon,0,2
2025-08-18,P007,Eggs,Dairy,48,6.75,188,Monday,8,Monsoon,0,2
2025-08-18,P008,Biscuits,Snacks,21,29.18,44,Monday,8,Monsoon,0,4
2025-08-18,P009,Soap,Personal Care,8,33.53,26,Monday,8,Monsoon,0,7
2025-08-18,P010,Shampoo,Personal Care,9,121.0,74,Monday,8,Monsoon,0,7
2025-08-19,P001,Rice,Grocery,18,59.22,21,Tuesday,8,Monsoon,0,5
2025-08-19,P002,Wheat,Grocery,19,44.15,98,Tuesday,8,Monsoon,0,5
2025-08-19,P003,Sugar,Grocery,22,52.28,63,Tuesday,8,Monsoon,0,4
2025-08-19,P004,Cooking Oil,Grocery,12,118.4,28,Tuesday,8,Monsoon,0,6
2025-08-19,P005,Milk,Dairy,37,40.59,61,Tuesday,8,Monsoon,0,2
2025-08-19,P006,Bread,Bakery,31,35.08,122,Tuesday,8,Monsoon,0,2
2025-08-19,P007,Eggs,Dairy,37,6.88,220,Tuesday,8,Monsoon,0,2
2025-08-19,P008,Biscuits,Snacks,12,28.8,41,Tuesday,8,Monsoon,0,4
2025-08-19,P009,Soap,Personal Care,12,35.98,95,Tuesday,8,Monsoon,0,7
2025-08-19,P010,Shampoo,Personal Care,8,122.97,59,Tuesday,8,Monsoon,0,7
2025-08-20,P001,Rice,Grocery,28,57.51,121,Wednesday,8,Monsoon,0,5
2025-08-20,P002,Wheat,Grocery,20,45.85,35,Wednesday,8,Monsoon,0,5
2025-08-20,P003,Sugar,Grocery,20,50.24,50,Wednesday,8,Monsoon,0,4
2025-08-20,P004,Cooking Oil,Grocery,10,124.38,58,Wednesday,8,Monsoon,0,6
2025-08-20,P005,Milk,Dairy,39,41.03,92,Wednesday,8,Monsoon,0,2
2025-08-20,P006,Bread,Bakery,28,34.79,56,Wednesday,8,Monsoon,0,2
2025-08-20,P007,Eggs,Dairy,49,7.15,282,Wednesday,8,Monsoon,0,2
2025-08-20,P008,Biscuits,Snacks,32,28.92,108,Wednesday,8,Monsoon,0,4
2025-08-20,P009,Soap,Personal Care,11,33.36,64,Wednesday,8,Monsoon,0,7
2025-08-20,P010,Shampoo,Personal Care,7,121.27,64,Wednesday,8,Monsoon,0,7
2025-08-21,P001,Rice,Grocery,24,58.13,77,Thursday,8,Monsoon,0,5
2025-08-21,P002,Wheat,Grocery,17,46.01,45,Thursday,8,Monsoon,0,5
2025-08-21,P003,Sugar,Grocery,23,47.91,47,Thursday,8,Monsoon,0,4
2025-08-21,P004,Cooking Oil,Grocery,11,123.99,59,Thursday,8,Monsoon,0,6
2025-08-21,P005,Milk,Dairy,28,39.96,128,Thursday,8,Monsoon,0,2
2025-08-21,P006,Bread,Bakery,23,34.26,126,Thursday,8,Monsoon,0,2
2025-08-21,P007,Eggs,Dairy,37,7.06,87,Thursday,8,Monsoon,0,2
2025-08-21,P008,Biscuits,Snacks,18,30.18,30,Thursday,8,Monsoon,0,4
2025-08-21,P009,Soap,Personal Care,12,36.39,29,Thursday,8,Monsoon,0,7
2025-08-21,P010,Shampoo,Personal Care,6,117.2,48,Thursday,8,Monsoon,0,7
2025-08-22,P001,Rice,Grocery,23,60.28,71,Friday,8,Monsoon,0,5
2025-08-22,P002,Wheat,Grocery,15,47.12,49,Friday,8,Monsoon,0,5
2025-08-22,P003,Sugar,Grocery,18,52.06,54,Friday,8,Monsoon,0,4
2025-08-22,P004,Cooking Oil,Grocery,14,115.88,60,Friday,8,Monsoon,0,6
2025-08-22,P005,Milk,Dairy,35,38.92,158,Friday,8,Monsoon,0,2
2025-08-22,P006,Bread,Bakery,30,34.03,129,Friday,8,Monsoon,0,2
2025-08-22,P007,Eggs,Dairy,39,7.03,109,Friday,8,Monsoon,0,2
2025-08-22,P008,Biscuits,Snacks,21,28.67,121,Friday,8,Monsoon,0,4
2025-08-22,P009,Soap,Personal Care,10,34.36,66,Friday,8,Monsoon,0,7
2025-08-22,P010,Shampoo,Personal Care,7,123.36,97,Friday,8,Monsoon,0,7
2025-08-23,P001,Rice,Grocery,25,59.23,147,Saturday,8,Monsoon,0,5
2025-08-23,P002,Wheat,Grocery,14,46.44,78,Saturday,8,Monsoon,0,5
2025-08-23,P003,Sugar,Grocery,21,50.8,23,Saturday,8,Monsoon,0,4
2025-08-23,P004,Cooking Oil,Grocery,11,124.45,91,Saturday,8,Monsoon,0,6
2025-08-23,P005,Milk,Dairy,40,40.23,151,Saturday,8,Monsoon,0,2
2025-08-23,P006,Bread,Bakery,30,34.57,81,Saturday,8,Monsoon,0,2
2025-08-23,P007,Eggs,Dairy,40,7.23,115,Saturday,8,Monsoon,0,2
2025-08-23,P008,Biscuits,Snacks,29,30.95,140,Saturday,8,Monsoon,0,4
2025-08-23,P009,Soap,Personal Care,10,33.37,84,Saturday,8,Monsoon,0,7
2025-08-23,P010,Shampoo,Personal Care,7,122.26,41,Saturday,8,Monsoon,0,7
2025-08-24,P001,Rice,Grocery,24,60.83,125,Sunday,8,Monsoon,0,5
2025-08-24,P002,Wheat,Grocery,18,43.58,81,Sunday,8,Monsoon,0,5
2025-08-24,P003,Sugar,Grocery,24,51.64,60,Sunday,8,Monsoon,0,4
2025-08-24,P004,Cooking Oil,Grocery,18,124.78,57,Sunday,8,Monsoon,0,6
2025-08-24,P005,Milk,Dairy,38,41.19,205,Sunday,8,Monsoon,0,2
2025-08-24,P006,Bread,Bakery,30,35.96,178,Sunday,8,Monsoon,0,2
2025-08-24,P007,Eggs,Dairy,36,7.31,201,Sunday,8,Monsoon,0,2
2025-08-24,P008,Biscuits,Snacks,23,30.09,37,Sunday,8,Monsoon,0,4
2025-08-24,P009,Soap,Personal Care,13,35.77,53,Sunday,8,Monsoon,0,7
2025-08-24,P010,Shampoo,Personal Care,8,125.39,62,Sunday,8,Monsoon,0,7
2025-08-25,P001,Rice,Grocery,24,58.94,128,Monday,8,Monsoon,0,5
2025-08-25,P002,Wheat,Grocery,17,43.91,34,Monday,8,Monsoon,0,5
2025-08-25,P003,Sugar,Grocery,18,51.9,64,Monday,8,Monsoon,0,4
2025-08-25,P004,Cooking Oil,Grocery,12,120.65,45,Monday,8,Monsoon,0,6
2025-08-25,P005,Milk,Dairy,36,41.68,215,Monday,8,Monsoon,0,2
2025-08-25,P006,Bread,Bakery,22,33.95,131,Monday,8,Monsoon,0,2
2025-08-25,P007,Eggs,Dairy,36,7.02,181,Monday,8,Monsoon,0,2
2025-08-25,P008,Biscuits,Snacks,24,30.93,54,Monday,8,Monsoon,0,4
2025-08-25,P009,Soap,Personal Care,9,34.66,73,Monday,8,Monsoon,0,7
2025-08-25,P010,Shampoo,Personal Care,8,120.09,67,Monday,8,Monsoon,0,7
2025-08-26,P001,Rice,Grocery,23,60.39,24,Tuesday,8,Monsoon,0,5
2025-08-26,P002,Wheat,Grocery,16,44.57,40,Tuesday,8,Monsoon,0,5
2025-08-26,P003,Sugar,Grocery,17,50.82,52,Tuesday,8,Monsoon,0,4
2025-08-26,P004,Cooking Oil,Grocery,12,114.21,51,Tuesday,8,Monsoon,0,6
2025-08-26,P005,Milk,Dairy,39,40.81,93,Tuesday,8,Monsoon,0,2
2025-08-26,P006,Bread,Bakery,31,35.19,94,Tuesday,8,Monsoon,0,2
2025-08-26,P007,Eggs,Dairy,48,7.07,117,Tuesday,8,Monsoon,0,2
2025-08-26,P008,Biscuits,Snacks,29,31.46,45,Tuesday,8,Monsoon,0,4
2025-08-26,P009,Soap,Personal Care,9,34.47,35,Tuesday,8,Monsoon,0,7
2025-08-26,P010,Shampoo,Personal Care,7,123.75,28,Tuesday,8,Monsoon,0,7
2025-08-27,P001,Rice,Grocery,22,57.06,108,Wednesday,8,Monsoon,0,5
2025-08-27,P002,Wheat,Grocery,15,43.74,43,Wednesday,8,Monsoon,0,5
2025-08-27,P003,Sugar,Grocery,21,48.31,26,Wednesday,8,Monsoon,0,4
2025-08-27,P004,Cooking Oil,Grocery,11,122.92,63,Wednesday,8,Monsoon,0,6
2025-08-27,P005,Milk,Dairy,33,40.39,100,Wednesday,8,Monsoon,0,2
2025-08-27,P006,Bread,Bakery,34,33.94,176,Wednesday,8,Monsoon,0,2
2025-08-27,P007,Eggs,Dairy,50,7.21,189,Wednesday,8,Monsoon,0,2
2025-08-27,P008,Biscuits,Snacks,34,29.61,95,Wednesday,8,Monsoon,0,4
2025-08-27,P009,Soap,Personal Care,12,35.45,59,Wednesday,8,Monsoon,0,7
2025-08-27,P010,Shampoo,Personal Care,6,123.48,26,Wednesday,8,Monsoon,0,7
2025-08-28,P001,Rice,Grocery,19,62.71,110,Thursday,8,Monsoon,0,5
2025-08-28,P002,Wheat,Grocery,18,43.3,28,Thursday,8,Monsoon,0,5
2025-08-28,P003,Sugar,Grocery,20,52.29,52,Thursday,8,Monsoon,0,4
2025-08-28,P004,Cooking Oil,Grocery,10,122.8,57,Thursday,8,Monsoon,0,6
2025-08-28,P005,Milk,Dairy,38,39.75,73,Thursday,8,Monsoon,0,2
2025-08-28,P006,Bread,Bakery,33,34.66,169,Thursday,8,Monsoon,0,2
2025-08-28,P007,Eggs,Dairy,33,6.68,47,Thursday,8,Monsoon,0,2
2025-08-28,P008,Biscuits,Snacks,20,29.65,93,Thursday,8,Monsoon,0,4
2025-08-28,P009,Soap,Personal Care,12,34.43,48,Thursday,8,Monsoon,0,7
2025-08-28,P010,Shampoo,Personal Care,9,117.73,92,Thursday,8,Monsoon,0,7
2025-08-29,P001,Rice,Grocery,22,58.44,62,Friday,8,Monsoon,0,5
2025-08-29,P002,Wheat,Grocery,16,46.89,99,Friday,8,Monsoon,0,5
2025-08-29,P003,Sugar,Grocery,19,51.76,28,Friday,8,Monsoon,0,4
2025-08-29,P004,Cooking Oil,Grocery,7,117.15,90,Friday,8,Monsoon,0,6
2025-08-29,P005,Milk,Dairy,34,39.78,161,Friday,8,Monsoon,0,2
2025-08-29,P006,Bread,Bakery,32,35.51,78,Friday,8,Monsoon,0,2
2025-08-29,P007,Eggs,Dairy,49,7.14,213,Friday,8,Monsoon,0,2
2025-08-29,P008,Biscuits,Snacks,22,30.18,88,Friday,8,Monsoon,0,4
2025-08-29,P009,Soap,Personal Care,14,36.31,28,Friday,8,Monsoon,0,7
2025-08-29,P010,Shampoo,Personal Care,6,118.68,26,Friday,8,Monsoon,0,7
2025-08-30,P001,Rice,Grocery,29,60.89,161,Saturday,8,Monsoon,0,5
2025-08-30,P002,Wheat,Grocery,21,44.48,57,Saturday,8,Monsoon,0,5
2025-08-30,P003,Sugar,Grocery,16,49.08,44,Saturday,8,Monsoon,0,4
2025-08-30,P004,Cooking Oil,Grocery,13,118.26,73,Saturday,8,Monsoon,0,6
2025-08-30,P005,Milk,Dairy,40,40.56,130,Saturday,8,Monsoon,0,2
2025-08-30,P006,Bread,Bakery,31,35.12,88,Saturday,8,Monsoon,0,2
2025-08-30,P007,Eggs,Dairy,40,6.87,186,Saturday,8,Monsoon,0,2
2025-08-30,P008,Biscuits,Snacks,27,29.08,57,Saturday,8,Monsoon,0,4
2025-08-30,P009,Soap,Personal Care,12,34.5,87,Saturday,8,Monsoon,0,7
2025-08-30,P010,Shampoo,Personal Care,10,117.05,81,Saturday,8,Monsoon,0,7
2025-08-31,P001,Rice,Grocery,23,62.86,71,Sunday,8,Monsoon,0,5
2025-08-31,P002,Wheat,Grocery,24,44.85,65,Sunday,8,Monsoon,0,5
2025-08-31,P003,Sugar,Grocery,22,49.11,91,Sunday,8,Monsoon,0,4
2025-08-31,P004,Cooking Oil,Grocery,12,115.49,86,Sunday,8,Monsoon,0,6
2025-08-31,P005,Milk,Dairy,44,39.14,71,Sunday,8,Monsoon,0,2
2025-08-31,P006,Bread,Bakery,33,36.49,61,Sunday,8,Monsoon,0,2
2025-08-31,P007,Eggs,Dairy,58,6.81,294,Sunday,8,Monsoon,0,2
2025-08-31,P008,Biscuits,Snacks,20,31.15,53,Sunday,8,Monsoon,0,4
2025-08-31,P009,Soap,Personal Care,12,36.49,44,Sunday,8,Monsoon,0,7
2025-08-31,P010,Shampoo,Personal Care,8,114.64,48,Sunday,8,Monsoon,0,7
2025-09-01,P001,Rice,Grocery,23,58.31,131,Monday,9,Monsoon,0,5
2025-09-01,P002,Wheat,Grocery,14,43.04,59,Monday,9,Monsoon,0,5
2025-09-01,P003,Sugar,Grocery,23,48.37,33,Monday,9,Monsoon,0,4
2025-09-01,P004,Cooking Oil,Grocery,10,124.71,46,Monday,9,Monsoon,0,6
2025-09-01,P005,Milk,Dairy,38,39.37,96,Monday,9,Monsoon,0,2
2025-09-01,P006,Bread,Bakery,30,34.86,157,Monday,9,Monsoon,0,2
2025-09-01,P007,Eggs,Dairy,57,7.23,111,Monday,9,Monsoon,0,2
2025-09-01,P008,Biscuits,Snacks,28,29.44,148,Monday,9,Monsoon,0,4
2025-09-01,P009,Soap,Personal Care,12,33.79,100,Monday,9,Monsoon,0,7
2025-09-01,P010,Shampoo,Personal Care,6,122.19,54,Monday,9,Monsoon,0,7
2025-09-02,P001,Rice,Grocery,28,61.65,31,Tuesday,9,Monsoon,0,5
2025-09-02,P002,Wheat,Grocery,17,45.45,60,Tuesday,9,Monsoon,0,5
2025-09-02,P003,Sugar,Grocery,20,51.3,86,Tuesday,9,Monsoon,0,4
2025-09-02,P004,Cooking Oil,Grocery,9,124.9,42,Tuesday,9,Monsoon,0,6
2025-09-02,P005,Milk,Dairy,34,38.61,54,Tuesday,9,Monsoon,0,2
2025-09-02,P006,Bread,Bakery,27,35.09,71,Tuesday,9,Monsoon,0,2
2025-09-02,P007,Eggs,Dairy,44,6.96,134,Tuesday,9,Monsoon,0,2
2025-09-02,P008,Biscuits,Snacks,24,29.75,107,Tuesday,9,Monsoon,0,4
2025-09-02,P009,Soap,Personal Care,8,36.35,25,Tuesday,9,Monsoon,0,7
2025-09-02,P010,Shampoo,Personal Care,8,125.25,97,Tuesday,9,Monsoon,0,7
2025-09-03,P001,Rice,Grocery,27,62.05,28,Wednesday,9,Monsoon,0,5
2025-09-03,P002,Wheat,Grocery,19,42.97,73,Wednesday,9,Monsoon,0,5
2025-09-03,P003,Sugar,Grocery,21,48.11,80,Wednesday,9,Monsoon,0,4
2025-09-03,P004,Cooking Oil,Grocery,12,122.5,84,Wednesday,9,Monsoon,0,6
2025-09-03,P005,Milk,Dairy,32,41.99,33,Wednesday,9,Monsoon,0,2
2025-09-03,P006,Bread,Bakery,30,35.91,132,Wednesday,9,Monsoon,0,2
2025-09-03,P007,Eggs,Dairy,46,7.06,78,Wednesday,9,Monsoon,0,2
2025-09-03,P008,Biscuits,Snacks,19,30.58,110,Wednesday,9,Monsoon,0,4
2025-09-03,P009,Soap,Personal Care,12,36.19,98,Wednesday,9,Monsoon,0,7
2025-09-03,P010,Shampoo,Personal Care,7,121.59,73,Wednesday,9,Monsoon,0,7
2025-09-04,P001,Rice,Grocery,30,58.17,95,Thursday,9,Monsoon,0,5
2025-09-04,P002,Wheat,Grocery,15,47.02,60,Thursday,9,Monsoon,0,5
2025-09-04,P003,Sugar,Grocery,17,52.07,99,Thursday,9,Monsoon,0,4
2025-09-04,P004,Cooking Oil,Grocery,12,114.1,80,Thursday,9,Monsoon,0,6
2025-09-04,P005,Milk,Dairy,36,39.92,71,Thursday,9,Monsoon,0,2
2025-09-04,P006,Bread,Bakery,32,34.17,36,Thursday,9,Monsoon,0,2
2025-09-04,P007,Eggs,Dairy,44,7.27,55,Thursday,9,Monsoon,0,2
2025-09-04,P008,Biscuits,Snacks,19,30.78,52,Thursday,9,Monsoon,0,4
2025-09-04,P009,Soap,Personal Care,11,34.1,38,Thursday,9,Monsoon,0,7
2025-09-04,P010,Shampoo,Personal Care,8,123.58,56,Thursday,9,Monsoon,0,7
2025-09-05,P001,Rice,Grocery,28,61.11,144,Friday,9,Monsoon,0,5
2025-09-05,P002,Wheat,Grocery,11,46.84,45,Friday,9,Monsoon,0,5
2025-09-05,P003,Sugar,Grocery,22,47.94,120,Friday,9,Monsoon,0,4
2025-09-05,P004,Cooking Oil,Grocery,10,114.6,30,Friday,9,Monsoon,0,6
2025-09-05,P005,Milk,Dairy,38,41.76,131,Friday,9,Monsoon,0,2
2025-09-05,P006,Bread,Bakery,36,35.82,185,Friday,9,Monsoon,0,2
2025-09-05,P007,Eggs,Dairy,50,6.72,54,Friday,9,Monsoon,0,2
2025-09-05,P008,Biscuits,Snacks,23,31.31,63,Friday,9,Monsoon,0,4
2025-09-05,P009,Soap,Personal Care,10,34.07,70,Friday,9,Monsoon,0,7
2025-09-05,P010,Shampoo,Personal Care,9,125.33,85,Friday,9,Monsoon,0,7
2025-09-06,P001,Rice,Grocery,37,57.33,52,Saturday,9,Monsoon,0,5
2025-09-06,P002,Wheat,Grocery,19,45.58,101,Saturday,9,Monsoon,0,5
2025-09-06,P003,Sugar,Grocery,24,47.84,87,Saturday,9,Monsoon,0,4
2025-09-06,P004,Cooking Oil,Grocery,17,118.79,44,Saturday,9,Monsoon,0,6
2025-09-06,P005,Milk,Dairy,38,41.09,147,Saturday,9,Monsoon,0,2
2025-09-06,P006,Bread,Bakery,36,36.03,216,Saturday,9,Monsoon,0,2
2025-09-06,P007,Eggs,Dairy,55,6.97,131,Saturday,9,Monsoon,0,2
2025-09-06,P008,Biscuits,Snacks,31,30.62,165,Saturday,9,Monsoon,0,4
2025-09-06,P009,Soap,Personal Care,13,35.38,76,Saturday,9,Monsoon,0,7
2025-09-06,P010,Shampoo,Personal Care,9,125.53,61,Saturday,9,Monsoon,0,7
2025-09-07,P001,Rice,Grocery,23,57.72,135,Sunday,9,Monsoon,0,5
2025-09-07,P002,Wheat,Grocery,21,45.26,120,Sunday,9,Monsoon,0,5
2025-09-07,P003,Sugar,Grocery,24,49.96,82,Sunday,9,Monsoon,0,4
2025-09-07,P004,Cooking Oil,Grocery,10,120.3,97,Sunday,9,Monsoon,0,6
2025-09-07,P005,Milk,Dairy,41,39.35,128,Sunday,9,Monsoon,0,2
2025-09-07,P006,Bread,Bakery,33,35.14,164,Sunday,9,Monsoon,0,2
2025-09-07,P007,Eggs,Dairy,55,6.78,322,Sunday,9,Monsoon,0,2
2025-09-07,P008,Biscuits,Snacks,27,28.7,29,Sunday,9,Monsoon,0,4
2025-09-07,P009,Soap,Personal Care,11,36.4,98,Sunday,9,Monsoon,0,7
2025-09-07,P010,Shampoo,Personal Care,7,121.16,85,Sunday,9,Monsoon,0,7
2025-09-08,P001,Rice,Grocery,24,60.1,86,Monday,9,Monsoon,0,5
2025-09-08,P002,Wheat,Grocery,22,45.51,115,Monday,9,Monsoon,0,5
2025-09-08,P003,Sugar,Grocery,23,47.76,118,Monday,9,Monsoon,0,4
2025-09-08,P004,Cooking Oil,Grocery,10,122.17,79,Monday,9,Monsoon,0,6
2025-09-08,P005,Milk,Dairy,25,41.66,51,Monday,9,Monsoon,0,2
2025-09-08,P006,Bread,Bakery,31,35.47,119,Monday,9,Monsoon,0,2
2025-09-08,P007,Eggs,Dairy,36,6.71,170,Monday,9,Monsoon,0,2
2025-09-08,P008,Biscuits,Snacks,28,29.09,34,Monday,9,Monsoon,0,4
2025-09-08,P009,Soap,Personal Care,9,35.54,42,Monday,9,Monsoon,0,7
2025-09-08,P010,Shampoo,Personal Care,7,114.73,54,Monday,9,Monsoon,0,7
2025-09-09,P001,Rice,Grocery,23,58.79,116,Tuesday,9,Monsoon,0,5
2025-09-09,P002,Wheat,Grocery,18,45.86,45,Tuesday,9,Monsoon,0,5
2025-09-09,P003,Sugar,Grocery,20,50.55,116,Tuesday,9,Monsoon,0,4
2025-09-09,P004,Cooking Oil,Grocery,13,125.43,63,Tuesday,9,Monsoon,0,6
2025-09-09,P005,Milk,Dairy,30,41.98,132,Tuesday,9,Monsoon,0,2
2025-09-09,P006,Bread,Bakery,33,34.47,82,Tuesday,9,Monsoon,0,2
2025-09-09,P007,Eggs,Dairy,46,6.88,265,Tuesday,9,Monsoon,0,2
2025-09-09,P008,Biscuits,Snacks,23,30.54,98,Tuesday,9,Monsoon,0,4
2025-09-09,P009,Soap,Personal Care,10,34.53,69,Tuesday,9,Monsoon,0,7
2025-09-09,P010,Shampoo,Personal Care,6,125.45,78,Tuesday,9,Monsoon,0,7
2025-09-10,P001,Rice,Grocery,24,60.1,31,Wednesday,9,Monsoon,0,5
2025-09-10,P002,Wheat,Grocery,14,45.09,82,Wednesday,9,Monsoon,0,5
2025-09-10,P003,Sugar,Grocery,24,51.0,56,Wednesday,9,Monsoon,0,4
2025-09-10,P004,Cooking Oil,Grocery,10,118.07,80,Wednesday,9,Monsoon,0,6
2025-09-10,P005,Milk,Dairy,38,41.8,41,Wednesday,9,Monsoon,0,2
2025-09-10,P006,Bread,Bakery,29,33.33,88,Wednesday,9,Monsoon,0,2
2025-09-10,P007,Eggs,Dairy,57,7.04,147,Wednesday,9,Monsoon,0,2
2025-09-10,P008,Biscuits,Snacks,22,30.43,70,Wednesday,9,Monsoon,0,4
2025-09-10,P009,Soap,Personal Care,11,33.54,37,Wednesday,9,Monsoon,0,7
2025-09-10,P010,Shampoo,Personal Care,10,118.18,24,Wednesday,9,Monsoon,0,7
2025-09-11,P001,Rice,Grocery,25,58.72,126,Thursday,9,Monsoon,0,5
2025-09-11,P002,Wheat,Grocery,18,43.98,79,Thursday,9,Monsoon,0,5
2025-09-11,P003,Sugar,Grocery,24,48.48,58,Thursday,9,Monsoon,0,4
2025-09-11,P004,Cooking Oil,Grocery,11,125.65,69,Thursday,9,Monsoon,0,6
2025-09-11,P005,Milk,Dairy,35,41.59,188,Thursday,9,Monsoon,0,2
2025-09-11,P006,Bread,Bakery,22,35.42,72,Thursday,9,Monsoon,0,2
2025-09-11,P007,Eggs,Dairy,48,7.02,91,Thursday,9,Monsoon,0,2
2025-09-11,P008,Biscuits,Snacks,27,29.09,125,Thursday,9,Monsoon,0,4
2025-09-11,P009,Soap,Personal Care,11,34.03,42,Thursday,9,Monsoon,0,7
2025-09-11,P010,Shampoo,Personal Care,10,125.4,62,Thursday,9,Monsoon,0,7
2025-09-12,P001,Rice,Grocery,27,58.95,83,Friday,9,Monsoon,0,5
2025-09-12,P002,Wheat,Grocery,19,45.14,47,Friday,9,Monsoon,0,5
2025-09-12,P003,Sugar,Grocery,20,51.83,119,Friday,9,Monsoon,0,4
2025-09-12,P004,Cooking Oil,Grocery,14,119.44,83,Friday,9,Monsoon,0,6
2025-09-12,P005,Milk,Dairy,33,40.81,192,Friday,9,Monsoon,0,2
2025-09-12,P006,Bread,Bakery,31,35.84,71,Friday,9,Monsoon,0,2
2025-09-12,P007,Eggs,Dairy,41,7.11,65,Friday,9,Monsoon,0,2
2025-09-12,P008,Biscuits,Snacks,30,29.11,81,Friday,9,Monsoon,0,4
2025-09-12,P009,Soap,Personal Care,13,34.83,65,Friday,9,Monsoon,0,7
2025-09-12,P010,Shampoo,Personal Care,6,125.55,97,Friday,9,Monsoon,0,7
2025-09-13,P001,Rice,Grocery,41,61.38,244,Saturday,9,Monsoon,0,5
2025-09-13,P002,Wheat,Grocery,18,43.46,96,Saturday,9,Monsoon,0,5
2025-09-13,P003,Sugar,Grocery,22,52.46,25,Saturday,9,Monsoon,0,4
2025-09-13,P004,Cooking Oil,Grocery,13,116.28,24,Saturday,9,Monsoon,0,6
2025-09-13,P005,Milk,Dairy,26,41.85,100,Saturday,9,Monsoon,0,2
2025-09-13,P006,Bread,Bakery,31,33.31,172,Saturday,9,Monsoon,0,2
2025-09-13,P007,Eggs,Dairy,54,6.92,105,Saturday,9,Monsoon,0,2
2025-09-13,P008,Biscuits,Snacks,29,29.15,138,Saturday,9,Monsoon,0,4
2025-09-13,P009,Soap,Personal Care,15,36.46,53,Saturday,9,Monsoon,0,7
2025-09-13,P010,Shampoo,Personal Care,7,120.44,62,Saturday,9,Monsoon,0,7
2025-09-14,P001,Rice,Grocery,23,60.13,61,Sunday,9,Monsoon,0,5
2025-09-14,P002,Wheat,Grocery,19,44.04,58,Sunday,9,Monsoon,0,5
2025-09-14,P003,Sugar,Grocery,26,52.0,61,Sunday,9,Monsoon,0,4
2025-09-14,P004,Cooking Oil,Grocery,12,118.67,29,Sunday,9,Monsoon,0,6
2025-09-14,P005,Milk,Dairy,32,39.87,165,Sunday,9,Monsoon,0,2
2025-09-14,P006,Bread,Bakery,42,34.82,201,Sunday,9,Monsoon,0,2
2025-09-14,P007,Eggs,Dairy,49,7.08,204,Sunday,9,Monsoon,0,2
2025-09-14,P008,Biscuits,Snacks,25,28.91,98,Sunday,9,Monsoon,0,4
2025-09-14,P009,Soap,Personal Care,15,33.66,26,Sunday,9,Monsoon,0,7
2025-09-14,P010,Shampoo,Personal Care,9,125.94,54,Sunday,9,Monsoon,0,7
2025-09-15,P001,Rice,Grocery,25,61.05,58,Monday,9,Monsoon,0,5
2025-09-15,P002,Wheat,Grocery,19,46.24,35,Monday,9,Monsoon,0,5
2025-09-15,P003,Sugar,Grocery,18,48.08,50,Monday,9,Monsoon,0,4
2025-09-15,P004,Cooking Oil,Grocery,10,124.94,99,Monday,9,Monsoon,0,6
2025-09-15,P005,Milk,Dairy,31,39.1,161,Monday,9,Monsoon,0,2
2025-09-15,P006,Bread,Bakery,33,34.18,139,Monday,9,Monsoon,0,2
2025-09-15,P007,Eggs,Dairy,47,6.85,198,Monday,9,Monsoon,0,2
2025-09-15,P008,Biscuits,Snacks,25,31.42,141,Monday,9,Monsoon,0,4
2025-09-15,P009,Soap,Personal Care,10,34.9,67,Monday,9,Monsoon,0,7
2025-09-15,P010,Shampoo,Personal Care,9,119.88,55,Monday,9,Monsoon,0,7
2025-09-16,P001,Rice,Grocery,20,61.23,82,Tuesday,9,Monsoon,0,5
2025-09-16,P002,Wheat,Grocery,17,45.52,22,Tuesday,9,Monsoon,0,5
2025-09-16,P003,Sugar,Grocery,15,48.81,27,Tuesday,9,Monsoon,0,4
2025-09-16,P004,Cooking Oil,Grocery,15,123.53,54,Tuesday,9,Monsoon,0,6
2025-09-16,P005,Milk,Dairy,38,38.44,131,Tuesday,9,Monsoon,0,2
2025-09-16,P006,Bread,Bakery,33,33.33,106,Tuesday,9,Monsoon,0,2
2025-09-16,P007,Eggs,Dairy,46,7.09,194,Tuesday,9,Monsoon,0,2
2025-09-16,P008,Biscuits,Snacks,20,30.86,114,Tuesday,9,Monsoon,0,4
2025-09-16,P009,Soap,Personal Care,10,35.48,40,Tuesday,9,Monsoon,0,7
2025-09-16,P010,Shampoo,Personal Care,7,122.82,50,Tuesday,9,Monsoon,0,7
2025-09-17,P001,Rice,Grocery,26,58.24,56,Wednesday,9,Monsoon,0,5
2025-09-17,P002,Wheat,Grocery,20,46.54,63,Wednesday,9,Monsoon,0,5
2025-09-17,P003,Sugar,Grocery,22,49.46,117,Wednesday,9,Monsoon,0,4
2025-09-17,P004,Cooking Oil,Grocery,11,121.78,80,Wednesday,9,Monsoon,0,6
2025-09-17,P005,Milk,Dairy,41,39.45,153,Wednesday,9,Monsoon,0,2
2025-09-17,P006,Bread,Bakery,28,34.94,115,Wednesday,9,Monsoon,0,2
2025-09-17,P007,Eggs,Dairy,36,6.82,105,Wednesday,9,Monsoon,0,2
2025-09-17,P008,Biscuits,Snacks,26,29.25,64,Wednesday,9,Monsoon,0,4
2025-09-17,P009,Soap,Personal Care,13,33.67,55,Wednesday,9,Monsoon,0,7
2025-09-17,P010,Shampoo,Personal Care,8,117.07,61,Wednesday,9,Monsoon,0,7
2025-09-18,P001,Rice,Grocery,27,57.78,106,Thursday,9,Monsoon,0,5
2025-09-18,P002,Wheat,Grocery,17,45.41,29,Thursday,9,Monsoon,0,5
2025-09-18,P003,Sugar,Grocery,19,51.37,26,Thursday,9,Monsoon,0,4
2025-09-18,P004,Cooking Oil,Grocery,11,116.6,37,Thursday,9,Monsoon,0,6
2025-09-18,P005,Milk,Dairy,31,40.03,165,Thursday,9,Monsoon,0,2
2025-09-18,P006,Bread,Bakery,31,36.3,159,Thursday,9,Monsoon,0,2
2025-09-18,P007,Eggs,Dairy,40,7.1,87,Thursday,9,Monsoon,0,2
2025-09-18,P008,Biscuits,Snacks,27,31.07,148,Thursday,9,Monsoon,0,4
2025-09-18,P009,Soap,Personal Care,10,35.27,22,Thursday,9,Monsoon,0,7
2025-09-18,P010,Shampoo,Personal Care,7,123.63,35,Thursday,9,Monsoon,0,7
2025-09-19,P001,Rice,Grocery,29,60.65,59,Friday,9,Monsoon,0,5
2025-09-19,P002,Wheat,Grocery,16,44.76,32,Friday,9,Monsoon,0,5
2025-09-19,P003,Sugar,Grocery,16,48.69,30,Friday,9,Monsoon,0,4
2025-09-19,P004,Cooking Oil,Grocery,10,124.63,90,Friday,9,Monsoon,0,6
2025-09-19,P005,Milk,Dairy,35,39.01,183,Friday,9,Monsoon,0,2
2025-09-19,P006,Bread,Bakery,38,36.11,98,Friday,9,Monsoon,0,2
2025-09-19,P007,Eggs,Dairy,47,7.1,95,Friday,9,Monsoon,0,2
2025-09-19,P008,Biscuits,Snacks,29,30.27,82,Friday,9,Monsoon,0,4
2025-09-19,P009,Soap,Personal Care,11,34.89,23,Friday,9,Monsoon,0,7
2025-09-19,P010,Shampoo,Personal Care,7,114.75,91,Friday,9,Monsoon,0,7
2025-09-20,P001,Rice,Grocery,33,58.78,148,Saturday,9,Monsoon,0,5
2025-09-20,P002,Wheat,Grocery,19,45.47,33,Saturday,9,Monsoon,0,5
2025-09-20,P003,Sugar,Grocery,19,49.36,42,Saturday,9,Monsoon,0,4
2025-09-20,P004,Cooking Oil,Grocery,13,125.43,97,Saturday,9,Monsoon,0,6
2025-09-20,P005,Milk,Dairy,36,38.93,81,Saturday,9,Monsoon,0,2
2025-09-20,P006,Bread,Bakery,25,35.73,146,Saturday,9,Monsoon,0,2
2025-09-20,P007,Eggs,Dairy,51,6.74,229,Saturday,9,Monsoon,0,2
2025-09-20,P008,Biscuits,Snacks,36,28.82,135,Saturday,9,Monsoon,0,4
2025-09-20,P009,Soap,Personal Care,11,34.53,38,Saturday,9,Monsoon,0,7
2025-09-20,P010,Shampoo,Personal Care,8,116.05,60,Saturday,9,Monsoon,0,7
2025-09-21,P001,Rice,Grocery,31,59.55,74,Sunday,9,Monsoon,0,5
2025-09-21,P002,Wheat,Grocery,18,43.34,25,Sunday,9,Monsoon,0,5
2025-09-21,P003,Sugar,Grocery,28,52.46,38,Sunday,9,Monsoon,0,4
2025-09-21,P004,Cooking Oil,Grocery,14,120.25,68,Sunday,9,Monsoon,0,6
2025-09-21,P005,Milk,Dairy,46,41.07,217,Sunday,9,Monsoon,0,2
2025-09-21,P006,Bread,Bakery,32,34.44,154,Sunday,9,Monsoon,0,2
2025-09-21,P007,Eggs,Dairy,64,6.76,371,Sunday,9,Monsoon,0,2
2025-09-21,P008,Biscuits,Snacks,24,29.04,72,Sunday,9,Monsoon,0,4
2025-09-21,P009,Soap,Personal Care,18,35.42,57,Sunday,9,Monsoon,0,7
2025-09-21,P010,Shampoo,Personal Care,9,115.86,80,Sunday,9,Monsoon,0,7
2025-09-22,P001,Rice,Grocery,26,58.6,72,Monday,9,Monsoon,0,5
2025-09-22,P002,Wheat,Grocery,14,46.27,30,Monday,9,Monsoon,0,5
2025-09-22,P003,Sugar,Grocery,20,51.71,54,Monday,9,Monsoon,0,4
2025-09-22,P004,Cooking Oil,Grocery,11,123.72,30,Monday,9,Monsoon,0,6
2025-09-22,P005,Milk,Dairy,40,39.74,108,Monday,9,Monsoon,0,2
2025-09-22,P006,Bread,Bakery,22,36.34,41,Monday,9,Monsoon,0,2
2025-09-22,P007,Eggs,Dairy,42,6.7,172,Monday,9,Monsoon,0,2
2025-09-22,P008,Biscuits,Snacks,30,29.75,144,Monday,9,Monsoon,0,4
2025-09-22,P009,Soap,Personal Care,13,33.99,86,Monday,9,Monsoon,0,7
2025-09-22,P010,Shampoo,Personal Care,8,118.22,81,Monday,9,Monsoon,0,7
2025-09-23,P001,Rice,Grocery,30,57.28,123,Tuesday,9,Monsoon,0,5
2025-09-23,P002,Wheat,Grocery,19,43.36,30,Tuesday,9,Monsoon,0,5
2025-09-23,P003,Sugar,Grocery,28,50.54,102,Tuesday,9,Monsoon,0,4
2025-09-23,P004,Cooking Oil,Grocery,13,114.98,84,Tuesday,9,Monsoon,0,6
2025-09-23,P005,Milk,Dairy,30,39.53,67,Tuesday,9,Monsoon,0,2
2025-09-23,P006,Bread,Bakery,25,33.57,37,Tuesday,9,Monsoon,0,2
2025-09-23,P007,Eggs,Dairy,39,6.92,196,Tuesday,9,Monsoon,0,2
2025-09-23,P008,Biscuits,Snacks,26,31.07,51,Tuesday,9,Monsoon,0,4
2025-09-23,P009,Soap,Personal Care,12,34.96,34,Tuesday,9,Monsoon,0,7
2025-09-23,P010,Shampoo,Personal Care,7,122.18,91,Tuesday,9,Monsoon,0,7
2025-09-24,P001,Rice,Grocery,29,59.61,91,Wednesday,9,Monsoon,0,5
2025-09-24,P002,Wheat,Grocery,14,43.7,63,Wednesday,9,Monsoon,0,5
2025-09-24,P003,Sugar,Grocery,21,48.47,43,Wednesday,9,Monsoon,0,4
2025-09-24,P004,Cooking Oil,Grocery,12,124.67,41,Wednesday,9,Monsoon,0,6
2025-09-24,P005,Milk,Dairy,33,41.38,43,Wednesday,9,Monsoon,0,2
2025-09-24,P006,Bread,Bakery,32,34.15,180,Wednesday,9,Monsoon,0,2
2025-09-24,P007,Eggs,Dairy,50,6.65,241,Wednesday,9,Monsoon,0,2
2025-09-24,P008,Biscuits,Snacks,22,28.95,107,Wednesday,9,Monsoon,0,4
2025-09-24,P009,Soap,Personal Care,12,36.39,43,Wednesday,9,Monsoon,0,7
2025-09-24,P010,Shampoo,Personal Care,7,125.71,48,Wednesday,9,Monsoon,0,7
2025-09-25,P001,Rice,Grocery,25,62.02,91,Thursday,9,Monsoon,0,5
2025-09-25,P002,Wheat,Grocery,11,43.72,81,Thursday,9,Monsoon,0,5
2025-09-25,P003,Sugar,Grocery,19,49.14,99,Thursday,9,Monsoon,0,4
2025-09-25,P004,Cooking Oil,Grocery,9,117.46,100,Thursday,9,Monsoon,0,6
2025-09-25,P005,Milk,Dairy,32,41.07,112,Thursday,9,Monsoon,0,2
2025-09-25,P006,Bread,Bakery,31,35.17,71,Thursday,9,Monsoon,0,2
2025-09-25,P007,Eggs,Dairy,50,6.99,122,Thursday,9,Monsoon,0,2
2025-09-25,P008,Biscuits,Snacks,27,28.86,83,Thursday,9,Monsoon,0,4
2025-09-25,P009,Soap,Personal Care,12,35.36,42,Thursday,9,Monsoon,0,7
2025-09-25,P010,Shampoo,Personal Care,6,116.02,26,Thursday,9,Monsoon,0,7
2025-09-26,P001,Rice,Grocery,25,59.35,53,Friday,9,Monsoon,0,5
2025-09-26,P002,Wheat,Grocery,17,43.21,24,Friday,9,Monsoon,0,5
2025-09-26,P003,Sugar,Grocery,19,48.45,79,Friday,9,Monsoon,0,4
2025-09-26,P004,Cooking Oil,Grocery,10,121.7,98,Friday,9,Monsoon,0,6
2025-09-26,P005,Milk,Dairy,28,39.48,87,Friday,9,Monsoon,0,2
2025-09-26,P006,Bread,Bakery,22,33.41,62,Friday,9,Monsoon,0,2
2025-09-26,P007,Eggs,Dairy,54,6.89,281,Friday,9,Monsoon,0,2
2025-09-26,P008,Biscuits,Snacks,29,29.21,116,Friday,9,Monsoon,0,4
2025-09-26,P009,Soap,Personal Care,11,33.51,26,Friday,9,Monsoon,0,7
2025-09-26,P010,Shampoo,Personal Care,7,122.14,71,Friday,9,Monsoon,0,7
2025-09-27,P001,Rice,Grocery,31,62.06,100,Saturday,9,Monsoon,0,5
2025-09-27,P002,Wheat,Grocery,21,46.61,114,Saturday,9,Monsoon,0,5
2025-09-27,P003,Sugar,Grocery,19,50.28,32,Saturday,9,Monsoon,0,4
2025-09-27,P004,Cooking Oil,Grocery,14,115.34,22,Saturday,9,Monsoon,0,6
2025-09-27,P005,Milk,Dairy,44,39.36,186,Saturday,9,Monsoon,0,2
2025-09-27,P006,Bread,Bakery,38,34.23,96,Saturday,9,Monsoon,0,2
2025-09-27,P007,Eggs,Dairy,65,7.01,294,Saturday,9,Monsoon,0,2
2025-09-27,P008,Biscuits,Snacks,31,29.64,135,Saturday,9,Monsoon,0,4
2025-09-27,P009,Soap,Personal Care,10,33.78,29,Saturday,9,Monsoon,0,7
2025-09-27,P010,Shampoo,Personal Care,10,124.9,100,Saturday,9,Monsoon,0,7
2025-09-28,P001,Rice,Grocery,29,58.54,53,Sunday,9,Monsoon,0,5
2025-09-28,P002,Wheat,Grocery,16,42.78,42,Sunday,9,Monsoon,0,5
2025-09-28,P003,Sugar,Grocery,22,51.56,37,Sunday,9,Monsoon,0,4
2025-09-28,P004,Cooking Oil,Grocery,12,124.8,36,Sunday,9,Monsoon,0,6
2025-09-28,P005,Milk,Dairy,41,40.24,221,Sunday,9,Monsoon,0,2
2025-09-28,P006,Bread,Bakery,41,35.36,190,Sunday,9,Monsoon,0,2
2025-09-28,P007,Eggs,Dairy,35,6.8,106,Sunday,9,Monsoon,0,2
2025-09-28,P008,Biscuits,Snacks,27,31.47,137,Sunday,9,Monsoon,0,4
2025-09-28,P009,Soap,Personal Care,13,34.64,41,Sunday,9,Monsoon,0,7
2025-09-28,P010,Shampoo,Personal Care,11,119.68,34,Sunday,9,Monsoon,0,7
2025-09-29,P001,Rice,Grocery,26,62.65,99,Monday,9,Monsoon,0,5
2025-09-29,P002,Wheat,Grocery,16,44.55,86,Monday,9,Monsoon,0,5
2025-09-29,P003,Sugar,Grocery,16,51.89,40,Monday,9,Monsoon,0,4
2025-09-29,P004,Cooking Oil,Grocery,12,117.43,87,Monday,9,Monsoon,0,6
2025-09-29,P005,Milk,Dairy,23,41.15,56,Monday,9,Monsoon,0,2
2025-09-29,P006,Bread,Bakery,35,34.47,133,Monday,9,Monsoon,0,2
2025-09-29,P007,Eggs,Dairy,53,6.69,272,Monday,9,Monsoon,0,2
2025-09-29,P008,Biscuits,Snacks,22,30.41,48,Monday,9,Monsoon,0,4
2025-09-29,P009,Soap,Personal Care,9,35.09,99,Monday,9,Monsoon,0,7
2025-09-29,P010,Shampoo,Personal Care,8,125.93,60,Monday,9,Monsoon,0,7
2025-09-30,P001,Rice,Grocery,30,57.54,39,Tuesday,9,Monsoon,0,5
2025-09-30,P002,Wheat,Grocery,23,44.61,127,Tuesday,9,Monsoon,0,5
2025-09-30,P003,Sugar,Grocery,24,51.17,111,Tuesday,9,Monsoon,0,4
2025-09-30,P004,Cooking Oil,Grocery,12,116.54,29,Tuesday,9,Monsoon,0,6
2025-09-30,P005,Milk,Dairy,30,39.31,126,Tuesday,9,Monsoon,0,2
2025-09-30,P006,Bread,Bakery,21,35.27,109,Tuesday,9,Monsoon,0,2
2025-09-30,P007,Eggs,Dairy,41,7.06,74,Tuesday,9,Monsoon,0,2
2025-09-30,P008,Biscuits,Snacks,25,30.95,115,Tuesday,9,Monsoon,0,4
2025-09-30,P009,Soap,Personal Care,11,34.09,21,Tuesday,9,Monsoon,0,7
2025-09-30,P010,Shampoo,Personal Care,8,120.84,99,Tuesday,9,Monsoon,0,7
2025-10-01,P001,Rice,Grocery,27,59.51,123,Wednesday,10,Autumn,0,5
2025-10-01,P002,Wheat,Grocery,18,45.75,48,Wednesday,10,Autumn,0,5
2025-10-01,P003,Sugar,Grocery,16,48.9,58,Wednesday,10,Autumn,0,4
2025-10-01,P004,Cooking Oil,Grocery,12,119.97,54,Wednesday,10,Autumn,0,6
2025-10-01,P005,Milk,Dairy,31,40.17,147,Wednesday,10,Autumn,0,2
2025-10-01,P006,Bread,Bakery,25,33.49,103,Wednesday,10,Autumn,0,2
2025-10-01,P007,Eggs,Dairy,33,6.92,186,Wednesday,10,Autumn,0,2
2025-10-01,P008,Biscuits,Snacks,23,29.93,92,Wednesday,10,Autumn,0,4
2025-10-01,P009,Soap,Personal Care,14,36.19,99,Wednesday,10,Autumn,0,7
2025-10-01,P010,Shampoo,Personal Care,5,118.46,29,Wednesday,10,Autumn,0,7
2025-10-02,P001,Rice,Grocery,37,58.32,190,Thursday,10,Autumn,1,5
2025-10-02,P002,Wheat,Grocery,24,45.12,84,Thursday,10,Autumn,1,5
2025-10-02,P003,Sugar,Grocery,30,49.75,54,Thursday,10,Autumn,1,4
2025-10-02,P004,Cooking Oil,Grocery,16,114.27,72,Thursday,10,Autumn,1,6
2025-10-02,P005,Milk,Dairy,58,38.14,310,Thursday,10,Autumn,1,2
2025-10-02,P006,Bread,Bakery,29,35.47,146,Thursday,10,Autumn,1,2
2025-10-02,P007,Eggs,Dairy,65,6.92,367,Thursday,10,Autumn,1,2
2025-10-02,P008,Biscuits,Snacks,35,28.76,163,Thursday,10,Autumn,1,4
2025-10-02,P009,Soap,Personal Care,18,35.8,59,Thursday,10,Autumn,1,7
2025-10-02,P010,Shampoo,Personal Care,7,121.34,27,Thursday,10,Autumn,1,7
2025-10-03,P001,Rice,Grocery,26,62.68,146,Friday,10,Autumn,0,5
2025-10-03,P002,Wheat,Grocery,17,43.06,55,Friday,10,Autumn,0,5
2025-10-03,P003,Sugar,Grocery,22,50.14,121,Friday,10,Autumn,0,4
2025-10-03,P004,Cooking Oil,Grocery,11,122.85,52,Friday,10,Autumn,0,6
2025-10-03,P005,Milk,Dairy,30,41.82,175,Friday,10,Autumn,0,2
2025-10-03,P006,Bread,Bakery,40,34.85,209,Friday,10,Autumn,0,2
2025-10-03,P007,Eggs,Dairy,41,6.93,132,Friday,10,Autumn,0,2
2025-10-03,P008,Biscuits,Snacks,25,28.55,35,Friday,10,Autumn,0,4
2025-10-03,P009,Soap,Personal Care,7,35.86,77,Friday,10,Autumn,0,7
2025-10-03,P010,Shampoo,Personal Care,8,120.48,95,Friday,10,Autumn,0,7
2025-10-04,P001,Rice,Grocery,25,59.82,66,Saturday,10,Autumn,0,5
2025-10-04,P002,Wheat,Grocery,19,44.21,39,Saturday,10,Autumn,0,5
2025-10-04,P003,Sugar,Grocery,16,51.8,58,Saturday,10,Autumn,0,4
2025-10-04,P004,Cooking Oil,Grocery,14,122.26,96,Saturday,10,Autumn,0,6
2025-10-04,P005,Milk,Dairy,26,41.03,64,Saturday,10,Autumn,0,2
2025-10-04,P006,Bread,Bakery,32,36.1,128,Saturday,10,Autumn,0,2
2025-10-04,P007,Eggs,Dairy,40,6.74,44,Saturday,10,Autumn,0,2
2025-10-04,P008,Biscuits,Snacks,22,30.24,49,Saturday,10,Autumn,0,4
2025-10-04,P009,Soap,Personal Care,6,33.44,79,Saturday,10,Autumn,0,7
2025-10-04,P010,Shampoo,Personal Care,7,121.44,30,Saturday,10,Autumn,0,7
2025-10-05,P001,Rice,Grocery,28,60.25,66,Sunday,10,Autumn,0,5
2025-10-05,P002,Wheat,Grocery,20,45.73,38,Sunday,10,Autumn,0,5
2025-10-05,P003,Sugar,Grocery,24,49.16,41,Sunday,10,Autumn,0,4
2025-10-05,P004,Cooking Oil,Grocery,14,123.71,25,Sunday,10,Autumn,0,6
2025-10-05,P005,Milk,Dairy,36,40.1,49,Sunday,10,Autumn,0,2
2025-10-05,P006,Bread,Bakery,29,35.74,87,Sunday,10,Autumn,0,2
2025-10-05,P007,Eggs,Dairy,58,6.77,92,Sunday,10,Autumn,0,2
2025-10-05,P008,Biscuits,Snacks,28,29.49,41,Sunday,10,Autumn,0,4
2025-10-05,P009,Soap,Personal Care,13,33.64,94,Sunday,10,Autumn,0,7
2025-10-05,P010,Shampoo,Personal Care,8,124.24,69,Sunday,10,Autumn,0,7
2025-10-06,P001,Rice,Grocery,19,59.28,99,Monday,10,Autumn,0,5
2025-10-06,P002,Wheat,Grocery,16,46.22,74,Monday,10,Autumn,0,5
2025-10-06,P003,Sugar,Grocery,17,48.59,35,Monday,10,Autumn,0,4
2025-10-06,P004,Cooking Oil,Grocery,11,123.54,94,Monday,10,Autumn,0,6
2025-10-06,P005,Milk,Dairy,30,39.0,122,Monday,10,Autumn,0,2
2025-10-06,P006,Bread,Bakery,27,35.82,45,Monday,10,Autumn,0,2
2025-10-06,P007,Eggs,Dairy,40,6.92,132,Monday,10,Autumn,0,2
2025-10-06,P008,Biscuits,Snacks,19,31.43,79,Monday,10,Autumn,0,4
2025-10-06,P009,Soap,Personal Care,8,34.38,99,Monday,10,Autumn,0,7
2025-10-06,P010,Shampoo,Personal Care,6,117.58,83,Monday,10,Autumn,0,7
2025-10-07,P001,Rice,Grocery,27,58.65,75,Tuesday,10,Autumn,0,5
2025-10-07,P002,Wheat,Grocery,15,44.2,65,Tuesday,10,Autumn,0,5
2025-10-07,P003,Sugar,Grocery,18,52.21,73,Tuesday,10,Autumn,0,4
2025-10-07,P004,Cooking Oil,Grocery,10,115.28,25,Tuesday,10,Autumn,0,6
2025-10-07,P005,Milk,Dairy,34,38.84,53,Tuesday,10,Autumn,0,2
2025-10-07,P006,Bread,Bakery,40,35.12,106,Tuesday,10,Autumn,0,2
2025-10-07,P007,Eggs,Dairy,48,6.77,140,Tuesday,10,Autumn,0,2
2025-10-07,P008,Biscuits,Snacks,22,30.39,51,Tuesday,10,Autumn,0,4
2025-10-07,P009,Soap,Personal Care,9,33.52,41,Tuesday,10,Autumn,0,7
2025-10-07,P010,Shampoo,Personal Care,6,120.03,83,Tuesday,10,Autumn,0,7
2025-10-08,P001,Rice,Grocery,22,60.64,92,Wednesday,10,Autumn,0,5
2025-10-08,P002,Wheat,Grocery,14,43.41,37,Wednesday,10,Autumn,0,5
2025-10-08,P003,Sugar,Grocery,18,47.67,73,Wednesday,10,Autumn,0,4
2025-10-08,P004,Cooking Oil,Grocery,12,116.99,42,Wednesday,10,Autumn,0,6
2025-10-08,P005,Milk,Dairy,39,40.3,134,Wednesday,10,Autumn,0,2
2025-10-08,P006,Bread,Bakery,31,34.87,137,Wednesday,10,Autumn,0,2
2025-10-08,P007,Eggs,Dairy,47,7.08,92,Wednesday,10,Autumn,0,2
2025-10-08,P008,Biscuits,Snacks,27,30.93,94,Wednesday,10,Autumn,0,4
2025-10-08,P009,Soap,Personal Care,10,33.98,20,Wednesday,10,Autumn,0,7
2025-10-08,P010,Shampoo,Personal Care,6,122.73,87,Wednesday,10,Autumn,0,7
2025-10-09,P001,Rice,Grocery,24,57.99,65,Thursday,10,Autumn,0,5
2025-10-09,P002,Wheat,Grocery,18,43.98,37,Thursday,10,Autumn,0,5
2025-10-09,P003,Sugar,Grocery,16,52.02,41,Thursday,10,Autumn,0,4
2025-10-09,P004,Cooking Oil,Grocery,11,121.63,94,Thursday,10,Autumn,0,6
2025-10-09,P005,Milk,Dairy,33,38.81,45,Thursday,10,Autumn,0,2
2025-10-09,P006,Bread,Bakery,30,33.76,148,Thursday,10,Autumn,0,2
2025-10-09,P007,Eggs,Dairy,33,7.1,103,Thursday,10,Autumn,0,2
2025-10-09,P008,Biscuits,Snacks,24,30.97,92,Thursday,10,Autumn,0,4
2025-10-09,P009,Soap,Personal Care,8,33.38,27,Thursday,10,Autumn,0,7
2025-10-09,P010,Shampoo,Personal Care,6,116.6,96,Thursday,10,Autumn,0,7
2025-10-10,P001,Rice,Grocery,26,57.83,115,Friday,10,Autumn,0,5
2025-10-10,P002,Wheat,Grocery,19,43.61,76,Friday,10,Autumn,0,5
2025-10-10,P003,Sugar,Grocery,11,48.79,99,Friday,10,Autumn,0,4
2025-10-10,P004,Cooking Oil,Grocery,11,119.18,78,Friday,10,Autumn,0,6
2025-10-10,P005,Milk,Dairy,37,38.03,205,Friday,10,Autumn,0,2
2025-10-10,P006,Bread,Bakery,28,34.67,133,Friday,10,Autumn,0,2
2025-10-10,P007,Eggs,Dairy,42,7.11,119,Friday,10,Autumn,0,2
2025-10-10,P008,Biscuits,Snacks,21,30.9,113,Friday,10,Autumn,0,4
2025-10-10,P009,Soap,Personal Care,11,33.37,70,Friday,10,Autumn,0,7
2025-10-10,P010,Shampoo,Personal Care,8,122.22,55,Friday,10,Autumn,0,7
2025-10-11,P001,Rice,Grocery,26,58.6,85,Saturday,10,Autumn,0,5
2025-10-11,P002,Wheat,Grocery,22,44.24,45,Saturday,10,Autumn,0,5
2025-10-11,P003,Sugar,Grocery,18,51.78,89,Saturday,10,Autumn,0,4
2025-10-11,P004,Cooking Oil,Grocery,11,119.61,35,Saturday,10,Autumn,0,6
2025-10-11,P005,Milk,Dairy,39,39.77,159,Saturday,10,Autumn,0,2
2025-10-11,P006,Bread,Bakery,29,33.93,109,Saturday,10,Autumn,0,2
2025-10-11,P007,Eggs,Dairy,56,7.12,333,Saturday,10,Autumn,0,2
2025-10-11,P008,Biscuits,Snacks,24,29.72,56,Saturday,10,Autumn,0,4
2025-10-11,P009,Soap,Personal Care,12,33.73,78,Saturday,10,Autumn,0,7
2025-10-11,P010,Shampoo,Personal Care,9,115.48,71,Saturday,10,Autumn,0,7
2025-10-12,P001,Rice,Grocery,17,62.55,40,Sunday,10,Autumn,0,5
2025-10-12,P002,Wheat,Grocery,22,42.79,93,Sunday,10,Autumn,0,5
2025-10-12,P003,Sugar,Grocery,25,49.1,91,Sunday,10,Autumn,0,4
2025-10-12,P004,Cooking Oil,Grocery,11,121.28,67,Sunday,10,Autumn,0,6
2025-10-12,P005,Milk,Dairy,44,39.72,258,Sunday,10,Autumn,0,2
2025-10-12,P006,Bread,Bakery,34,34.72,47,Sunday,10,Autumn,0,2
2025-10-12,P007,Eggs,Dairy,52,6.7,77,Sunday,10,Autumn,0,2
2025-10-12,P008,Biscuits,Snacks,17,31.28,30,Sunday,10,Autumn,0,4
2025-10-12,P009,Soap,Personal Care,10,33.38,96,Sunday,10,Autumn,0,7
2025-10-12,P010,Shampoo,Personal Care,8,123.41,40,Sunday,10,Autumn,0,7
2025-10-13,P001,Rice,Grocery,20,61.74,74,Monday,10,Autumn,0,5
2025-10-13,P002,Wheat,Grocery,17,45.0,21,Monday,10,Autumn,0,5
2025-10-13,P003,Sugar,Grocery,22,51.75,77,Monday,10,Autumn,0,4
2025-10-13,P004,Cooking Oil,Grocery,10,117.52,73,Monday,10,Autumn,0,6
2025-10-13,P005,Milk,Dairy,36,39.6,82,Monday,10,Autumn,0,2
2025-10-13,P006,Bread,Bakery,28,35.92,54,Monday,10,Autumn,0,2
2025-10-13,P007,Eggs,Dairy,55,7.29,116,Monday,10,Autumn,0,2
2025-10-13,P008,Biscuits,Snacks,22,29.45,58,Monday,10,Autumn,0,4
2025-10-13,P009,Soap,Personal Care,8,35.59,60,Monday,10,Autumn,0,7
2025-10-13,P010,Shampoo,Personal Care,7,123.59,95,Monday,10,Autumn,0,7
2025-10-14,P001,Rice,Grocery,27,60.38,43,Tuesday,10,Autumn,0,5
2025-10-14,P002,Wheat,Grocery,17,46.99,54,Tuesday,10,Autumn,0,5
2025-10-14,P003,Sugar,Grocery,20,51.62,46,Tuesday,10,Autumn,0,4
2025-10-14,P004,Cooking Oil,Grocery,15,124.62,86,Tuesday,10,Autumn,0,6
2025-10-14,P005,Milk,Dairy,39,39.32,118,Tuesday,10,Autumn,0,2
2025-10-14,P006,Bread,Bakery,24,36.14,64,Tuesday,10,Autumn,0,2
2025-10-14,P007,Eggs,Dairy,36,6.77,123,Tuesday,10,Autumn,0,2
2025-10-14,P008,Biscuits,Snacks,21,31.47,60,Tuesday,10,Autumn,0,4
2025-10-14,P009,Soap,Personal Care,12,35.12,91,Tuesday,10,Autumn,0,7
2025-10-14,P010,Shampoo,Personal Care,6,125.86,88,Tuesday,10,Autumn,0,7
2025-10-15,P001,Rice,Grocery,21,57.56,106,Wednesday,10,Autumn,0,5
2025-10-15,P002,Wheat,Grocery,16,44.08,57,Wednesday,10,Autumn,0,5
2025-10-15,P003,Sugar,Grocery,19,51.48,52,Wednesday,10,Autumn,0,4
2025-10-15,P004,Cooking Oil,Grocery,13,117.94,52,Wednesday,10,Autumn,0,6
2025-10-15,P005,Milk,Dairy,32,39.98,190,Wednesday,10,Autumn,0,2
2025-10-15,P006,Bread,Bakery,32,35.4,33,Wednesday,10,Autumn,0,2
2025-10-15,P007,Eggs,Dairy,34,6.76,150,Wednesday,10,Autumn,0,2
2025-10-15,P008,Biscuits,Snacks,24,30.06,100,Wednesday,10,Autumn,0,4
2025-10-15,P009,Soap,Personal Care,10,33.68,79,Wednesday,10,Autumn,0,7
2025-10-15,P010,Shampoo,Personal Care,7,120.38,100,Wednesday,10,Autumn,0,7
2025-10-16,P001,Rice,Grocery,23,61.91,75,Thursday,10,Autumn,0,5
2025-10-16,P002,Wheat,Grocery,17,47.09,76,Thursday,10,Autumn,0,5
2025-10-16,P003,Sugar,Grocery,19,48.87,30,Thursday,10,Autumn,0,4
2025-10-16,P004,Cooking Oil,Grocery,16,125.71,47,Thursday,10,Autumn,0,6
2025-10-16,P005,Milk,Dairy,28,38.74,112,Thursday,10,Autumn,0,2
2025-10-16,P006,Bread,Bakery,30,34.1,166,Thursday,10,Autumn,0,2
2025-10-16,P007,Eggs,Dairy,48,7.12,175,Thursday,10,Autumn,0,2
2025-10-16,P008,Biscuits,Snacks,24,29.09,51,Thursday,10,Autumn,0,4
2025-10-16,P009,Soap,Personal Care,12,36.37,100,Thursday,10,Autumn,0,7
2025-10-16,P010,Shampoo,Personal Care,8,120.28,65,Thursday,10,Autumn,0,7
2025-10-17,P001,Rice,Grocery,30,62.46,41,Friday,10,Autumn,0,5
2025-10-17,P002,Wheat,Grocery,17,43.83,73,Friday,10,Autumn,0,5
2025-10-17,P003,Sugar,Grocery,22,51.07,89,Friday,10,Autumn,0,4
2025-10-17,P004,Cooking Oil,Grocery,12,118.79,43,Friday,10,Autumn,0,6
2025-10-17,P005,Milk,Dairy,37,38.59,101,Friday,10,Autumn,0,2
2025-10-17,P006,Bread,Bakery,32,35.32,45,Friday,10,Autumn,0,2
2025-10-17,P007,Eggs,Dairy,27,7.12,42,Friday,10,Autumn,0,2
2025-10-17,P008,Biscuits,Snacks,16,28.83,46,Friday,10,Autumn,0,4
2025-10-17,P009,Soap,Personal Care,10,34.95,33,Friday,10,Autumn,0,7
2025-10-17,P010,Shampoo,Personal Care,6,116.82,46,Friday,10,Autumn,0,7
2025-10-18,P001,Rice,Grocery,25,61.02,40,Saturday,10,Autumn,0,5
2025-10-18,P002,Wheat,Grocery,21,47.13,57,Saturday,10,Autumn,0,5
2025-10-18,P003,Sugar,Grocery,21,47.94,98,Saturday,10,Autumn,0,4
2025-10-18,P004,Cooking Oil,Grocery,12,125.29,95,Saturday,10,Autumn,0,6
2025-10-18,P005,Milk,Dairy,31,39.35,58,Saturday,10,Autumn,0,2
2025-10-18,P006,Bread,Bakery,31,36.03,168,Saturday,10,Autumn,0,2
2025-10-18,P007,Eggs,Dairy,54,6.69,277,Saturday,10,Autumn,0,2
2025-10-18,P008,Biscuits,Snacks,29,29.59,55,Saturday,10,Autumn,0,4
2025-10-18,P009,Soap,Personal Care,12,35.5,94,Saturday,10,Autumn,0,7
2025-10-18,P010,Shampoo,Personal Care,10,120.05,34,Saturday,10,Autumn,0,7
2025-10-19,P001,Rice,Grocery,31,57.18,151,Sunday,10,Autumn,0,5
2025-10-19,P002,Wheat,Grocery,22,44.38,97,Sunday,10,Autumn,0,5
2025-10-19,P003,Sugar,Grocery,22,49.77,47,Sunday,10,Autumn,0,4
2025-10-19,P004,Cooking Oil,Grocery,13,116.34,89,Sunday,10,Autumn,0,6
2025-10-19,P005,Milk,Dairy,44,40.35,259,Sunday,10,Autumn,0,2
2025-10-19,P006,Bread,Bakery,35,35.03,49,Sunday,10,Autumn,0,2
2025-10-19,P007,Eggs,Dairy,41,6.85,169,Sunday,10,Autumn,0,2
2025-10-19,P008,Biscuits,Snacks,30,31.17,75,Sunday,10,Autumn,0,4
2025-10-19,P009,Soap,Personal Care,8,35.16,71,Sunday,10,Autumn,0,7
2025-10-19,P010,Shampoo,Personal Care,7,115.8,55,Sunday,10,Autumn,0,7
2025-10-20,P001,Rice,Grocery,36,61.4,151,Monday,10,Autumn,1,5
2025-10-20,P002,Wheat,Grocery,16,44.95,56,Monday,10,Autumn,1,5
2025-10-20,P003,Sugar,Grocery,20,50.37,89,Monday,10,Autumn,1,4
2025-10-20,P004,Cooking Oil,Grocery,22,121.68,39,Monday,10,Autumn,1,6
2025-10-20,P005,Milk,Dairy,39,39.0,103,Monday,10,Autumn,1,2
2025-10-20,P006,Bread,Bakery,52,34.26,79,Monday,10,Autumn,1,2
2025-10-20,P007,Eggs,Dairy,61,7.28,358,Monday,10,Autumn,1,2
2025-10-20,P008,Biscuits,Snacks,23,29.03,68,Monday,10,Autumn,1,4
2025-10-20,P009,Soap,Personal Care,13,36.72,93,Monday,10,Autumn,1,7
2025-10-20,P010,Shampoo,Personal Care,7,123.55,31,Monday,10,Autumn,1,7
2025-10-21,P001,Rice,Grocery,33,62.04,63,Tuesday,10,Autumn,1,5
2025-10-21,P002,Wheat,Grocery,21,45.5,27,Tuesday,10,Autumn,1,5
2025-10-21,P003,Sugar,Grocery,30,52.07,153,Tuesday,10,Autumn,1,4
2025-10-21,P004,Cooking Oil,Grocery,16,120.96,27,Tuesday,10,Autumn,1,6
2025-10-21,P005,Milk,Dairy,51,38.88,248,Tuesday,10,Autumn,1,2
2025-10-21,P006,Bread,Bakery,41,34.27,143,Tuesday,10,Autumn,1,2
2025-10-21,P007,Eggs,Dairy,55,7.18,237,Tuesday,10,Autumn,1,2
2025-10-21,P008,Biscuits,Snacks,26,29.29,66,Tuesday,10,Autumn,1,4
2025-10-21,P009,Soap,Personal Care,11,33.52,64,Tuesday,10,Autumn,1,7
2025-10-21,P010,Shampoo,Personal Care,10,125.09,26,Tuesday,10,Autumn,1,7
2025-10-22,P001,Rice,Grocery,26,57.49,100,Wednesday,10,Autumn,0,5
2025-10-22,P002,Wheat,Grocery,13,46.44,67,Wednesday,10,Autumn,0,5
2025-10-22,P003,Sugar,Grocery,19,50.43,60,Wednesday,10,Autumn,0,4
2025-10-22,P004,Cooking Oil,Grocery,10,116.16,26,Wednesday,10,Autumn,0,6
2025-10-22,P005,Milk,Dairy,45,38.28,207,Wednesday,10,Autumn,0,2
2025-10-22,P006,Bread,Bakery,30,35.49,110,Wednesday,10,Autumn,0,2
2025-10-22,P007,Eggs,Dairy,37,6.72,125,Wednesday,10,Autumn,0,2
2025-10-22,P008,Biscuits,Snacks,24,29.05,59,Wednesday,10,Autumn,0,4
2025-10-22,P009,Soap,Personal Care,11,34.4,94,Wednesday,10,Autumn,0,7
2025-10-22,P010,Shampoo,Personal Care,7,118.74,40,Wednesday,10,Autumn,0,7
2025-10-23,P001,Rice,Grocery,18,60.46,32,Thursday,10,Autumn,0,5
2025-10-23,P002,Wheat,Grocery,13,46.92,34,Thursday,10,Autumn,0,5
2025-10-23,P003,Sugar,Grocery,19,51.96,32,Thursday,10,Autumn,0,4
2025-10-23,P004,Cooking Oil,Grocery,12,114.23,91,Thursday,10,Autumn,0,6
2025-10-23,P005,Milk,Dairy,32,40.49,39,Thursday,10,Autumn,0,2
2025-10-23,P006,Bread,Bakery,36,35.68,48,Thursday,10,Autumn,0,2
2025-10-23,P007,Eggs,Dairy,48,7.24,93,Thursday,10,Autumn,0,2
2025-10-23,P008,Biscuits,Snacks,19,30.65,25,Thursday,10,Autumn,0,4
2025-10-23,P009,Soap,Personal Care,10,35.3,51,Thursday,10,Autumn,0,7
2025-10-23,P010,Shampoo,Personal Care,5,114.43,74,Thursday,10,Autumn,0,7
2025-10-24,P001,Rice,Grocery,22,59.15,37,Friday,10,Autumn,0,5
2025-10-24,P002,Wheat,Grocery,20,44.92,39,Friday,10,Autumn,0,5
2025-10-24,P003,Sugar,Grocery,25,47.53,81,Friday,10,Autumn,0,4
2025-10-24,P004,Cooking Oil,Grocery,11,116.8,97,Friday,10,Autumn,0,6
2025-10-24,P005,Milk,Dairy,26,41.38,74,Friday,10,Autumn,0,2
2025-10-24,P006,Bread,Bakery,22,34.41,38,Friday,10,Autumn,0,2
2025-10-24,P007,Eggs,Dairy,47,6.71,264,Friday,10,Autumn,0,2
2025-10-24,P008,Biscuits,Snacks,25,30.78,78,Friday,10,Autumn,0,4
2025-10-24,P009,Soap,Personal Care,10,34.2,89,Friday,10,Autumn,0,7
2025-10-24,P010,Shampoo,Personal Care,6,114.84,41,Friday,10,Autumn,0,7
2025-10-25,P001,Rice,Grocery,26,59.38,104,Saturday,10,Autumn,0,5
2025-10-25,P002,Wheat,Grocery,23,43.8,124,Saturday,10,Autumn,0,5
2025-10-25,P003,Sugar,Grocery,16,48.27,77,Saturday,10,Autumn,0,4
2025-10-25,P004,Cooking Oil,Grocery,14,120.87,100,Saturday,10,Autumn,0,6
2025-10-25,P005,Milk,Dairy,30,39.51,140,Saturday,10,Autumn,0,2
2025-10-25,P006,Bread,Bakery,38,35.79,47,Saturday,10,Autumn,0,2
2025-10-25,P007,Eggs,Dairy,52,7.31,93,Saturday,10,Autumn,0,2
2025-10-25,P008,Biscuits,Snacks,27,31.5,86,Saturday,10,Autumn,0,4
2025-10-25,P009,Soap,Personal Care,9,34.84,78,Saturday,10,Autumn,0,7
2025-10-25,P010,Shampoo,Personal Care,7,120.48,43,Saturday,10,Autumn,0,7
2025-10-26,P001,Rice,Grocery,30,60.94,155,Sunday,10,Autumn,0,5
2025-10-26,P002,Wheat,Grocery,19,46.79,104,Sunday,10,Autumn,0,5
2025-10-26,P003,Sugar,Grocery,26,49.48,39,Sunday,10,Autumn,0,4
2025-10-26,P004,Cooking Oil,Grocery,14,115.42,40,Sunday,10,Autumn,0,6
2025-10-26,P005,Milk,Dairy,35,39.41,127,Sunday,10,Autumn,0,2
2025-10-26,P006,Bread,Bakery,37,34.75,45,Sunday,10,Autumn,0,2
2025-10-26,P007,Eggs,Dairy,54,6.75,182,Sunday,10,Autumn,0,2
2025-10-26,P008,Biscuits,Snacks,25,29.9,45,Sunday,10,Autumn,0,4
2025-10-26,P009,Soap,Personal Care,11,34.79,50,Sunday,10,Autumn,0,7
2025-10-26,P010,Shampoo,Personal Care,8,114.25,92,Sunday,10,Autumn,0,7
2025-10-27,P001,Rice,Grocery,22,60.02,58,Monday,10,Autumn,0,5
2025-10-27,P002,Wheat,Grocery,17,43.23,70,Monday,10,Autumn,0,5
2025-10-27,P003,Sugar,Grocery,22,47.55,98,Monday,10,Autumn,0,4
2025-10-27,P004,Cooking Oil,Grocery,14,125.41,74,Monday,10,Autumn,0,6
2025-10-27,P005,Milk,Dairy,35,40.5,84,Monday,10,Autumn,0,2
2025-10-27,P006,Bread,Bakery,19,34.79,108,Monday,10,Autumn,0,2
2025-10-27,P007,Eggs,Dairy,40,6.8,69,Monday,10,Autumn,0,2
2025-10-27,P008,Biscuits,Snacks,14,29.77,100,Monday,10,Autumn,0,4
2025-10-27,P009,Soap,Personal Care,12,36.19,82,Monday,10,Autumn,0,7
2025-10-27,P010,Shampoo,Personal Care,7,116.65,28,Monday,10,Autumn,0,7
2025-10-28,P001,Rice,Grocery,27,59.01,88,Tuesday,10,Autumn,0,5
2025-10-28,P002,Wheat,Grocery,16,45.78,62,Tuesday,10,Autumn,0,5
2025-10-28,P003,Sugar,Grocery,18,48.04,49,Tuesday,10,Autumn,0,4
2025-10-28,P004,Cooking Oil,Grocery,12,119.76,70,Tuesday,10,Autumn,0,6
2025-10-28,P005,Milk,Dairy,33,40.19,65,Tuesday,10,Autumn,0,2
2025-10-28,P006,Bread,Bakery,33,34.7,115,Tuesday,10,Autumn,0,2
2025-10-28,P007,Eggs,Dairy,63,6.82,324,Tuesday,10,Autumn,0,2
2025-10-28,P008,Biscuits,Snacks,20,30.34,66,Tuesday,10,Autumn,0,4
2025-10-28,P009,Soap,Personal Care,8,34.88,42,Tuesday,10,Autumn,0,7
2025-10-28,P010,Shampoo,Personal Care,8,125.63,28,Tuesday,10,Autumn,0,7
2025-10-29,P001,Rice,Grocery,24,61.63,76,Wednesday,10,Autumn,0,5
2025-10-29,P002,Wheat,Grocery,20,46.04,103,Wednesday,10,Autumn,0,5
2025-10-29,P003,Sugar,Grocery,19,49.03,57,Wednesday,10,Autumn,0,4
2025-10-29,P004,Cooking Oil,Grocery,10,121.55,66,Wednesday,10,Autumn,0,6
2025-10-29,P005,Milk,Dairy,38,40.27,209,Wednesday,10,Autumn,0,2
2025-10-29,P006,Bread,Bakery,35,35.2,85,Wednesday,10,Autumn,0,2
2025-10-29,P007,Eggs,Dairy,32,7.19,45,Wednesday,10,Autumn,0,2
2025-10-29,P008,Biscuits,Snacks,20,28.78,21,Wednesday,10,Autumn,0,4
2025-10-29,P009,Soap,Personal Care,7,33.38,73,Wednesday,10,Autumn,0,7
2025-10-29,P010,Shampoo,Personal Care,7,119.86,60,Wednesday,10,Autumn,0,7
2025-10-30,P001,Rice,Grocery,25,58.68,107,Thursday,10,Autumn,0,5
2025-10-30,P002,Wheat,Grocery,20,43.85,30,Thursday,10,Autumn,0,5
2025-10-30,P003,Sugar,Grocery,23,48.89,80,Thursday,10,Autumn,0,4
2025-10-30,P004,Cooking Oil,Grocery,14,114.82,26,Thursday,10,Autumn,0,6
2025-10-30,P005,Milk,Dairy,37,39.29,182,Thursday,10,Autumn,0,2
2025-10-30,P006,Bread,Bakery,28,33.59,56,Thursday,10,Autumn,0,2
2025-10-30,P007,Eggs,Dairy,47,6.99,66,Thursday,10,Autumn,0,2
2025-10-30,P008,Biscuits,Snacks,25,31.19,120,Thursday,10,Autumn,0,4
2025-10-30,P009,Soap,Personal Care,10,33.59,37,Thursday,10,Autumn,0,7
2025-10-30,P010,Shampoo,Personal Care,5,125.97,99,Thursday,10,Autumn,0,7
2025-10-31,P001,Rice,Grocery,22,57.42,27,Friday,10,Autumn,0,5
2025-10-31,P002,Wheat,Grocery,17,45.25,32,Friday,10,Autumn,0,5
2025-10-31,P003,Sugar,Grocery,20,47.7,42,Friday,10,Autumn,0,4
2025-10-31,P004,Cooking Oil,Grocery,8,123.54,26,Friday,10,Autumn,0,6
2025-10-31,P005,Milk,Dairy,34,39.25,40,Friday,10,Autumn,0,2
2025-10-31,P006,Bread,Bakery,36,34.67,138,Friday,10,Autumn,0,2
2025-10-31,P007,Eggs,Dairy,38,6.98,208,Friday,10,Autumn,0,2
2025-10-31,P008,Biscuits,Snacks,18,29.03,100,Friday,10,Autumn,0,4
2025-10-31,P009,Soap,Personal Care,9,33.27,28,Friday,10,Autumn,0,7
2025-10-31,P010,Shampoo,Personal Care,7,121.8,79,Friday,10,Autumn,0,7
2025-11-01,P001,Rice,Grocery,35,57.44,62,Saturday,11,Winter,0,5
2025-11-01,P002,Wheat,Grocery,17,43.99,73,Saturday,11,Winter,0,5
2025-11-01,P003,Sugar,Grocery,24,51.44,140,Saturday,11,Winter,0,4
2025-11-01,P004,Cooking Oil,Grocery,14,121.15,75,Saturday,11,Winter,0,6
2025-11-01,P005,Milk,Dairy,42,39.99,164,Saturday,11,Winter,0,2
2025-11-01,P006,Bread,Bakery,28,36.36,115,Saturday,11,Winter,0,2
2025-11-01,P007,Eggs,Dairy,50,6.74,298,Saturday,11,Winter,0,2
2025-11-01,P008,Biscuits,Snacks,17,29.98,70,Saturday,11,Winter,0,4
2025-11-01,P009,Soap,Personal Care,11,36.44,29,Saturday,11,Winter,0,7
2025-11-01,P010,Shampoo,Personal Care,7,120.99,96,Saturday,11,Winter,0,7
2025-11-02,P001,Rice,Grocery,32,59.82,95,Sunday,11,Winter,0,5
2025-11-02,P002,Wheat,Grocery,21,46.39,39,Sunday,11,Winter,0,5
2025-11-02,P003,Sugar,Grocery,15,51.31,41,Sunday,11,Winter,0,4
2025-11-02,P004,Cooking Oil,Grocery,11,116.78,49,Sunday,11,Winter,0,6
2025-11-02,P005,Milk,Dairy,44,38.37,83,Sunday,11,Winter,0,2
2025-11-02,P006,Bread,Bakery,32,33.87,123,Sunday,11,Winter,0,2
2025-11-02,P007,Eggs,Dairy,60,7.32,329,Sunday,11,Winter,0,2
2025-11-02,P008,Biscuits,Snacks,24,30.82,101,Sunday,11,Winter,0,4
2025-11-02,P009,Soap,Personal Care,10,35.29,35,Sunday,11,Winter,0,7
2025-11-02,P010,Shampoo,Personal Care,6,121.46,22,Sunday,11,Winter,0,7
2025-11-03,P001,Rice,Grocery,18,59.9,48,Monday,11,Winter,0,5
2025-11-03,P002,Wheat,Grocery,18,44.52,35,Monday,11,Winter,0,5
2025-11-03,P003,Sugar,Grocery,27,49.65,154,Monday,11,Winter,0,4
2025-11-03,P004,Cooking Oil,Grocery,16,119.31,98,Monday,11,Winter,0,6
2025-11-03,P005,Milk,Dairy,21,41.33,83,Monday,11,Winter,0,2
2025-11-03,P006,Bread,Bakery,29,34.14,93,Monday,11,Winter,0,2
2025-11-03,P007,Eggs,Dairy,38,6.68,177,Monday,11,Winter,0,2
2025-11-03,P008,Biscuits,Snacks,22,30.12,85,Monday,11,Winter,0,4
2025-11-03,P009,Soap,Personal Care,9,33.42,42,Monday,11,Winter,0,7
2025-11-03,P010,Shampoo,Personal Care,7,122.62,70,Monday,11,Winter,0,7
2025-11-04,P001,Rice,Grocery,28,61.74,70,Tuesday,11,Winter,0,5
2025-11-04,P002,Wheat,Grocery,15,46.02,42,Tuesday,11,Winter,0,5
2025-11-04,P003,Sugar,Grocery,19,47.95,47,Tuesday,11,Winter,0,4
2025-11-04,P004,Cooking Oil,Grocery,12,125.36,69,Tuesday,11,Winter,0,6
2025-11-04,P005,Milk,Dairy,40,39.97,204,Tuesday,11,Winter,0,2
2025-11-04,P006,Bread,Bakery,20,36.68,33,Tuesday,11,Winter,0,2
2025-11-04,P007,Eggs,Dairy,46,6.76,173,Tuesday,11,Winter,0,2
2025-11-04,P008,Biscuits,Snacks,26,30.61,93,Tuesday,11,Winter,0,4
2025-11-04,P009,Soap,Personal Care,9,36.48,70,Tuesday,11,Winter,0,7
2025-11-04,P010,Shampoo,Personal Care,4,114.04,81,Tuesday,11,Winter,0,7
2025-11-05,P001,Rice,Grocery,25,61.96,25,Wednesday,11,Winter,0,5
2025-11-05,P002,Wheat,Grocery,17,45.69,97,Wednesday,11,Winter,0,5
2025-11-05,P003,Sugar,Grocery,21,52.1,104,Wednesday,11,Winter,0,4
2025-11-05,P004,Cooking Oil,Grocery,11,115.38,38,Wednesday,11,Winter,0,6
2025-11-05,P005,Milk,Dairy,34,40.52,59,Wednesday,11,Winter,0,2
2025-11-05,P006,Bread,Bakery,28,33.54,31,Wednesday,11,Winter,0,2
2025-11-05,P007,Eggs,Dairy,38,6.71,179,Wednesday,11,Winter,0,2
2025-11-05,P008,Biscuits,Snacks,19,31.47,74,Wednesday,11,Winter,0,4
2025-11-05,P009,Soap,Personal Care,8,34.52,81,Wednesday,11,Winter,0,7
2025-11-05,P010,Shampoo,Personal Care,9,115.43,86,Wednesday,11,Winter,0,7
2025-11-06,P001,Rice,Grocery,18,60.58,89,Thursday,11,Winter,0,5
2025-11-06,P002,Wheat,Grocery,21,44.08,60,Thursday,11,Winter,0,5
2025-11-06,P003,Sugar,Grocery,23,52.31,97,Thursday,11,Winter,0,4
2025-11-06,P004,Cooking Oil,Grocery,9,121.35,73,Thursday,11,Winter,0,6
2025-11-06,P005,Milk,Dairy,34,39.59,79,Thursday,11,Winter,0,2
2025-11-06,P006,Bread,Bakery,27,35.95,139,Thursday,11,Winter,0,2
2025-11-06,P007,Eggs,Dairy,49,6.96,217,Thursday,11,Winter,0,2
2025-11-06,P008,Biscuits,Snacks,28,30.36,139,Thursday,11,Winter,0,4
2025-11-06,P009,Soap,Personal Care,9,36.08,31,Thursday,11,Winter,0,7
2025-11-06,P010,Shampoo,Personal Care,6,122.16,75,Thursday,11,Winter,0,7
2025-11-07,P001,Rice,Grocery,25,60.51,27,Friday,11,Winter,0,5
2025-11-07,P002,Wheat,Grocery,17,44.53,89,Friday,11,Winter,0,5
2025-11-07,P003,Sugar,Grocery,21,50.07,51,Friday,11,Winter,0,4
2025-11-07,P004,Cooking Oil,Grocery,11,119.39,93,Friday,11,Winter,0,6
2025-11-07,P005,Milk,Dairy,32,41.43,171,Friday,11,Winter,0,2
2025-11-07,P006,Bread,Bakery,25,35.11,95,Friday,11,Winter,0,2
2025-11-07,P007,Eggs,Dairy,42,6.8,59,Friday,11,Winter,0,2
2025-11-07,P008,Biscuits,Snacks,26,28.96,139,Friday,11,Winter,0,4
2025-11-07,P009,Soap,Personal Care,10,36.2,87,Friday,11,Winter,0,7
2025-11-07,P010,Shampoo,Personal Care,7,119.07,33,Friday,11,Winter,0,7
2025-11-08,P001,Rice,Grocery,27,58.76,115,Saturday,11,Winter,0,5
2025-11-08,P002,Wheat,Grocery,18,43.63,39,Saturday,11,Winter,0,5
2025-11-08,P003,Sugar,Grocery,20,52.34,38,Saturday,11,Winter,0,4
2025-11-08,P004,Cooking Oil,Grocery,17,122.12,65,Saturday,11,Winter,0,6
2025-11-08,P005,Milk,Dairy,43,40.14,150,Saturday,11,Winter,0,2
2025-11-08,P006,Bread,Bakery,45,35.79,142,Saturday,11,Winter,0,2
2025-11-08,P007,Eggs,Dairy,57,6.82,315,Saturday,11,Winter,0,2
2025-11-08,P008,Biscuits,Snacks,34,28.96,139,Saturday,11,Winter,0,4
2025-11-08,P009,Soap,Personal Care,14,35.6,69,Saturday,11,Winter,0,7
2025-11-08,P010,Shampoo,Personal Care,7,124.31,54,Saturday,11,Winter,0,7
2025-11-09,P001,Rice,Grocery,30,62.49,51,Sunday,11,Winter,0,5
2025-11-09,P002,Wheat,Grocery,26,46.17,80,Sunday,11,Winter,0,5
2025-11-09,P003,Sugar,Grocery,23,48.55,23,Sunday,11,Winter,0,4
2025-11-09,P004,Cooking Oil,Grocery,16,122.27,91,Sunday,11,Winter,0,6
2025-11-09,P005,Milk,Dairy,42,40.86,163,Sunday,11,Winter,0,2
2025-11-09,P006,Bread,Bakery,31,34.86,151,Sunday,11,Winter,0,2
2025-11-09,P007,Eggs,Dairy,53,7.15,89,Sunday,11,Winter,0,2
2025-11-09,P008,Biscuits,Snacks,25,30.04,36,Sunday,11,Winter,0,4
2025-11-09,P009,Soap,Personal Care,11,33.72,84,Sunday,11,Winter,0,7
2025-11-09,P010,Shampoo,Personal Care,7,124.49,89,Sunday,11,Winter,0,7
2025-11-10,P001,Rice,Grocery,23,58.33,23,Monday,11,Winter,0,5
2025-11-10,P002,Wheat,Grocery,15,46.83,25,Monday,11,Winter,0,5
2025-11-10,P003,Sugar,Grocery,21,50.52,91,Monday,11,Winter,0,4
2025-11-10,P004,Cooking Oil,Grocery,10,124.22,20,Monday,11,Winter,0,6
2025-11-10,P005,Milk,Dairy,22,39.91,49,Monday,11,Winter,0,2
2025-11-10,P006,Bread,Bakery,30,36.06,71,Monday,11,Winter,0,2
2025-11-10,P007,Eggs,Dairy,52,6.83,125,Monday,11,Winter,0,2
2025-11-10,P008,Biscuits,Snacks,27,30.51,129,Monday,11,Winter,0,4
2025-11-10,P009,Soap,Personal Care,10,35.76,78,Monday,11,Winter,0,7
2025-11-10,P010,Shampoo,Personal Care,7,118.6,81,Monday,11,Winter,0,7
2025-11-11,P001,Rice,Grocery,25,57.87,103,Tuesday,11,Winter,0,5
2025-11-11,P002,Wheat,Grocery,21,44.85,104,Tuesday,11,Winter,0,5
2025-11-11,P003,Sugar,Grocery,16,48.21,28,Tuesday,11,Winter,0,4
2025-11-11,P004,Cooking Oil,Grocery,9,118.47,38,Tuesday,11,Winter,0,6
2025-11-11,P005,Milk,Dairy,31,39.24,72,Tuesday,11,Winter,0,2
2025-11-11,P006,Bread,Bakery,24,33.29,77,Tuesday,11,Winter,0,2
2025-11-11,P007,Eggs,Dairy,41,6.85,90,Tuesday,11,Winter,0,2
2025-11-11,P008,Biscuits,Snacks,20,30.53,114,Tuesday,11,Winter,0,4
2025-11-11,P009,Soap,Personal Care,9,34.74,100,Tuesday,11,Winter,0,7
2025-11-11,P010,Shampoo,Personal Care,7,125.71,88,Tuesday,11,Winter,0,7
2025-11-12,P001,Rice,Grocery,24,57.33,56,Wednesday,11,Winter,0,5
2025-11-12,P002,Wheat,Grocery,21,45.32,123,Wednesday,11,Winter,0,5
2025-11-12,P003,Sugar,Grocery,23,48.57,130,Wednesday,11,Winter,0,4
2025-11-12,P004,Cooking Oil,Grocery,10,122.75,81,Wednesday,11,Winter,0,6
2025-11-12,P005,Milk,Dairy,31,41.98,154,Wednesday,11,Winter,0,2
2025-11-12,P006,Bread,Bakery,29,34.11,60,Wednesday,11,Winter,0,2
2025-11-12,P007,Eggs,Dairy,35,7.19,109,Wednesday,11,Winter,0,2
2025-11-12,P008,Biscuits,Snacks,25,29.63,98,Wednesday,11,Winter,0,4
2025-11-12,P009,Soap,Personal Care,8,36.45,40,Wednesday,11,Winter,0,7
2025-11-12,P010,Shampoo,Personal Care,5,114.92,20,Wednesday,11,Winter,0,7
2025-11-13,P001,Rice,Grocery,30,62.62,148,Thursday,11,Winter,0,5
2025-11-13,P002,Wheat,Grocery,14,46.34,54,Thursday,11,Winter,0,5
2025-11-13,P003,Sugar,Grocery,20,48.55,24,Thursday,11,Winter,0,4
2025-11-13,P004,Cooking Oil,Grocery,12,125.21,97,Thursday,11,Winter,0,6
2025-11-13,P005,Milk,Dairy,41,38.64,145,Thursday,11,Winter,0,2
2025-11-13,P006,Bread,Bakery,27,34.59,45,Thursday,11,Winter,0,2
2025-11-13,P007,Eggs,Dairy,46,7.25,131,Thursday,11,Winter,0,2
2025-11-13,P008,Biscuits,Snacks,22,28.58,101,Thursday,11,Winter,0,4
2025-11-13,P009,Soap,Personal Care,9,36.59,34,Thursday,11,Winter,0,7
2025-11-13,P010,Shampoo,Personal Care,6,123.83,88,Thursday,11,Winter,0,7
2025-11-14,P001,Rice,Grocery,25,59.14,48,Friday,11,Winter,0,5
2025-11-14,P002,Wheat,Grocery,18,44.14,63,Friday,11,Winter,0,5
2025-11-14,P003,Sugar,Grocery,11,50.44,28,Friday,11,Winter,0,4
2025-11-14,P004,Cooking Oil,Grocery,14,125.84,32,Friday,11,Winter,0,6
2025-11-14,P005,Milk,Dairy,48,38.73,95,Friday,11,Winter,0,2
2025-11-14,P006,Bread,Bakery,29,35.03,165,Friday,11,Winter,0,2
2025-11-14,P007,Eggs,Dairy,45,7.16,84,Friday,11,Winter,0,2
2025-11-14,P008,Biscuits,Snacks,19,29.57,37,Friday,11,Winter,0,4
2025-11-14,P009,Soap,Personal Care,8,35.59,79,Friday,11,Winter,0,7
2025-11-14,P010,Shampoo,Personal Care,7,114.02,60,Friday,11,Winter,0,7
2025-11-15,P001,Rice,Grocery,38,57.09,83,Saturday,11,Winter,0,5
2025-11-15,P002,Wheat,Grocery,22,45.86,56,Saturday,11,Winter,0,5
2025-11-15,P003,Sugar,Grocery,25,51.2,60,Saturday,11,Winter,0,4
2025-11-15,P004,Cooking Oil,Grocery,12,118.67,44,Saturday,11,Winter,0,6
2025-11-15,P005,Milk,Dairy,40,38.04,181,Saturday,11,Winter,0,2
2025-11-15,P006,Bread,Bakery,42,35.62,147,Saturday,11,Winter,0,2
2025-11-15,P007,Eggs,Dairy,63,6.74,81,Saturday,11,Winter,0,2
2025-11-15,P008,Biscuits,Snacks,29,28.74,120,Saturday,11,Winter,0,4
2025-11-15,P009,Soap,Personal Care,12,34.6,59,Saturday,11,Winter,0,7
2025-11-15,P010,Shampoo,Personal Care,9,119.03,54,Saturday,11,Winter,0,7
2025-11-16,P001,Rice,Grocery,31,61.42,93,Sunday,11,Winter,0,5
2025-11-16,P002,Wheat,Grocery,14,44.72,95,Sunday,11,Winter,0,5
2025-11-16,P003,Sugar,Grocery,22,49.85,130,Sunday,11,Winter,0,4
2025-11-16,P004,Cooking Oil,Grocery,13,115.36,71,Sunday,11,Winter,0,6
2025-11-16,P005,Milk,Dairy,36,39.74,80,Sunday,11,Winter,0,2
2025-11-16,P006,Bread,Bakery,26,34.01,134,Sunday,11,Winter,0,2
2025-11-16,P007,Eggs,Dairy,45,7.01,116,Sunday,11,Winter,0,2
2025-11-16,P008,Biscuits,Snacks,26,28.68,148,Sunday,11,Winter,0,4
2025-11-16,P009,Soap,Personal Care,13,35.52,98,Sunday,11,Winter,0,7
2025-11-16,P010,Shampoo,Personal Care,7,115.83,84,Sunday,11,Winter,0,7
2025-11-17,P001,Rice,Grocery,28,58.92,80,Monday,11,Winter,0,5
2025-11-17,P002,Wheat,Grocery,17,43.84,57,Monday,11,Winter,0,5
2025-11-17,P003,Sugar,Grocery,16,47.76,88,Monday,11,Winter,0,4
2025-11-17,P004,Cooking Oil,Grocery,16,119.97,22,Monday,11,Winter,0,6
2025-11-17,P005,Milk,Dairy,43,39.96,152,Monday,11,Winter,0,2
2025-11-17,P006,Bread,Bakery,36,35.8,40,Monday,11,Winter,0,2
2025-11-17,P007,Eggs,Dairy,38,6.73,102,Monday,11,Winter,0,2
2025-11-17,P008,Biscuits,Snacks,18,28.88,59,Monday,11,Winter,0,4
2025-11-17,P009,Soap,Personal Care,10,36.23,37,Monday,11,Winter,0,7
2025-11-17,P010,Shampoo,Personal Care,6,123.24,41,Monday,11,Winter,0,7
2025-11-18,P001,Rice,Grocery,22,58.9,85,Tuesday,11,Winter,0,5
2025-11-18,P002,Wheat,Grocery,18,45.72,82,Tuesday,11,Winter,0,5
2025-11-18,P003,Sugar,Grocery,19,48.07,105,Tuesday,11,Winter,0,4
2025-11-18,P004,Cooking Oil,Grocery,12,118.18,51,Tuesday,11,Winter,0,6
2025-11-18,P005,Milk,Dairy,36,39.81,140,Tuesday,11,Winter,0,2
2025-11-18,P006,Bread,Bakery,30,34.03,105,Tuesday,11,Winter,0,2
2025-11-18,P007,Eggs,Dairy,42,7.27,156,Tuesday,11,Winter,0,2
2025-11-18,P008,Biscuits,Snacks,18,29.29,108,Tuesday,11,Winter,0,4
2025-11-18,P009,Soap,Personal Care,9,34.91,99,Tuesday,11,Winter,0,7
2025-11-18,P010,Shampoo,Personal Care,7,116.08,70,Tuesday,11,Winter,0,7
2025-11-19,P001,Rice,Grocery,24,57.77,130,Wednesday,11,Winter,0,5
2025-11-19,P002,Wheat,Grocery,22,44.07,88,Wednesday,11,Winter,0,5
2025-11-19,P003,Sugar,Grocery,13,52.13,78,Wednesday,11,Winter,0,4
2025-11-19,P004,Cooking Oil,Grocery,10,117.91,93,Wednesday,11,Winter,0,6
2025-11-19,P005,Milk,Dairy,34,38.71,202,Wednesday,11,Winter,0,2
2025-11-19,P006,Bread,Bakery,33,34.06,88,Wednesday,11,Winter,0,2
2025-11-19,P007,Eggs,Dairy,40,7.01,210,Wednesday,11,Winter,0,2
2025-11-19,P008,Biscuits,Snacks,20,31.13,55,Wednesday,11,Winter,0,4
2025-11-19,P009,Soap,Personal Care,11,36.75,58,Wednesday,11,Winter,0,7
2025-11-19,P010,Shampoo,Personal Care,7,122.99,26,Wednesday,11,Winter,0,7
2025-11-20,P001,Rice,Grocery,20,61.12,115,Thursday,11,Winter,0,5
2025-11-20,P002,Wheat,Grocery,15,45.33,84,Thursday,11,Winter,0,5
2025-11-20,P003,Sugar,Grocery,23,51.03,94,Thursday,11,Winter,0,4
2025-11-20,P004,Cooking Oil,Grocery,11,114.55,37,Thursday,11,Winter,0,6
2025-11-20,P005,Milk,Dairy,44,41.46,248,Thursday,11,Winter,0,2
2025-11-20,P006,Bread,Bakery,32,34.52,127,Thursday,11,Winter,0,2
2025-11-20,P007,Eggs,Dairy,32,6.86,53,Thursday,11,Winter,0,2
2025-11-20,P008,Biscuits,Snacks,21,30.52,80,Thursday,11,Winter,0,4
2025-11-20,P009,Soap,Personal Care,8,35.35,31,Thursday,11,Winter,0,7
2025-11-20,P010,Shampoo,Personal Care,7,124.88,91,Thursday,11,Winter,0,7
2025-11-21,P001,Rice,Grocery,23,61.38,57,Friday,11,Winter,0,5
2025-11-21,P002,Wheat,Grocery,16,46.83,65,Friday,11,Winter,0,5
2025-11-21,P003,Sugar,Grocery,20,50.96,84,Friday,11,Winter,0,4
2025-11-21,P004,Cooking Oil,Grocery,12,123.67,82,Friday,11,Winter,0,6
2025-11-21,P005,Milk,Dairy,38,40.01,99,Friday,11,Winter,0,2
2025-11-21,P006,Bread,Bakery,27,33.77,70,Friday,11,Winter,0,2
2025-11-21,P007,Eggs,Dairy,48,6.9,118,Friday,11,Winter,0,2
2025-11-21,P008,Biscuits,Snacks,17,30.18,77,Friday,11,Winter,0,4
2025-11-21,P009,Soap,Personal Care,8,36.34,45,Friday,11,Winter,0,7
2025-11-21,P010,Shampoo,Personal Care,7,122.4,57,Friday,11,Winter,0,7
2025-11-22,P001,Rice,Grocery,27,59.32,130,Saturday,11,Winter,0,5
2025-11-22,P002,Wheat,Grocery,21,43.31,87,Saturday,11,Winter,0,5
2025-11-22,P003,Sugar,Grocery,21,48.34,85,Saturday,11,Winter,0,4
2025-11-22,P004,Cooking Oil,Grocery,10,114.01,43,Saturday,11,Winter,0,6
2025-11-22,P005,Milk,Dairy,39,39.0,218,Saturday,11,Winter,0,2
2025-11-22,P006,Bread,Bakery,36,35.38,179,Saturday,11,Winter,0,2
2025-11-22,P007,Eggs,Dairy,53,7.34,254,Saturday,11,Winter,0,2
2025-11-22,P008,Biscuits,Snacks,27,31.15,67,Saturday,11,Winter,0,4
2025-11-22,P009,Soap,Personal Care,10,35.17,42,Saturday,11,Winter,0,7
2025-11-22,P010,Shampoo,Personal Care,10,122.56,53,Saturday,11,Winter,0,7
2025-11-23,P001,Rice,Grocery,30,62.14,141,Sunday,11,Winter,0,5
2025-11-23,P002,Wheat,Grocery,23,44.54,104,Sunday,11,Winter,0,5
2025-11-23,P003,Sugar,Grocery,22,49.08,72,Sunday,11,Winter,0,4
2025-11-23,P004,Cooking Oil,Grocery,13,122.01,47,Sunday,11,Winter,0,6
2025-11-23,P005,Milk,Dairy,26,38.34,90,Sunday,11,Winter,0,2
2025-11-23,P006,Bread,Bakery,36,35.23,134,Sunday,11,Winter,0,2
2025-11-23,P007,Eggs,Dairy,43,7.09,152,Sunday,11,Winter,0,2
2025-11-23,P008,Biscuits,Snacks,19,29.01,39,Sunday,11,Winter,0,4
2025-11-23,P009,Soap,Personal Care,11,35.38,78,Sunday,11,Winter,0,7
2025-11-23,P010,Shampoo,Personal Care,7,119.16,50,Sunday,11,Winter,0,7
2025-11-24,P001,Rice,Grocery,24,60.46,93,Monday,11,Winter,0,5
2025-11-24,P002,Wheat,Grocery,19,45.25,95,Monday,11,Winter,0,5
2025-11-24,P003,Sugar,Grocery,18,51.41,28,Monday,11,Winter,0,4
2025-11-24,P004,Cooking Oil,Grocery,10,114.86,73,Monday,11,Winter,0,6
2025-11-24,P005,Milk,Dairy,25,40.91,100,Monday,11,Winter,0,2
2025-11-24,P006,Bread,Bakery,31,34.75,176,Monday,11,Winter,0,2
2025-11-24,P007,Eggs,Dairy,47,7.32,131,Monday,11,Winter,0,2
2025-11-24,P008,Biscuits,Snacks,21,28.95,38,Monday,11,Winter,0,4
2025-11-24,P009,Soap,Personal Care,6,34.81,80,Monday,11,Winter,0,7
2025-11-24,P010,Shampoo,Personal Care,7,115.71,24,Monday,11,Winter,0,7
2025-11-25,P001,Rice,Grocery,22,60.66,42,Tuesday,11,Winter,0,5
2025-11-25,P002,Wheat,Grocery,17,43.49,91,Tuesday,11,Winter,0,5
2025-11-25,P003,Sugar,Grocery,19,52.0,98,Tuesday,11,Winter,0,4
2025-11-25,P004,Cooking Oil,Grocery,14,123.73,77,Tuesday,11,Winter,0,6
2025-11-25,P005,Milk,Dairy,34,40.66,198,Tuesday,11,Winter,0,2
2025-11-25,P006,Bread,Bakery,33,34.78,188,Tuesday,11,Winter,0,2
2025-11-25,P007,Eggs,Dairy,40,6.67,111,Tuesday,11,Winter,0,2
2025-11-25,P008,Biscuits,Snacks,17,29.43,97,Tuesday,11,Winter,0,4
2025-11-25,P009,Soap,Personal Care,7,35.49,74,Tuesday,11,Winter,0,7
2025-11-25,P010,Shampoo,Personal Care,8,123.3,62,Tuesday,11,Winter,0,7
2025-11-26,P001,Rice,Grocery,22,59.19,67,Wednesday,11,Winter,0,5
2025-11-26,P002,Wheat,Grocery,15,44.5,35,Wednesday,11,Winter,0,5
2025-11-26,P003,Sugar,Grocery,23,52.23,94,Wednesday,11,Winter,0,4
2025-11-26,P004,Cooking Oil,Grocery,11,118.51,34,Wednesday,11,Winter,0,6
2025-11-26,P005,Milk,Dairy,39,39.49,182,Wednesday,11,Winter,0,2
2025-11-26,P006,Bread,Bakery,36,33.99,203,Wednesday,11,Winter,0,2
2025-11-26,P007,Eggs,Dairy,35,6.8,167,Wednesday,11,Winter,0,2
2025-11-26,P008,Biscuits,Snacks,22,30.95,39,Wednesday,11,Winter,0,4
2025-11-26,P009,Soap,Personal Care,13,36.52,55,Wednesday,11,Winter,0,7
2025-11-26,P010,Shampoo,Personal Care,7,122.58,22,Wednesday,11,Winter,0,7
2025-11-27,P001,Rice,Grocery,21,58.35,44,Thursday,11,Winter,0,5
2025-11-27,P002,Wheat,Grocery,15,44.41,37,Thursday,11,Winter,0,5
2025-11-27,P003,Sugar,Grocery,15,51.9,82,Thursday,11,Winter,0,4
2025-11-27,P004,Cooking Oil,Grocery,11,116.56,23,Thursday,11,Winter,0,6
2025-11-27,P005,Milk,Dairy,23,39.43,118,Thursday,11,Winter,0,2
2025-11-27,P006,Bread,Bakery,24,34.07,107,Thursday,11,Winter,0,2
2025-11-27,P007,Eggs,Dairy,35,6.85,149,Thursday,11,Winter,0,2
2025-11-27,P008,Biscuits,Snacks,24,30.08,110,Thursday,11,Winter,0,4
2025-11-27,P009,Soap,Personal Care,11,34.24,85,Thursday,11,Winter,0,7
2025-11-27,P010,Shampoo,Personal Care,6,116.3,51,Thursday,11,Winter,0,7
2025-11-28,P001,Rice,Grocery,16,60.96,94,Friday,11,Winter,0,5
2025-11-28,P002,Wheat,Grocery,19,43.32,90,Friday,11,Winter,0,5
2025-11-28,P003,Sugar,Grocery,19,49.15,114,Friday,11,Winter,0,4
2025-11-28,P004,Cooking Oil,Grocery,13,122.84,36,Friday,11,Winter,0,6
2025-11-28,P005,Milk,Dairy,37,41.69,170,Friday,11,Winter,0,2
2025-11-28,P006,Bread,Bakery,28,34.01,104,Friday,11,Winter,0,2
2025-11-28,P007,Eggs,Dairy,45,6.8,152,Friday,11,Winter,0,2
2025-11-28,P008,Biscuits,Snacks,24,28.63,120,Friday,11,Winter,0,4
2025-11-28,P009,Soap,Personal Care,5,36.15,33,Friday,11,Winter,0,7
2025-11-28,P010,Shampoo,Personal Care,7,115.46,58,Friday,11,Winter,0,7
2025-11-29,P001,Rice,Grocery,30,62.51,111,Saturday,11,Winter,0,5
2025-11-29,P002,Wheat,Grocery,15,45.97,91,Saturday,11,Winter,0,5
2025-11-29,P003,Sugar,Grocery,21,49.31,77,Saturday,11,Winter,0,4
2025-11-29,P004,Cooking Oil,Grocery,15,117.9,95,Saturday,11,Winter,0,6
2025-11-29,P005,Milk,Dairy,48,38.59,134,Saturday,11,Winter,0,2
2025-11-29,P006,Bread,Bakery,38,35.32,129,Saturday,11,Winter,0,2
2025-11-29,P007,Eggs,Dairy,54,7.17,62,Saturday,11,Winter,0,2
2025-11-29,P008,Biscuits,Snacks,31,30.61,159,Saturday,11,Winter,0,4
2025-11-29,P009,Soap,Personal Care,11,35.42,51,Saturday,11,Winter,0,7
2025-11-29,P010,Shampoo,Personal Care,8,114.01,65,Saturday,11,Winter,0,7
2025-11-30,P001,Rice,Grocery,26,62.48,108,Sunday,11,Winter,0,5
2025-11-30,P002,Wheat,Grocery,20,46.89,92,Sunday,11,Winter,0,5
2025-11-30,P003,Sugar,Grocery,26,48.31,38,Sunday,11,Winter,0,4
2025-11-30,P004,Cooking Oil,Grocery,15,118.19,57,Sunday,11,Winter,0,6
2025-11-30,P005,Milk,Dairy,39,40.68,142,Sunday,11,Winter,0,2
2025-11-30,P006,Bread,Bakery,40,34.88,184,Sunday,11,Winter,0,2
2025-11-30,P007,Eggs,Dairy,46,6.93,219,Sunday,11,Winter,0,2
2025-11-30,P008,Biscuits,Snacks,23,28.95,73,Sunday,11,Winter,0,4
2025-11-30,P009,Soap,Personal Care,9,34.87,36,Sunday,11,Winter,0,7
2025-11-30,P010,Shampoo,Personal Care,9,125.29,65,Sunday,11,Winter,0,7
2025-12-01,P001,Rice,Grocery,26,57.94,124,Monday,12,Winter,0,5
2025-12-01,P002,Wheat,Grocery,18,43.01,104,Monday,12,Winter,0,5
2025-12-01,P003,Sugar,Grocery,21,50.26,105,Monday,12,Winter,0,4
2025-12-01,P004,Cooking Oil,Grocery,12,119.29,59,Monday,12,Winter,0,6
2025-12-01,P005,Milk,Dairy,32,41.71,44,Monday,12,Winter,0,2
2025-12-01,P006,Bread,Bakery,24,36.65,45,Monday,12,Winter,0,2
2025-12-01,P007,Eggs,Dairy,25,7.13,99,Monday,12,Winter,0,2
2025-12-01,P008,Biscuits,Snacks,24,30.52,68,Monday,12,Winter,0,4
2025-12-01,P009,Soap,Personal Care,11,35.52,62,Monday,12,Winter,0,7
2025-12-01,P010,Shampoo,Personal Care,6,125.76,83,Monday,12,Winter,0,7
2025-12-02,P001,Rice,Grocery,15,60.14,79,Tuesday,12,Winter,0,5
2025-12-02,P002,Wheat,Grocery,19,45.21,34,Tuesday,12,Winter,0,5
2025-12-02,P003,Sugar,Grocery,17,49.83,98,Tuesday,12,Winter,0,4
2025-12-02,P004,Cooking Oil,Grocery,14,123.38,52,Tuesday,12,Winter,0,6
2025-12-02,P005,Milk,Dairy,35,40.54,66,Tuesday,12,Winter,0,2
2025-12-02,P006,Bread,Bakery,32,33.43,158,Tuesday,12,Winter,0,2
2025-12-02,P007,Eggs,Dairy,48,6.74,170,Tuesday,12,Winter,0,2
2025-12-02,P008,Biscuits,Snacks,18,29.84,65,Tuesday,12,Winter,0,4
2025-12-02,P009,Soap,Personal Care,9,34.97,26,Tuesday,12,Winter,0,7
2025-12-02,P010,Shampoo,Personal Care,5,115.43,27,Tuesday,12,Winter,0,7
2025-12-03,P001,Rice,Grocery,30,60.21,140,Wednesday,12,Winter,0,5
2025-12-03,P002,Wheat,Grocery,19,46.5,56,Wednesday,12,Winter,0,5
2025-12-03,P003,Sugar,Grocery,19,49.16,56,Wednesday,12,Winter,0,4
2025-12-03,P004,Cooking Oil,Grocery,12,123.78,32,Wednesday,12,Winter,0,6
2025-12-03,P005,Milk,Dairy,36,41.39,113,Wednesday,12,Winter,0,2
2025-12-03,P006,Bread,Bakery,25,34.62,43,Wednesday,12,Winter,0,2
2025-12-03,P007,Eggs,Dairy,48,6.78,110,Wednesday,12,Winter,0,2
2025-12-03,P008,Biscuits,Snacks,15,30.75,66,Wednesday,12,Winter,0,4
2025-12-03,P009,Soap,Personal Care,10,34.84,67,Wednesday,12,Winter,0,7
2025-12-03,P010,Shampoo,Personal Care,6,117.65,52,Wednesday,12,Winter,0,7
2025-12-04,P001,Rice,Grocery,27,60.35,69,Thursday,12,Winter,0,5
2025-12-04,P002,Wheat,Grocery,16,47.11,79,Thursday,12,Winter,0,5
2025-12-04,P003,Sugar,Grocery,23,50.59,77,Thursday,12,Winter,0,4
2025-12-04,P004,Cooking Oil,Grocery,15,124.9,29,Thursday,12,Winter,0,6
2025-12-04,P005,Milk,Dairy,29,38.43,163,Thursday,12,Winter,0,2
2025-12-04,P006,Bread,Bakery,27,36.65,102,Thursday,12,Winter,0,2
2025-12-04,P007,Eggs,Dairy,47,6.76,273,Thursday,12,Winter,0,2
2025-12-04,P008,Biscuits,Snacks,29,30.0,91,Thursday,12,Winter,0,4
2025-12-04,P009,Soap,Personal Care,11,35.12,63,Thursday,12,Winter,0,7
2025-12-04,P010,Shampoo,Personal Care,6,114.72,88,Thursday,12,Winter,0,7
2025-12-05,P001,Rice,Grocery,18,58.11,74,Friday,12,Winter,0,5
2025-12-05,P002,Wheat,Grocery,17,47.05,92,Friday,12,Winter,0,5
2025-12-05,P003,Sugar,Grocery,19,48.61,55,Friday,12,Winter,0,4
2025-12-05,P004,Cooking Oil,Grocery,10,125.72,73,Friday,12,Winter,0,6
2025-12-05,P005,Milk,Dairy,41,40.21,222,Friday,12,Winter,0,2
2025-12-05,P006,Bread,Bakery,30,36.04,99,Friday,12,Winter,0,2
2025-12-05,P007,Eggs,Dairy,49,6.8,88,Friday,12,Winter,0,2
2025-12-05,P008,Biscuits,Snacks,21,30.96,42,Friday,12,Winter,0,4
2025-12-05,P009,Soap,Personal Care,8,34.29,29,Friday,12,Winter,0,7
2025-12-05,P010,Shampoo,Personal Care,6,119.4,22,Friday,12,Winter,0,7
2025-12-06,P001,Rice,Grocery,30,61.91,76,Saturday,12,Winter,0,5
2025-12-06,P002,Wheat,Grocery,19,46.54,30,Saturday,12,Winter,0,5
2025-12-06,P003,Sugar,Grocery,22,52.39,43,Saturday,12,Winter,0,4
2025-12-06,P004,Cooking Oil,Grocery,13,121.11,95,Saturday,12,Winter,0,6
2025-12-06,P005,Milk,Dairy,37,40.45,107,Saturday,12,Winter,0,2
2025-12-06,P006,Bread,Bakery,38,36.43,75,Saturday,12,Winter,0,2
2025-12-06,P007,Eggs,Dairy,53,6.79,165,Saturday,12,Winter,0,2
2025-12-06,P008,Biscuits,Snacks,22,29.77,79,Saturday,12,Winter,0,4
2025-12-06,P009,Soap,Personal Care,11,36.29,37,Saturday,12,Winter,0,7
2025-12-06,P010,Shampoo,Personal Care,10,122.09,28,Saturday,12,Winter,0,7
2025-12-07,P001,Rice,Grocery,32,62.98,89,Sunday,12,Winter,0,5
2025-12-07,P002,Wheat,Grocery,24,43.39,86,Sunday,12,Winter,0,5
2025-12-07,P003,Sugar,Grocery,27,48.77,128,Sunday,12,Winter,0,4
2025-12-07,P004,Cooking Oil,Grocery,11,118.95,95,Sunday,12,Winter,0,6
2025-12-07,P005,Milk,Dairy,29,40.01,47,Sunday,12,Winter,0,2
2025-12-07,P006,Bread,Bakery,34,34.19,139,Sunday,12,Winter,0,2
2025-12-07,P007,Eggs,Dairy,56,7.07,151,Sunday,12,Winter,0,2
2025-12-07,P008,Biscuits,Snacks,23,30.9,60,Sunday,12,Winter,0,4
2025-12-07,P009,Soap,Personal Care,10,33.32,64,Sunday,12,Winter,0,7
2025-12-07,P010,Shampoo,Personal Care,8,116.06,66,Sunday,12,Winter,0,7
2025-12-08,P001,Rice,Grocery,29,59.87,113,Monday,12,Winter,0,5
2025-12-08,P002,Wheat,Grocery,16,46.48,20,Monday,12,Winter,0,5
2025-12-08,P003,Sugar,Grocery,15,48.46,25,Monday,12,Winter,0,4
2025-12-08,P004,Cooking Oil,Grocery,11,125.4,66,Monday,12,Winter,0,6
2025-12-08,P005,Milk,Dairy,45,38.44,227,Monday,12,Winter,0,2
2025-12-08,P006,Bread,Bakery,25,34.96,125,Monday,12,Winter,0,2
2025-12-08,P007,Eggs,Dairy,46,7.09,104,Monday,12,Winter,0,2
2025-12-08,P008,Biscuits,Snacks,23,29.08,43,Monday,12,Winter,0,4
2025-12-08,P009,Soap,Personal Care,9,35.59,57,Monday,12,Winter,0,7
2025-12-08,P010,Shampoo,Personal Care,9,122.46,66,Monday,12,Winter,0,7
2025-12-09,P001,Rice,Grocery,36,58.63,205,Tuesday,12,Winter,0,5
2025-12-09,P002,Wheat,Grocery,19,44.56,60,Tuesday,12,Winter,0,5
2025-12-09,P003,Sugar,Grocery,12,51.41,25,Tuesday,12,Winter,0,4
2025-12-09,P004,Cooking Oil,Grocery,13,120.58,32,Tuesday,12,Winter,0,6
2025-12-09,P005,Milk,Dairy,36,40.47,213,Tuesday,12,Winter,0,2
2025-12-09,P006,Bread,Bakery,34,35.35,127,Tuesday,12,Winter,0,2
2025-12-09,P007,Eggs,Dairy,58,7.04,127,Tuesday,12,Winter,0,2
2025-12-09,P008,Biscuits,Snacks,19,29.1,88,Tuesday,12,Winter,0,4
2025-12-09,P009,Soap,Personal Care,9,34.36,92,Tuesday,12,Winter,0,7
2025-12-09,P010,Shampoo,Personal Care,8,123.07,86,Tuesday,12,Winter,0,7
2025-12-10,P001,Rice,Grocery,23,59.47,108,Wednesday,12,Winter,0,5
2025-12-10,P002,Wheat,Grocery,12,44.83,27,Wednesday,12,Winter,0,5
2025-12-10,P003,Sugar,Grocery,20,49.5,46,Wednesday,12,Winter,0,4
2025-12-10,P004,Cooking Oil,Grocery,12,124.97,27,Wednesday,12,Winter,0,6
2025-12-10,P005,Milk,Dairy,31,41.09,181,Wednesday,12,Winter,0,2
2025-12-10,P006,Bread,Bakery,20,34.87,26,Wednesday,12,Winter,0,2
2025-12-10,P007,Eggs,Dairy,43,6.75,128,Wednesday,12,Winter,0,2
2025-12-10,P008,Biscuits,Snacks,23,29.16,115,Wednesday,12,Winter,0,4
2025-12-10,P009,Soap,Personal Care,10,33.83,20,Wednesday,12,Winter,0,7
2025-12-10,P010,Shampoo,Personal Care,4,114.46,42,Wednesday,12,Winter,0,7
2025-12-11,P001,Rice,Grocery,25,57.12,77,Thursday,12,Winter,0,5
2025-12-11,P002,Wheat,Grocery,18,43.15,31,Thursday,12,Winter,0,5
2025-12-11,P003,Sugar,Grocery,21,48.3,85,Thursday,12,Winter,0,4
2025-12-11,P004,Cooking Oil,Grocery,10,120.66,70,Thursday,12,Winter,0,6
2025-12-11,P005,Milk,Dairy,38,41.94,48,Thursday,12,Winter,0,2
2025-12-11,P006,Bread,Bakery,30,35.38,109,Thursday,12,Winter,0,2
2025-12-11,P007,Eggs,Dairy,52,6.93,186,Thursday,12,Winter,0,2
2025-12-11,P008,Biscuits,Snacks,22,30.57,42,Thursday,12,Winter,0,4
2025-12-11,P009,Soap,Personal Care,11,34.18,38,Thursday,12,Winter,0,7
2025-12-11,P010,Shampoo,Personal Care,8,114.06,68,Thursday,12,Winter,0,7
2025-12-12,P001,Rice,Grocery,24,59.14,128,Friday,12,Winter,0,5
2025-12-12,P002,Wheat,Grocery,16,45.17,69,Friday,12,Winter,0,5
2025-12-12,P003,Sugar,Grocery,18,47.81,64,Friday,12,Winter,0,4
2025-12-12,P004,Cooking Oil,Grocery,12,124.4,96,Friday,12,Winter,0,6
2025-12-12,P005,Milk,Dairy,33,40.8,55,Friday,12,Winter,0,2
2025-12-12,P006,Bread,Bakery,29,34.77,48,Friday,12,Winter,0,2
2025-12-12,P007,Eggs,Dairy,39,6.74,97,Friday,12,Winter,0,2
2025-12-12,P008,Biscuits,Snacks,21,31.27,114,Friday,12,Winter,0,4
2025-12-12,P009,Soap,Personal Care,8,35.57,37,Friday,12,Winter,0,7
2025-12-12,P010,Shampoo,Personal Care,8,116.79,50,Friday,12,Winter,0,7
2025-12-13,P001,Rice,Grocery,32,58.42,119,Saturday,12,Winter,0,5
2025-12-13,P002,Wheat,Grocery,24,43.0,113,Saturday,12,Winter,0,5
2025-12-13,P003,Sugar,Grocery,18,51.8,86,Saturday,12,Winter,0,4
2025-12-13,P004,Cooking Oil,Grocery,18,115.6,79,Saturday,12,Winter,0,6
2025-12-13,P005,Milk,Dairy,34,41.94,115,Saturday,12,Winter,0,2
2025-12-13,P006,Bread,Bakery,51,35.78,75,Saturday,12,Winter,0,2
2025-12-13,P007,Eggs,Dairy,35,6.65,207,Saturday,12,Winter,0,2
2025-12-13,P008,Biscuits,Snacks,26,29.64,118,Saturday,12,Winter,0,4
2025-12-13,P009,Soap,Personal Care,10,34.43,51,Saturday,12,Winter,0,7
2025-12-13,P010,Shampoo,Personal Care,9,122.1,77,Saturday,12,Winter,0,7
2025-12-14,P001,Rice,Grocery,26,60.9,84,Sunday,12,Winter,0,5
2025-12-14,P002,Wheat,Grocery,24,44.59,30,Sunday,12,Winter,0,5
2025-12-14,P003,Sugar,Grocery,20,52.35,98,Sunday,12,Winter,0,4
2025-12-14,P004,Cooking Oil,Grocery,14,121.74,82,Sunday,12,Winter,0,6
2025-12-14,P005,Milk,Dairy,47,38.01,262,Sunday,12,Winter,0,2
2025-12-14,P006,Bread,Bakery,38,35.93,205,Sunday,12,Winter,0,2
2025-12-14,P007,Eggs,Dairy,52,6.88,282,Sunday,12,Winter,0,2
2025-12-14,P008,Biscuits,Snacks,18,31.25,30,Sunday,12,Winter,0,4
2025-12-14,P009,Soap,Personal Care,11,36.58,79,Sunday,12,Winter,0,7
2025-12-14,P010,Shampoo,Personal Care,8,118.13,74,Sunday,12,Winter,0,7
2025-12-15,P001,Rice,Grocery,30,62.47,78,Monday,12,Winter,0,5
2025-12-15,P002,Wheat,Grocery,16,45.53,67,Monday,12,Winter,0,5
2025-12-15,P003,Sugar,Grocery,21,52.22,44,Monday,12,Winter,0,4
2025-12-15,P004,Cooking Oil,Grocery,10,116.38,82,Monday,12,Winter,0,6
2025-12-15,P005,Milk,Dairy,42,41.08,193,Monday,12,Winter,0,2
2025-12-15,P006,Bread,Bakery,25,34.47,103,Monday,12,Winter,0,2
2025-12-15,P007,Eggs,Dairy,38,6.7,64,Monday,12,Winter,0,2
2025-12-15,P008,Biscuits,Snacks,24,30.02,77,Monday,12,Winter,0,4
2025-12-15,P009,Soap,Personal Care,10,36.67,29,Monday,12,Winter,0,7
2025-12-15,P010,Shampoo,Personal Care,7,122.02,69,Monday,12,Winter,0,7
2025-12-16,P001,Rice,Grocery,17,59.68,52,Tuesday,12,Winter,0,5
2025-12-16,P002,Wheat,Grocery,18,44.09,94,Tuesday,12,Winter,0,5
2025-12-16,P003,Sugar,Grocery,18,49.31,99,Tuesday,12,Winter,0,4
2025-12-16,P004,Cooking Oil,Grocery,11,125.56,69,Tuesday,12,Winter,0,6
2025-12-16,P005,Milk,Dairy,33,38.31,37,Tuesday,12,Winter,0,2
2025-12-16,P006,Bread,Bakery,29,35.1,167,Tuesday,12,Winter,0,2
2025-12-16,P007,Eggs,Dairy,41,6.96,60,Tuesday,12,Winter,0,2
2025-12-16,P008,Biscuits,Snacks,23,30.63,27,Tuesday,12,Winter,0,4
2025-12-16,P009,Soap,Personal Care,7,34.74,24,Tuesday,12,Winter,0,7
2025-12-16,P010,Shampoo,Personal Care,8,122.65,54,Tuesday,12,Winter,0,7
2025-12-17,P001,Rice,Grocery,29,62.67,84,Wednesday,12,Winter,0,5
2025-12-17,P002,Wheat,Grocery,22,45.57,31,Wednesday,12,Winter,0,5
2025-12-17,P003,Sugar,Grocery,18,52.03,97,Wednesday,12,Winter,0,4
2025-12-17,P004,Cooking Oil,Grocery,10,116.5,74,Wednesday,12,Winter,0,6
2025-12-17,P005,Milk,Dairy,46,38.68,80,Wednesday,12,Winter,0,2
2025-12-17,P006,Bread,Bakery,25,35.97,51,Wednesday,12,Winter,0,2
2025-12-17,P007,Eggs,Dairy,48,7.16,266,Wednesday,12,Winter,0,2
2025-12-17,P008,Biscuits,Snacks,18,30.91,99,Wednesday,12,Winter,0,4
2025-12-17,P009,Soap,Personal Care,8,36.68,34,Wednesday,12,Winter,0,7
2025-12-17,P010,Shampoo,Personal Care,6,118.13,93,Wednesday,12,Winter,0,7
2025-12-18,P001,Rice,Grocery,22,57.71,103,Thursday,12,Winter,0,5
2025-12-18,P002,Wheat,Grocery,17,45.13,88,Thursday,12,Winter,0,5
2025-12-18,P003,Sugar,Grocery,21,52.05,41,Thursday,12,Winter,0,4
2025-12-18,P004,Cooking Oil,Grocery,12,118.58,76,Thursday,12,Winter,0,6
2025-12-18,P005,Milk,Dairy,35,40.98,156,Thursday,12,Winter,0,2
2025-12-18,P006,Bread,Bakery,28,33.56,81,Thursday,12,Winter,0,2
2025-12-18,P007,Eggs,Dairy,54,7.35,135,Thursday,12,Winter,0,2
2025-12-18,P008,Biscuits,Snacks,21,30.33,65,Thursday,12,Winter,0,4
2025-12-18,P009,Soap,Personal Care,9,35.09,61,Thursday,12,Winter,0,7
2025-12-18,P010,Shampoo,Personal Care,6,120.17,42,Thursday,12,Winter,0,7
2025-12-19,P001,Rice,Grocery,23,62.37,48,Friday,12,Winter,0,5
2025-12-19,P002,Wheat,Grocery,18,43.3,84,Friday,12,Winter,0,5
2025-12-19,P003,Sugar,Grocery,18,50.63,99,Friday,12,Winter,0,4
2025-12-19,P004,Cooking Oil,Grocery,10,120.16,66,Friday,12,Winter,0,6
2025-12-19,P005,Milk,Dairy,38,39.15,154,Friday,12,Winter,0,2
2025-12-19,P006,Bread,Bakery,27,35.17,97,Friday,12,Winter,0,2
2025-12-19,P007,Eggs,Dairy,44,6.66,154,Friday,12,Winter,0,2
2025-12-19,P008,Biscuits,Snacks,21,29.18,98,Friday,12,Winter,0,4
2025-12-19,P009,Soap,Personal Care,9,34.3,33,Friday,12,Winter,0,7
2025-12-19,P010,Shampoo,Personal Care,6,115.93,62,Friday,12,Winter,0,7
2025-12-20,P001,Rice,Grocery,28,60.59,104,Saturday,12,Winter,0,5
2025-12-20,P002,Wheat,Grocery,18,43.98,30,Saturday,12,Winter,0,5
2025-12-20,P003,Sugar,Grocery,22,52.42,48,Saturday,12,Winter,0,4
2025-12-20,P004,Cooking Oil,Grocery,11,121.37,89,Saturday,12,Winter,0,6
2025-12-20,P005,Milk,Dairy,42,39.93,224,Saturday,12,Winter,0,2
2025-12-20,P006,Bread,Bakery,32,35.95,64,Saturday,12,Winter,0,2
2025-12-20,P007,Eggs,Dairy,48,6.75,193,Saturday,12,Winter,0,2
2025-12-20,P008,Biscuits,Snacks,27,30.23,110,Saturday,12,Winter,0,4
2025-12-20,P009,Soap,Personal Care,11,33.93,67,Saturday,12,Winter,0,7
2025-12-20,P010,Shampoo,Personal Care,7,123.08,58,Saturday,12,Winter,0,7
2025-12-21,P001,Rice,Grocery,29,62.43,40,Sunday,12,Winter,0,5
2025-12-21,P002,Wheat,Grocery,21,44.79,89,Sunday,12,Winter,0,5
2025-12-21,P003,Sugar,Grocery,20,52.02,68,Sunday,12,Winter,0,4
2025-12-21,P004,Cooking Oil,Grocery,11,125.82,24,Sunday,12,Winter,0,6
2025-12-21,P005,Milk,Dairy,39,41.49,146,Sunday,12,Winter,0,2
2025-12-21,P006,Bread,Bakery,28,34.42,63,Sunday,12,Winter,0,2
2025-12-21,P007,Eggs,Dairy,54,7.21,163,Sunday,12,Winter,0,2
2025-12-21,P008,Biscuits,Snacks,20,31.0,62,Sunday,12,Winter,0,4
2025-12-21,P009,Soap,Personal Care,10,36.44,82,Sunday,12,Winter,0,7
2025-12-21,P010,Shampoo,Personal Care,8,119.06,36,Sunday,12,Winter,0,7
2025-12-22,P001,Rice,Grocery,24,59.37,42,Monday,12,Winter,0,5
2025-12-22,P002,Wheat,Grocery,18,46.48,79,Monday,12,Winter,0,5
2025-12-22,P003,Sugar,Grocery,20,52.11,79,Monday,12,Winter,0,4
2025-12-22,P004,Cooking Oil,Grocery,11,121.19,79,Monday,12,Winter,0,6
2025-12-22,P005,Milk,Dairy,30,41.5,72,Monday,12,Winter,0,2
2025-12-22,P006,Bread,Bakery,26,35.26,64,Monday,12,Winter,0,2
2025-12-22,P007,Eggs,Dairy,42,7.14,212,Monday,12,Winter,0,2
2025-12-22,P008,Biscuits,Snacks,20,30.73,41,Monday,12,Winter,0,4
2025-12-22,P009,Soap,Personal Care,10,33.9,79,Monday,12,Winter,0,7
2025-12-22,P010,Shampoo,Personal Care,8,117.64,98,Monday,12,Winter,0,7
2025-12-23,P001,Rice,Grocery,29,59.82,125,Tuesday,12,Winter,0,5
2025-12-23,P002,Wheat,Grocery,14,44.31,72,Tuesday,12,Winter,0,5
2025-12-23,P003,Sugar,Grocery,21,49.37,122,Tuesday,12,Winter,0,4
2025-12-23,P004,Cooking Oil,Grocery,11,114.45,54,Tuesday,12,Winter,0,6
2025-12-23,P005,Milk,Dairy,36,41.51,130,Tuesday,12,Winter,0,2
2025-12-23,P006,Bread,Bakery,34,34.74,99,Tuesday,12,Winter,0,2
2025-12-23,P007,Eggs,Dairy,29,6.67,90,Tuesday,12,Winter,0,2
2025-12-23,P008,Biscuits,Snacks,16,29.18,41,Tuesday,12,Winter,0,4
2025-12-23,P009,Soap,Personal Care,10,35.29,30,Tuesday,12,Winter,0,7
2025-12-23,P010,Shampoo,Personal Care,8,117.76,68,Tuesday,12,Winter,0,7
2025-12-24,P001,Rice,Grocery,23,59.37,82,Wednesday,12,Winter,0,5
2025-12-24,P002,Wheat,Grocery,16,45.16,43,Wednesday,12,Winter,0,5
2025-12-24,P003,Sugar,Grocery,19,48.84,47,Wednesday,12,Winter,0,4
2025-12-24,P004,Cooking Oil,Grocery,10,115.81,65,Wednesday,12,Winter,0,6
2025-12-24,P005,Milk,Dairy,32,41.53,126,Wednesday,12,Winter,0,2
2025-12-24,P006,Bread,Bakery,27,35.5,122,Wednesday,12,Winter,0,2
2025-12-24,P007,Eggs,Dairy,30,6.72,179,Wednesday,12,Winter,0,2
2025-12-24,P008,Biscuits,Snacks,15,31.38,27,Wednesday,12,Winter,0,4
2025-12-24,P009,Soap,Personal Care,11,35.53,44,Wednesday,12,Winter,0,7
2025-12-24,P010,Shampoo,Personal Care,7,118.13,78,Wednesday,12,Winter,0,7
2025-12-25,P001,Rice,Grocery,31,58.13,37,Thursday,12,Winter,1,5
2025-12-25,P002,Wheat,Grocery,23,46.26,66,Thursday,12,Winter,1,5
2025-12-25,P003,Sugar,Grocery,28,49.46,51,Thursday,12,Winter,1,4
2025-12-25,P004,Cooking Oil,Grocery,18,125.99,40,Thursday,12,Winter,1,6
2025-12-25,P005,Milk,Dairy,45,40.04,61,Thursday,12,Winter,1,2
2025-12-25,P006,Bread,Bakery,35,35.35,145,Thursday,12,Winter,1,2
2025-12-25,P007,Eggs,Dairy,40,6.77,62,Thursday,12,Winter,1,2
2025-12-25,P008,Biscuits,Snacks,28,30.38,70,Thursday,12,Winter,1,4
2025-12-25,P009,Soap,Personal Care,14,35.99,47,Thursday,12,Winter,1,7
2025-12-25,P010,Shampoo,Personal Care,9,114.51,53,Thursday,12,Winter,1,7
2025-12-26,P001,Rice,Grocery,28,58.4,66,Friday,12,Winter,0,5
2025-12-26,P002,Wheat,Grocery,19,45.47,105,Friday,12,Winter,0,5
2025-12-26,P003,Sugar,Grocery,14,47.81,63,Friday,12,Winter,0,4
2025-12-26,P004,Cooking Oil,Grocery,10,123.66,56,Friday,12,Winter,0,6
2025-12-26,P005,Milk,Dairy,28,41.2,121,Friday,12,Winter,0,2
2025-12-26,P006,Bread,Bakery,33,36.1,175,Friday,12,Winter,0,2
2025-12-26,P007,Eggs,Dairy,51,6.68,177,Friday,12,Winter,0,2
2025-12-26,P008,Biscuits,Snacks,21,29.88,90,Friday,12,Winter,0,4
2025-12-26,P009,Soap,Personal Care,10,35.54,49,Friday,12,Winter,0,7
2025-12-26,P010,Shampoo,Personal Care,6,125.9,86,Friday,12,Winter,0,7
2025-12-27,P001,Rice,Grocery,25,59.92,83,Saturday,12,Winter,0,5
2025-12-27,P002,Wheat,Grocery,17,45.04,97,Saturday,12,Winter,0,5
2025-12-27,P003,Sugar,Grocery,17,48.0,37,Saturday,12,Winter,0,4
2025-12-27,P004,Cooking Oil,Grocery,10,114.95,30,Saturday,12,Winter,0,6
2025-12-27,P005,Milk,Dairy,41,41.25,217,Saturday,12,Winter,0,2
2025-12-27,P006,Bread,Bakery,40,35.34,219,Saturday,12,Winter,0,2
2025-12-27,P007,Eggs,Dairy,45,6.84,263,Saturday,12,Winter,0,2
2025-12-27,P008,Biscuits,Snacks,27,28.65,52,Saturday,12,Winter,0,4
2025-12-27,P009,Soap,Personal Care,15,34.83,23,Saturday,12,Winter,0,7
2025-12-27,P010,Shampoo,Personal Care,8,125.25,87,Saturday,12,Winter,0,7
2025-12-28,P001,Rice,Grocery,32,61.8,49,Sunday,12,Winter,0,5
2025-12-28,P002,Wheat,Grocery,24,46.53,44,Sunday,12,Winter,0,5
2025-12-28,P003,Sugar,Grocery,19,48.0,94,Sunday,12,Winter,0,4
2025-12-28,P004,Cooking Oil,Grocery,15,123.02,48,Sunday,12,Winter,0,6
2025-12-28,P005,Milk,Dairy,52,39.58,279,Sunday,12,Winter,0,2
2025-12-28,P006,Bread,Bakery,28,34.12,105,Sunday,12,Winter,0,2
2025-12-28,P007,Eggs,Dairy,54,6.93,304,Sunday,12,Winter,0,2
2025-12-28,P008,Biscuits,Snacks,23,30.56,69,Sunday,12,Winter,0,4
2025-12-28,P009,Soap,Personal Care,8,33.54,36,Sunday,12,Winter,0,7
2025-12-28,P010,Shampoo,Personal Care,8,124.77,92,Sunday,12,Winter,0,7
2025-12-29,P001,Rice,Grocery,27,60.71,92,Monday,12,Winter,0,5
2025-12-29,P002,Wheat,Grocery,14,44.32,31,Monday,12,Winter,0,5
2025-12-29,P003,Sugar,Grocery,17,49.39,88,Monday,12,Winter,0,4
2025-12-29,P004,Cooking Oil,Grocery,8,115.21,80,Monday,12,Winter,0,6
2025-12-29,P005,Milk,Dairy,37,41.1,209,Monday,12,Winter,0,2
2025-12-29,P006,Bread,Bakery,31,34.34,131,Monday,12,Winter,0,2
2025-12-29,P007,Eggs,Dairy,46,7.25,224,Monday,12,Winter,0,2
2025-12-29,P008,Biscuits,Snacks,20,29.2,59,Monday,12,Winter,0,4
2025-12-29,P009,Soap,Personal Care,10,35.28,27,Monday,12,Winter,0,7
2025-12-29,P010,Shampoo,Personal Care,8,116.91,44,Monday,12,Winter,0,7
2025-12-30,P001,Rice,Grocery,25,62.03,30,Tuesday,12,Winter,0,5
2025-12-30,P002,Wheat,Grocery,15,43.04,59,Tuesday,12,Winter,0,5
2025-12-30,P003,Sugar,Grocery,16,51.64,51,Tuesday,12,Winter,0,4
2025-12-30,P004,Cooking Oil,Grocery,12,118.57,98,Tuesday,12,Winter,0,6
2025-12-30,P005,Milk,Dairy,35,41.63,44,Tuesday,12,Winter,0,2
2025-12-30,P006,Bread,Bakery,35,33.29,112,Tuesday,12,Winter,0,2
2025-12-30,P007,Eggs,Dairy,49,7.25,225,Tuesday,12,Winter,0,2
2025-12-30,P008,Biscuits,Snacks,23,30.4,134,Tuesday,12,Winter,0,4
2025-12-30,P009,Soap,Personal Care,12,35.27,45,Tuesday,12,Winter,0,7
2025-12-30,P010,Shampoo,Personal Care,7,118.97,91,Tuesday,12,Winter,0,7
2025-12-31,P001,Rice,Grocery,25,59.06,75,Wednesday,12,Winter,0,5
2025-12-31,P002,Wheat,Grocery,21,46.55,29,Wednesday,12,Winter,0,5
2025-12-31,P003,Sugar,Grocery,18,49.17,72,Wednesday,12,Winter,0,4
2025-12-31,P004,Cooking Oil,Grocery,11,116.57,82,Wednesday,12,Winter,0,6
2025-12-31,P005,Milk,Dairy,37,41.08,94,Wednesday,12,Winter,0,2
2025-12-31,P006,Bread,Bakery,21,35.71,80,Wednesday,12,Winter,0,2
2025-12-31,P007,Eggs,Dairy,52,7.34,138,Wednesday,12,Winter,0,2
2025-12-31,P008,Biscuits,Snacks,25,30.58,90,Wednesday,12,Winter,0,4
2025-12-31,P009,Soap,Personal Care,9,35.1,54,Wednesday,12,Winter,0,7
2025-12-31,P010,Shampoo,Personal Care,7,124.32,87,Wednesday,12,Winter,0,7
